<?xml version="1.0" encoding="utf-8"?>
<COLLADA xmlns="http://www.collada.org/2005/11/COLLADASchema" version="1.4.1" xmlns:xsi="http://www.w3.org/2001/XMLSchema-instance">
  <asset>
    <contributor>
      <author>Blender User</author>
      <authoring_tool>Blender 4.5.6 LTS commit date:2026-01-19, commit time:19:36, hash:a78963ed6435</authoring_tool>
    </contributor>
    <created>2026-02-16T15:38:25</created>
    <modified>2026-02-16T15:38:25</modified>
    <unit name="meter" meter="1"/>
    <up_axis>Z_UP</up_axis>
  </asset>
  <library_effects>
    <effect id="_54_254_255-effect">
      <profile_COMMON>
        <technique sid="common">
          <lambert>
            <emission>
              <color sid="emission">0 0 0 1</color>
            </emission>
            <diffuse>
              <color sid="diffuse">0.996078 0.996078 1 1</color>
            </diffuse>
            <index_of_refraction>
              <float sid="ior">1.5</float>
            </index_of_refraction>
          </lambert>
        </technique>
      </profile_COMMON>
    </effect>
    <effect id="_91_191_191_001-effect">
      <profile_COMMON>
        <technique sid="common">
          <lambert>
            <emission>
              <color sid="emission">0 0 0 1</color>
            </emission>
            <diffuse>
              <color sid="diffuse">0.74902 0.74902 0.74902 1</color>
            </diffuse>
            <index_of_refraction>
              <float sid="ior">1.5</float>
            </index_of_refraction>
          </lambert>
        </technique>
      </profile_COMMON>
    </effect>
    <effect id="__0_0-effect">
      <profile_COMMON>
        <technique sid="common">
          <lambert>
            <emission>
              <color sid="emission">0 0 0 1</color>
            </emission>
            <diffuse>
              <color sid="diffuse">0 0 0 1</color>
            </diffuse>
            <index_of_refraction>
              <float sid="ior">1.5</float>
            </index_of_refraction>
          </lambert>
        </technique>
      </profile_COMMON>
    </effect>
  </library_effects>
  <library_images/>
  <library_materials>
    <material id="_54_254_255-material" name="254,254,255">
      <instance_effect url="#_54_254_255-effect"/>
    </material>
    <material id="_91_191_191_001-material" name="191,191,191.001">
      <instance_effect url="#_91_191_191_001-effect"/>
    </material>
    <material id="__0_0-material" name="0,0,0">
      <instance_effect url="#__0_0-effect"/>
    </material>
  </library_materials>
  <library_geometries>
    <geometry id="MPO-700_DLR_Simu_V2_4_6_MPO-700_DLR_Body_V2_4_6-mesh" name="MPO-700 DLR Simu V2.4.6_MPO-700 DLR Body V2.4.6">
      <mesh>
        <source id="MPO-700_DLR_Simu_V2_4_6_MPO-700_DLR_Body_V2_4_6-mesh-positions">
          <float_array id="MPO-700_DLR_Simu_V2_4_6_MPO-700_DLR_Body_V2_4_6-mesh-positions-array" count="3390">-250 -260 242 -250 -260 328 -250 -240 242 -250 -240 328 -250 240 242 -250 240 328 -250 260 242 -250 260 328 -248.9718 -229.9123 242 -248.9718 229.9123 242 -248.8988 -270.4361 242 -248.8988 270.4361 242 -248.5904 -228.2112 328 -248.5904 228.2112 328 -248.2963 -272.941 328 -248.2963 272.941 328 -245.9295 -220.2395 242 -245.9295 220.2395 242 -245.6435 -280.4124 242 -245.6435 280.4124 242 -244.441 -217.0871 328 -244.441 217.0871 328 -243.9233 -247.1234 328 -243.9233 -247.1234 378 -243.9233 247.1234 328 -243.9233 247.1234 378 -243.3013 -285 328 -243.3013 285 328 -243.1399 -259.5995 328 -243.1399 -259.5995 378 -243.1399 259.5995 328 -243.1399 259.5995 378 -241.8171 -234.8016 328 -241.8171 -234.8016 378 -241.8171 234.8016 328 -241.8171 234.8016 378 -240.9982 -211.3793 242 -240.9982 211.3793 242 -240.3777 -289.4896 242 -240.3777 289.4896 242 -239.5088 -271.5611 328 -239.5088 -271.5611 378 -239.5088 271.5611 328 -239.5088 271.5611 378 -237.7858 -207.255 328 -237.7858 207.255 328 -236.934 -223.2941 328 -236.934 -223.2941 378 -236.934 223.2941 328 -236.934 223.2941 378 -235.3553 -295.3554 328 -235.3553 295.3554 328 -235 -293.541 232 -235 -293.541 242 -235 -290 232 -235 -290 242 -235 -210 232 -235 -210 242 -235 -206.01 232 -235 -206.01 242 -235 206.01 232 -235 206.01 242 -235 210 232 -235 210 242 -235 290 232 -235 290 242 -235 293.541 232 -235 293.541 242 -234.858 -205.2645 232 -234.858 -205.2645 242 -234.858 205.2645 232 -234.858 205.2645 242 -234.8048 -294.9245 232 -234.8048 -294.9245 242 -234.8048 294.9245 232 -234.8048 294.9245 242 -234.5778 -204.5592 232 -234.5778 -204.5592 242 -234.5778 204.5592 232 -234.5778 204.5592 242 -234.3808 -203.6963 242 -234.3808 203.6963 242 -234.2344 -296.2 232 -234.2344 -296.2 242 -234.2344 296.2 232 -234.2344 296.2 242 -234.1694 -203.9195 232 -234.1694 -203.9195 242 -234.1694 203.9195 232 -234.1694 203.9195 242 -233.7431 -203.3813 242 -233.7431 203.3813 242 -233.6603 -285 232 -233.6603 -285 242 -233.6603 -215 232 -233.6603 -215 242 -233.6603 215 232 -233.6603 215 242 -233.6603 285 232 -233.6603 285 242 -233.3333 -297.2678 232 -233.3333 -297.2678 242 -233.3333 297.2678 232 -233.3333 297.2678 242 -233.3097 -202.8488 242 -233.3097 202.8488 242 -233.2245 -282.3673 328 -233.2245 -282.3673 378 -233.2245 282.3673 328 -233.2245 282.3673 378 -233.2167 -202.7365 232 -233.2167 202.7365 232 -232.8691 -202.3222 242 -232.8691 202.3222 242 -232.3257 -201.6917 242 -232.3257 201.6917 242 -232.2295 -201.5821 232 -232.2295 201.5821 232 -231.7721 -201.0701 242 -231.7721 201.0701 242 -231.2085 -200.4575 232 -231.2085 -200.4575 242 -231.2085 200.4575 232 -231.2085 200.4575 242 -230.9766 -200.7514 242 -230.9766 200.7514 242 -230.5359 -199.8129 242 -230.5359 199.8129 242 -230 -281.3398 232 -230 -281.3398 242 -230 -218.6603 232 -230 -218.6603 242 -230 218.6603 232 -230 218.6603 242 -230 281.3398 232 -230 281.3398 242 -229.7968 -199.2458 242 -229.7968 199.2458 242 -229.7724 -199.2292 232 -229.7724 199.2292 232 -229.5357 -213.2178 328 -229.5357 -213.2178 378 -229.5357 213.2178 328 -229.5357 213.2178 378 -229.2444 -212.8136 328 -229.2444 -212.8136 378 -229.2444 212.8136 328 -229.2444 212.8136 378 -229.0621 -212.3499 328 -229.0621 -212.3499 378 -229.0621 212.3499 328 -229.0621 212.3499 378 -229 -211.8555 328 -229 -211.8555 378 -229 -199.2692 242 -229 -199.2692 328 -229 -198.763 242 -229 -176 233 -229 -176 242 -229 -175.866 232.5 -229 -175.5 232.134 -229 -175 232 -229 -141 232 -229 -140.5 231.866 -229 -140.134 231.5 -229 -140 223 -229 -140 231 -229 -139.866 222.5 -229 -139.5 222.134 -229 -139 222 -229 139 222 -229 139.5 222.134 -229 139.866 222.5 -229 140 223 -229 140 231 -229 140.134 231.5 -229 140.5 231.866 -229 141 232 -229 175 232 -229 175.5 232.134 -229 175.866 232.5 -229 176 233 -229 176 242 -229 198.763 242 -229 199.2692 242 -229 199.2692 328 -229 211.8555 328 -229 211.8555 378 -228.1278 -198.3594 242 -228.1278 198.3594 242 -228.1003 -198.3486 232 -228.1003 198.3486 232 -227.2155 -198.0568 242 -227.2155 198.0568 242 -226.275 -197.8592 232 -226.275 -197.8592 242 -226.275 197.8592 232 -226.275 197.8592 242 -225.6236 -197.5935 232 -225.6236 -197.5935 242 -225.6236 197.5935 232 -225.6236 197.5935 242 -225.165 -197.06 232 -225.165 -197.06 242 -225.165 197.06 232 -225.165 197.06 242 -225 -303.3013 328 -225 -280 232 -225 -280 242 -225 -220 232 -225 -220 242 -225 -196.3761 232 -225 -196.3761 242 -225 -176 233 -225 -176 242 -225 -175.866 232.5 -225 -175.5 232.134 -225 -175 232 -225 -141 232 -225 -140.5 34 -225 -140.5 227.5 -225 -140.5 231.866 -225 -140.134 231.5 -225 -140 223 -225 -140 227.5 -225 -140 231 -225 -139.9641 32 -225 -139.866 222.5 -225 -139.5 222.134 -225 -139 222 -225 -138.5 30.5359 -225 -136.5 30 -225 -136.5 227.5 -225 -136.5 230.5 -225 136.5 30 -225 136.5 227.5 -225 136.5 230.5 -225 138.5 30.5359 -225 139 222 -225 139.5 222.134 -225 139.866 222.5 -225 139.9641 32 -225 140 223 -225 140 227.5 -225 140 231 -225 140.134 231.5 -225 140.5 34 -225 140.5 227.5 -225 140.5 231.866 -225 141 232 -225 175 232 -225 175.5 232.134 -225 175.866 232.5 -225 176 233 -225 176 242 -225 196.3761 232 -225 196.3761 242 -225 220 232 -225 220 242 -225 280 232 -225 280 242 -225 303.3013 328 -224.6239 -291.4389 328 -224.6239 -291.4389 378 -224.6239 291.4389 328 -224.6239 291.4389 378 -223.3761 -304.1991 232 -223.3761 304.1991 232 -214.1678 -298.2899 328 -214.1678 -298.2899 378 -214.1678 298.2899 328 -214.1678 298.2899 378 -212.941 -308.2963 328 -212.941 308.2963 328 -212.0425 -308.5281 232 -212.0425 308.5281 232 -202.4166 -302.5531 328 -202.4166 -302.5531 378 -202.4166 302.5531 328 -202.4166 302.5531 378 -200 -310 232 -200 -310 328 -200 310 232 -200 310 328 -190 -304 328 -190 -304 378 -190 -280 232 -190 -280 242 -190 -220 232 -190 -220 242 -190 220 232 -190 220 242 -190 280 232 -190 280 242 -190 304 328 -190 304 378 -180.7295 -278.5317 232 -180.7295 -278.5317 242 -180.7295 -221.4683 232 -180.7295 -221.4683 242 -180.7295 221.4683 232 -180.7295 221.4683 242 -180.7295 278.5317 232 -180.7295 278.5317 242 -174 -304 328 -174 -304 378 -174 304 328 -174 304 378 -172.3664 -274.2705 232 -172.3664 -274.2705 242 -172.3664 -225.7295 232 -172.3664 -225.7295 242 -172.3664 225.7295 232 -172.3664 225.7295 242 -172.3664 274.2705 232 -172.3664 274.2705 242 -171.7097 -304.5554 328 -171.7097 -304.5554 378 -171.7097 304.5554 328 -171.7097 304.5554 378 -169.9282 -306.0982 328 -169.9282 -306.0982 378 -169.9282 306.0982 328 -169.9282 306.0982 378 -169.0513 -308.2857 328 -169.0513 -308.2857 378 -169.0513 308.2857 328 -169.0513 308.2857 378 -168.7005 -309.1607 328 -168.7005 -309.1607 378 -168.7005 309.1607 328 -168.7005 309.1607 378 -168 -315 338.5 -168 315 338.5 -167.9879 -309.7778 328 -167.9879 -309.7778 378 -167.9879 309.7778 328 -167.9879 309.7778 378 -167.9613 -311 336.9526 -167.9613 311 336.9526 -167.0718 -310 328 -167.0718 -310 378 -167.0718 310 328 -167.0718 310 378 -166.9218 -311 346.6047 -166.9218 311 346.6047 -166.4108 -315 328.7018 -166.4108 -315 348.2982 -166.4108 315 328.7018 -166.4108 315 348.2982 -165.9646 -311 327.4523 -165.9646 311 327.4523 -165.7295 -267.6336 232 -165.7295 -267.6336 242 -165.7295 -232.3664 232 -165.7295 -232.3664 242 -165.7295 232.3664 232 -165.7295 232.3664 242 -165.7295 267.6336 232 -165.7295 267.6336 242 -162.9479 -311 355.462 -162.9479 311 355.462 -161.8061 -315 319.9082 -161.8061 -315 357.0919 -161.8061 315 319.9082 -161.8061 315 357.0919 -161.4683 -259.2705 232 -161.4683 -259.2705 242 -161.4683 -240.7295 232 -161.4683 -240.7295 242 -161.4683 240.7295 232 -161.4683 240.7295 242 -161.4683 259.2705 232 -161.4683 259.2705 242 -161.1273 -311 319.0354 -161.1273 311 319.0354 -160 -250 232 -160 -250 242 -160 250 232 -160 250 242 -157.9713 -315 272.1672 -157.9713 -311 272.1672 -157.9713 311 272.1672 -157.9713 315 272.1672 -156.8109 -315 282.0035 -156.8109 -311 282.0035 -156.8109 311 282.0035 -156.8109 315 282.0035 -156.4293 -311 362.6558 -156.4293 311 362.6558 -155.9701 -315 262.4668 -155.9701 -311 262.4668 -155.9701 311 262.4668 -155.9701 315 262.4668 -154.6581 -315 313.0208 -154.6581 -315 363.9793 -154.6581 315 313.0208 -154.6581 315 363.9793 -153.9239 -311 312.5273 -153.9239 311 312.5273 -152.6073 -315 290.9719 -152.6073 -311 290.9719 -152.6073 311 290.9719 -152.6073 315 290.9719 -151.0116 -315 253.8928 -151.0116 -311 253.8928 -151.0116 311 253.8928 -151.0116 315 253.8928 -148.0053 -311 367.4808 -148.0053 311 367.4808 -145.7897 -315 298.1566 -145.7897 -311 298.1566 -145.7897 311 298.1566 -145.7897 315 298.1566 -145.6996 -315 308.7457 -145.6996 -315 368.2543 -145.6996 315 308.7457 -145.6996 315 368.2543 -145.0608 -311 308.5664 -145.0608 311 308.5664 -143.6019 -315 247.3203 -143.6019 -311 247.3203 -143.6019 311 247.3203 -143.6019 315 247.3203 -138.502 -311 369.4636 -138.502 311 369.4636 -137.0539 -315 302.8244 -137.0539 -311 302.8244 -137.0539 311 302.8244 -137.0539 315 302.8244 -135.8491 -315 307.5214 -135.8491 -315 369.4786 -135.8491 315 307.5214 -135.8491 315 369.4786 -135.4072 -311 307.541 -135.4072 311 307.541 -134.4974 -315 243.4203 -134.4974 -311 243.4203 -134.4974 311 243.4203 -134.4974 315 243.4203 -128.8514 -311 368.4099 -128.8514 311 368.4099 -127.2919 -315 304.4986 -127.2919 -311 304.4986 -127.2919 311 304.4986 -127.2919 315 304.4986 -126.1166 -315 309.4733 -126.1166 -315 367.5267 -126.1166 315 309.4733 -126.1166 315 367.5267 -125.9098 -311 309.5516 -125.9098 311 309.5516 -124.6276 -315 242.5909 -124.6276 -311 242.5909 -124.6276 311 242.5909 -124.6276 315 242.5909 -123 -310 328 -123 -310 378 -123 310 328 -123 310 378 -121.9357 -310.1146 328 -121.9357 310.1146 328 -120.9292 -310.449 378 -120.9292 310.449 378 -120.9202 -310.4531 328 -120.9202 310.4531 328 -120 -311 328 -120 -311 364.423 -120 311 328 -120 311 364.423 -119.2303 -311.7153 378 -119.2303 311.7153 378 -118.2084 -313.5715 363.1552 -118.2084 -313.5715 378 -118.2084 313.5715 363.1552 -118.2084 313.5715 378 -117.7997 -314.3139 378 -117.7997 314.3139 378 -117.5 -315 303.0085 -117.5 -315 314.4013 -117.5 -315 362.5988 -117.5 -315 370 -117.5 -314.5938 362.5988 -117.5 -314.5938 370 -117.5 -311 303.0085 -117.5 -311 314.4013 -117.5 311 303.0085 -117.5 311 314.4013 -117.5 314.5938 362.5988 -117.5 314.5938 370 -117.5 315 303.0085 -117.5 315 314.4013 -117.5 315 362.5988 -117.5 315 370 -117.1299 -314.8159 370 -117.1299 314.8159 370 -117.1201 -314.8204 378 -117.1201 314.8204 378 -116.7209 -314.9534 370 -116.7209 314.9534 370 -116.2918 -315 370 -116.2918 -315 378 -116.2918 315 370 -116.2918 315 378 -115 -315 235 -115 -315 244.9168 -115 -311 235 -115 -311 244.9168 -115 311 235 -115 311 244.9168 -115 315 235 -115 315 244.9168 -114.5981 -315 233.5 -114.5981 -311 233.5 -114.5981 311 233.5 -114.5981 315 233.5 -113.5 -315 232.4019 -113.5 -311 232.4019 -113.5 311 232.4019 -113.5 315 232.4019 -112 -315 232 -112 -311 232 -112 311 232 -112 315 232 -86.00001 -315 328 -86.00001 -315 369 -86.00001 -311 328 -86.00001 -310 328 -86.00001 -310 369 -43 -325 257 -43 -315 257 -41.37664 -325 252.0038 -41.37664 -325 261.9962 -41.37664 -315 252.0038 -41.37664 -315 261.9962 -40.84292 -325 299.6914 -40.84292 -325 304.3087 -40.84292 -315 299.6914 -40.84292 -315 304.3087 -37.875 -325 296.1543 -37.875 -325 307.8457 -37.875 -315 296.1543 -37.875 -315 307.8457 -37.12664 -325 248.916 -37.12664 -325 265.084 -37.12664 -315 248.916 -37.12664 -315 265.084 -33.32787 -325 295.3526 -33.32787 -325 308.6475 -33.32787 -315 295.3526 -33.32787 -315 308.6475 -31.87336 -325 248.916 -31.87336 -325 265.084 -31.87336 -315 248.916 -31.87336 -315 265.084 -29.3292 -325 297.6612 -29.3292 -325 306.3388 -29.3292 -315 297.6612 -29.3292 -315 306.3388 -27.75 -325 302 -27.75 -315 302 -27.62336 -325 252.0038 -27.62336 -325 261.9962 -27.62336 -315 252.0038 -27.62336 -315 261.9962 -26 -325 257 -26 -315 257 -18 -325 257 -18 -315 257 -16.37664 -325 252.0038 -16.37664 -325 261.9962 -16.37664 -315 252.0038 -16.37664 -315 261.9962 -15.84292 -325 299.6914 -15.84292 -325 304.3087 -15.84292 -315 299.6914 -15.84292 -315 304.3087 -12.875 -325 296.1543 -12.875 -325 307.8457 -12.875 -315 296.1543 -12.875 -315 307.8457 -12.12664 -325 248.916 -12.12664 -325 265.084 -12.12664 -315 248.916 -12.12664 -315 265.084 -8.327877 -325 295.3526 -8.327877 -325 308.6475 -8.327877 -315 295.3526 -8.327877 -315 308.6475 -6.873356 -325 248.916 -6.873356 -325 265.084 -6.873356 -315 248.916 -6.873356 -315 265.084 -4.3292 -325 297.6612 -4.3292 -325 306.3388 -4.3292 -315 297.6612 -4.3292 -315 306.3388 -2.75 -325 302 -2.75 -315 302 -2.623356 -325 252.0038 -2.623356 -325 261.9962 -2.623356 -315 252.0038 -2.623356 -315 261.9962 -1 -325 257 -1 -315 257 8.415197 -325 258.0497 8.415197 -325 265.9503 8.415197 -315 258.0497 8.415197 -315 265.9503 11.62868 -325 250.8321 11.62868 -325 273.1679 11.62868 -315 250.8321 11.62868 -315 273.1679 17.5 -325 245.5455 17.5 -325 278.4545 17.5 -315 245.5455 17.5 -315 278.4545 25.01396 -325 243.1041 25.01396 -325 280.8959 25.01396 -315 243.1041 25.01396 -315 280.8959 32.87132 -325 243.9299 32.87132 -325 280.0701 32.87132 -315 243.9299 32.87132 -315 280.0701 39.71348 -325 247.8802 39.71348 -325 276.1198 39.71348 -315 247.8802 39.71348 -315 276.1198 44.35736 -325 254.272 44.35736 -325 269.728 44.35736 -315 254.272 44.35736 -315 269.728 46 -325 262 46 -315 262 69 -315 328 69 -315 369 69 -311 328 69 -310 328 69 -310 369 112 -315 232 112 -311 232 112 311 232 112 315 232 113.5 -315 232.4019 113.5 -311 232.4019 113.5 311 232.4019 113.5 315 232.4019 114.5981 -315 233.5 114.5981 -311 233.5 114.5981 311 233.5 114.5981 315 233.5 115 -315 235 115 -315 244.9168 115 -311 235 115 -311 244.9168 115 311 235 115 311 244.9168 115 315 235 115 315 244.9168 116.2918 -315 370 116.2918 -315 378 116.2918 315 370 116.2918 315 378 116.7209 -314.9534 370 116.7209 314.9534 370 117.1201 -314.8204 378 117.1201 314.8204 378 117.1299 -314.8159 370 117.1299 314.8159 370 117.5 -315 303.0085 117.5 -315 314.4013 117.5 -315 362.5988 117.5 -315 370 117.5 -314.5938 362.5988 117.5 -314.5938 370 117.5 -311 303.0085 117.5 -311 314.4013 117.5 311 303.0085 117.5 311 314.4013 117.5 314.5938 362.5988 117.5 314.5938 370 117.5 315 303.0085 117.5 315 314.4013 117.5 315 362.5988 117.5 315 370 117.7997 -314.3139 378 117.7997 314.3139 378 118.2084 -313.5715 363.1552 118.2084 -313.5715 378 118.2084 313.5715 363.1552 118.2084 313.5715 378 119.2303 -311.7153 378 119.2303 311.7153 378 120 -311 328 120 -311 364.423 120 311 328 120 311 364.423 120.9202 -310.4531 328 120.9202 310.4531 328 120.9292 -310.449 378 120.9292 310.449 378 121.9357 -310.1146 328 121.9357 310.1146 328 123 -310 328 123 -310 378 123 310 328 123 310 378 124.6276 -315 242.5909 124.6276 -311 242.5909 124.6276 311 242.5909 124.6276 315 242.5909 125.9098 -311 309.5516 125.9098 311 309.5516 126.1166 -315 309.4733 126.1166 -315 367.5267 126.1166 315 309.4733 126.1166 315 367.5267 127.2919 -315 304.4986 127.2919 -311 304.4986 127.2919 311 304.4986 127.2919 315 304.4986 128.8514 -311 368.4099 128.8514 311 368.4099 134.4974 -315 243.4203 134.4974 -311 243.4203 134.4974 311 243.4203 134.4974 315 243.4203 135.4072 -311 307.541 135.4072 311 307.541 135.8491 -315 307.5214 135.8491 -315 369.4786 135.8491 315 307.5214 135.8491 315 369.4786 137.0539 -315 302.8244 137.0539 -311 302.8244 137.0539 311 302.8244 137.0539 315 302.8244 138.502 -311 369.4636 138.502 311 369.4636 143.6019 -315 247.3203 143.6019 -311 247.3203 143.6019 311 247.3203 143.6019 315 247.3203 145.0608 -311 308.5664 145.0608 311 308.5664 145.6996 -315 308.7457 145.6996 -315 368.2543 145.6996 315 308.7457 145.6996 315 368.2543 145.7897 -315 298.1566 145.7897 -311 298.1566 145.7897 311 298.1566 145.7897 315 298.1566 148.0053 -311 367.4808 148.0053 311 367.4808 151.0116 -315 253.8928 151.0116 -311 253.8928 151.0116 311 253.8928 151.0116 315 253.8928 152.6073 -315 290.9719 152.6073 -311 290.9719 152.6073 311 290.9719 152.6073 315 290.9719 153.9239 -311 312.5273 153.9239 311 312.5273 154.6581 -315 313.0208 154.6581 -315 363.9793 154.6581 315 313.0208 154.6581 315 363.9793 155.9701 -315 262.4668 155.9701 -311 262.4668 155.9701 311 262.4668 155.9701 315 262.4668 156.4293 -311 362.6558 156.4293 311 362.6558 156.8109 -315 282.0035 156.8109 -311 282.0035 156.8109 311 282.0035 156.8109 315 282.0035 157.9713 -315 272.1672 157.9713 -311 272.1672 157.9713 311 272.1672 157.9713 315 272.1672 160 -250 232 160 -250 242 160 250 232 160 250 242 161.1273 -311 319.0354 161.1273 311 319.0354 161.4683 -259.2705 232 161.4683 -259.2705 242 161.4683 -240.7295 232 161.4683 -240.7295 242 161.4683 240.7295 232 161.4683 240.7295 242 161.4683 259.2705 232 161.4683 259.2705 242 161.8061 -315 319.9082 161.8061 -315 357.0919 161.8061 315 319.9082 161.8061 315 357.0919 162.9479 -311 355.462 162.9479 311 355.462 165.7295 -267.6336 232 165.7295 -267.6336 242 165.7295 -232.3664 232 165.7295 -232.3664 242 165.7295 232.3664 232 165.7295 232.3664 242 165.7295 267.6336 232 165.7295 267.6336 242 165.9646 -311 327.4523 165.9646 311 327.4523 166.4108 -315 328.7018 166.4108 -315 348.2982 166.4108 315 328.7018 166.4108 315 348.2982 166.9218 -311 346.6047 166.9218 311 346.6047 167.0718 -310 328 167.0718 -310 378 167.0718 310 328 167.0718 310 378 167.9613 -311 336.9526 167.9613 311 336.9526 167.9879 -309.7778 328 167.9879 -309.7778 378 167.9879 309.7778 328 167.9879 309.7778 378 168 -315 338.5 168 315 338.5 168.7005 -309.1607 328 168.7005 -309.1607 378 168.7005 309.1607 328 168.7005 309.1607 378 169.0513 -308.2857 328 169.0513 -308.2857 378 169.0513 308.2857 328 169.0513 308.2857 378 169.9282 -306.0982 328 169.9282 -306.0982 378 169.9282 306.0982 328 169.9282 306.0982 378 171.7097 -304.5554 328 171.7097 -304.5554 378 171.7097 304.5554 328 171.7097 304.5554 378 172.3664 -274.2705 232 172.3664 -274.2705 242 172.3664 -225.7295 232 172.3664 -225.7295 242 172.3664 225.7295 232 172.3664 225.7295 242 172.3664 274.2705 232 172.3664 274.2705 242 174 -304 328 174 -304 378 174 304 328 174 304 378 180.7295 -278.5317 232 180.7295 -278.5317 242 180.7295 -221.4683 232 180.7295 -221.4683 242 180.7295 221.4683 232 180.7295 221.4683 242 180.7295 278.5317 232 180.7295 278.5317 242 190 -304 328 190 -304 378 190 -280 232 190 -280 242 190 -220 232 190 -220 242 190 220 232 190 220 242 190 280 232 190 280 242 190 304 328 190 304 378 200 -310 232 200 -310 328 200 310 232 200 310 328 202.4166 -302.5531 328 202.4166 -302.5531 378 202.4166 302.5531 328 202.4166 302.5531 378 212.0425 -308.5281 232 212.0425 308.5281 232 212.941 -308.2963 328 212.941 308.2963 328 214.1678 -298.2899 328 214.1678 -298.2899 378 214.1678 298.2899 328 214.1678 298.2899 378 221 -140.5 34 221 -140.5 227.5 221 -139.9641 32 221 -138.5 30.5359 221 -136.5 30 221 -136.5 227.5 221 -136.5 230.5 221 136.5 30 221 136.5 227.5 221 136.5 230.5 221 138.5 30.5359 221 139.9641 32 221 140.5 34 221 140.5 227.5 223.3761 -304.1991 232 223.3761 304.1991 232 224.6239 -291.4389 328 224.6239 -291.4389 378 224.6239 291.4389 328 224.6239 291.4389 378 225 -303.3013 328 225 -280 232 225 -280 242 225 -220 232 225 -220 242 225 -196.3761 232 225 -196.3761 242 225 -186 233 225 -186 242 225 -185.866 232.5 225 -185.5 232.134 225 -185 232 225 185 232 225 185.5 232.134 225 185.866 232.5 225 186 233 225 186 242 225 196.3761 232 225 196.3761 242 225 220 232 225 220 242 225 280 232 225 280 242 225 303.3013 328 225.165 -197.06 232 225.165 -197.06 242 225.165 197.06 232 225.165 197.06 242 225.6236 -197.5935 232 225.6236 -197.5935 242 225.6236 197.5935 232 225.6236 197.5935 242 226.275 -197.8592 232 226.275 -197.8592 242 226.275 197.8592 232 226.275 197.8592 242 227.2155 -198.0568 242 227.2155 198.0568 242 228.1003 -198.3486 232 228.1003 198.3486 232 228.1278 -198.3594 242 228.1278 198.3594 242 229 -211.8555 328 229 -211.8555 378 229 -199.2692 242 229 -199.2692 328 229 -198.763 242 229 -186 233 229 -186 242 229 -185.866 232.5 229 -185.5 232.134 229 -185 232 229 185 232 229 185.5 232.134 229 185.866 232.5 229 186 233 229 186 242 229 198.763 242 229 199.2692 242 229 199.2692 328 229 211.8555 328 229 211.8555 378 229.0621 -212.3499 328 229.0621 -212.3499 378 229.0621 212.3499 328 229.0621 212.3499 378 229.2444 -212.8136 328 229.2444 -212.8136 378 229.2444 212.8136 328 229.2444 212.8136 378 229.5357 -213.2178 328 229.5357 -213.2178 378 229.5357 213.2178 328 229.5357 213.2178 378 229.7724 -199.2292 232 229.7724 199.2292 232 229.7968 -199.2458 242 229.7968 199.2458 242 230 -281.3398 232 230 -281.3398 242 230 -218.6603 232 230 -218.6603 242 230 218.6603 232 230 218.6603 242 230 281.3398 232 230 281.3398 242 230.5359 -199.8129 242 230.5359 199.8129 242 230.9766 -200.7514 242 230.9766 200.7514 242 231.2085 -200.4575 232 231.2085 -200.4575 242 231.2085 200.4575 232 231.2085 200.4575 242 231.7721 -201.0701 242 231.7721 201.0701 242 232.2295 -201.5821 232 232.2295 201.5821 232 232.3257 -201.6917 242 232.3257 201.6917 242 232.8691 -202.3222 242 232.8691 202.3222 242 233.2167 -202.7365 232 233.2167 202.7365 232 233.2245 -282.3673 328 233.2245 -282.3673 378 233.2245 282.3673 328 233.2245 282.3673 378 233.3097 -202.8488 242 233.3097 202.8488 242 233.3333 -297.2678 232 233.3333 -297.2678 242 233.3333 297.2678 232 233.3333 297.2678 242 233.6603 -285 232 233.6603 -285 242 233.6603 -215 232 233.6603 -215 242 233.6603 215 232 233.6603 215 242 233.6603 285 232 233.6603 285 242 233.7431 -203.3813 242 233.7431 203.3813 242 234.1694 -203.9195 232 234.1694 -203.9195 242 234.1694 203.9195 232 234.1694 203.9195 242 234.2344 -296.2 232 234.2344 -296.2 242 234.2344 296.2 232 234.2344 296.2 242 234.3808 -203.6963 242 234.3808 203.6963 242 234.5778 -204.5592 232 234.5778 -204.5592 242 234.5778 204.5592 232 234.5778 204.5592 242 234.8048 -294.9245 232 234.8048 -294.9245 242 234.8048 294.9245 232 234.8048 294.9245 242 234.858 -205.2645 232 234.858 -205.2645 242 234.858 205.2645 232 234.858 205.2645 242 235 -293.541 232 235 -293.541 242 235 -290 232 235 -290 242 235 -210 232 235 -210 242 235 -206.01 232 235 -206.01 242 235 206.01 232 235 206.01 242 235 210 232 235 210 242 235 290 232 235 290 242 235 293.541 232 235 293.541 242 235.3553 -295.3554 328 235.3553 295.3554 328 236.934 -223.2941 328 236.934 -223.2941 378 236.934 223.2941 328 236.934 223.2941 378 237.7858 -207.255 328 237.7858 207.255 328 239.5088 -271.5611 328 239.5088 -271.5611 378 239.5088 271.5611 328 239.5088 271.5611 378 240.3777 -289.4896 242 240.3777 289.4896 242 240.9982 -211.3793 242 240.9982 211.3793 242 241.8171 -234.8016 328 241.8171 -234.8016 378 241.8171 234.8016 328 241.8171 234.8016 378 243.1399 -259.5995 328 243.1399 -259.5995 378 243.1399 259.5995 328 243.1399 259.5995 378 243.3013 -285 328 243.3013 285 328 243.9233 -247.1234 328 243.9233 -247.1234 378 243.9233 247.1234 328 243.9233 247.1234 378 244.441 -217.0871 328 244.441 217.0871 328 245.6435 -280.4124 242 245.6435 280.4124 242 245.9295 -220.2395 242 245.9295 220.2395 242 248.2963 -272.941 328 248.2963 272.941 328 248.5904 -228.2112 328 248.5904 228.2112 328 248.8988 -270.4361 242 248.8988 270.4361 242 248.9718 -229.9123 242 248.9718 229.9123 242 250 -260 242 250 -260 328 250 -240 242 250 -240 328 250 240 242 250 240 328 250 260 242 250 260 328</float_array>
          <technique_common>
            <accessor source="#MPO-700_DLR_Simu_V2_4_6_MPO-700_DLR_Body_V2_4_6-mesh-positions-array" count="1130" stride="3">
              <param name="X" type="float"/>
              <param name="Y" type="float"/>
              <param name="Z" type="float"/>
            </accessor>
          </technique_common>
        </source>
        <source id="MPO-700_DLR_Simu_V2_4_6_MPO-700_DLR_Body_V2_4_6-mesh-normals">
          <float_array id="MPO-700_DLR_Simu_V2_4_6_MPO-700_DLR_Body_V2_4_6-mesh-normals-array" count="3846">0 1 0 0 0 1 0 -1 0 -1 0 0 -1 1.42366e-5 0 -1 -1.42366e-5 0 1 0 0 -1.24179e-5 -1 -1.00359e-4 1.23615e-5 -1 -6.12289e-5 0 -0.8660267 -0.4999977 0 -0.8660237 -0.500003 0 -0.5000014 -0.8660247 0 -0.4999996 -0.8660257 -1.23615e-5 -5.67436e-5 -1 1.24179e-5 -1.04636e-4 -1 0 0 -1 -1.24179e-5 1.04636e-4 -1 1.23615e-5 5.67436e-5 -1 0 0.4999995 -0.8660257 0 0.5000014 -0.8660247 0 0.8660237 -0.500003 0 0.8660267 -0.4999977 -1.23615e-5 1 -6.12289e-5 1.24179e-5 1 -1.00359e-4 -1.92747e-5 -1 0 -0.2128556 -0.9770837 -2.05907e-5 -7.86185e-5 -1 -8.97469e-6 -0.4141595 -0.9102044 3.83425e-6 -0.4159587 -0.9093835 7.87806e-6 -0.6000135 -0.7999899 -2.03494e-6 -0.5999918 -0.8000061 -5.76721e-6 -0.4159747 -0.9093763 0 -0.5999533 -0.8000351 0 -0.7539501 -0.6569318 -2.94333e-5 -0.958281 -0.285828 -3.03984e-6 -0.958294 -0.2857841 0 -0.7539524 -0.6569292 4.50169e-5 -0.6041541 -0.7968676 -2.91048e-5 -0.6041228 -0.7968913 1.74279e-4 -0.4141578 -0.9102051 1.90288e-5 -0.4191634 -0.9079108 -4.33922e-6 -0.2145276 -0.976718 1.19076e-4 -2.53171e-5 -1 5.18078e-6 -9.03008e-5 -1 1.29035e-5 -0.3063666 -7.66366e-6 0.9519137 -0.3063666 7.6275e-6 0.9519137 0.009418666 0 0.9999557 0.009410619 0 0.9999557 0.3243234 0 0.9459463 0.3243151 0 0.9459492 0.6061198 0 0.7953734 0.6061128 0 0.7953787 0.8260446 0 0.5636048 0.82604 0 0.5636117 0.9616437 0 0.2743019 0.9616413 0 0.27431 0.9990751 0 -0.04300081 0.9990754 0 -0.04299211 0.9345195 0 -0.3559119 0.9345228 0 -0.3559035 0.7745675 0 -0.6324914 0.7745726 0 -0.6324851 0.5355401 0 -0.8445098 0.5355475 0 -0.8445052 0.2418498 0 -0.9703137 0.2418581 0 -0.9703117 -0.07653272 0 -0.9970671 -0.07652556 0 -0.9970676 -0.3870208 -5.35752e-5 -0.922071 -0.3870216 7.66367e-6 -0.9220708 1 -1.24179e-5 -8.98391e-5 1 1.23593e-5 -8.98391e-5 0.8660255 0 -0.4999999 0.8660324 0 -0.499988 0.4999839 0 -0.8660348 0.5000021 0 -0.8660243 8.443e-5 -1.23593e-5 -1 1.00136e-4 1.24178e-5 -1 -1.00136e-4 -1.24178e-5 -1 -8.44598e-5 8.68112e-5 -1 -0.5000081 0 -0.8660207 -0.4999806 0 -0.8660366 -0.8660343 0 -0.4999848 -0.866022 0 -0.500006 -1 -1.23593e-5 -8.98391e-5 -1 1.24179e-5 -8.98391e-5 2.53171e-5 -1 5.15634e-6 0.2145276 -0.976718 1.19076e-4 9.03159e-5 -1 1.29482e-5 0.4141577 -0.9102053 1.90279e-5 0.4191634 -0.9079108 -4.33922e-6 0.6041232 -0.796891 3.26254e-7 0.7539191 -0.6569674 2.96533e-6 0.6041675 -0.7968575 -7.17328e-6 0.7539686 -0.6569106 1.47428e-6 0.6041721 -0.796854 -4.55081e-5 0.958281 -0.2858278 2.31713e-5 0.958294 -0.2857841 0 0.3063666 7.66366e-6 0.9519137 0.3063666 -7.6275e-6 0.9519137 -0.009418666 0 0.9999557 -0.009410619 0 0.9999557 -0.3243234 0 0.9459463 -0.3243151 0 0.9459492 -0.6061198 0 0.7953734 -0.6061128 0 0.7953787 -0.8260446 0 0.5636048 -0.82604 0 0.5636117 -0.9616437 0 0.2743019 -0.9616413 0 0.27431 -0.9990751 0 -0.04299926 -0.9990755 0 -0.04299134 -0.9345194 0 -0.3559126 -0.9345222 0 -0.3559049 -0.7745675 0 -0.6324914 -0.7745726 0 -0.6324851 -0.5355421 0 -0.8445085 -0.5355485 0 -0.8445046 -0.2418481 0 -0.9703142 -0.2418555 0 -0.9703124 0.07653391 0 -0.997067 0.07652574 0 -0.9970677 0.3870193 5.35752e-5 -0.9220716 0.3870187 -7.66366e-6 -0.9220719 0.75397 -0.6569089 -6.21518e-5 0.599992 -0.800006 1.42958e-6 0.4141594 -0.9102044 3.7225e-6 0.4159691 -0.9093788 1.01283e-5 0.2128556 -0.9770837 -2.05985e-5 0.5999533 -0.8000351 0 1.92747e-5 -1 0 6.66082e-5 -0.9999976 -0.002188205 6.72117e-5 1 0 0.2128556 0.9770837 -2.05907e-5 7.86185e-5 1 -8.97469e-6 0.4141595 0.9102044 3.83425e-6 0.4159587 0.9093835 7.87806e-6 0.6000135 0.7999899 -2.03494e-6 0.5999918 0.8000061 -5.76721e-6 0.4159747 0.9093763 0 0.5999533 0.8000351 0 0.7539501 0.6569318 -2.94333e-5 0.958281 0.285828 -3.03984e-6 0.958294 0.2857841 0 0.7539524 0.6569292 4.50169e-5 0.6041541 0.7968676 -2.91048e-5 0.6041228 0.7968913 1.74279e-4 0.4141578 0.9102051 1.90288e-5 0.4191634 0.9079108 -4.33922e-6 0.2145276 0.976718 1.19076e-4 2.53171e-5 1 5.18078e-6 4.22906e-5 1 1.16439e-5 -2.53171e-5 1 5.15634e-6 -0.2145276 0.976718 1.19076e-4 -4.23044e-5 1 1.16881e-5 -0.4141577 0.9102053 1.90279e-5 -0.4191634 0.9079108 -4.33922e-6 -0.6041232 0.796891 3.26254e-7 -0.7539191 0.6569674 2.96533e-6 -0.6041675 0.7968575 -7.17328e-6 -0.7539686 0.6569106 1.47428e-6 -0.6041721 0.796854 -4.55081e-5 -0.958281 0.2858278 2.31713e-5 -0.958294 0.2857841 0 0.9990751 0 -0.04299926 0.9990755 0 -0.04299134 0.9345194 0 -0.3559126 0.9345222 0 -0.3559049 0.5355421 0 -0.8445085 0.5355485 0 -0.8445046 0.2418481 0 -0.9703142 0.2418555 0 -0.9703124 -0.07653391 0 -0.997067 -0.07652574 0 -0.9970677 -0.3870193 -5.35752e-5 -0.9220716 -0.3870187 7.66366e-6 -0.9220719 8.44598e-5 -8.68112e-5 -1 0.5000081 0 -0.8660207 0.4999806 0 -0.8660366 0.8660343 0 -0.4999848 0.866022 0 -0.500006 -0.8660255 0 -0.4999999 -0.8660324 0 -0.499988 -0.4999839 0 -0.8660348 -0.5000021 0 -0.8660243 -8.443e-5 1.23593e-5 -1 -0.75397 0.6569089 -6.21518e-5 -0.599992 0.800006 1.42958e-6 -0.4141594 0.9102044 3.7225e-6 -0.4159691 0.9093788 1.01283e-5 -0.2128556 0.9770837 -2.05985e-5 -0.5999533 0.8000351 0 -1.92747e-5 1 0 -6.66082e-5 0.9999976 -0.002188205 -0.9990751 0 -0.04300081 -0.9990754 0 -0.04299211 -0.9345195 0 -0.3559119 -0.9345228 0 -0.3559035 -0.5355401 0 -0.8445098 -0.5355475 0 -0.8445052 -0.2418498 0 -0.9703137 -0.2418581 0 -0.9703117 0.07653272 0 -0.9970671 0.07652556 0 -0.9970676 0.3870208 5.35752e-5 -0.922071 0.3870216 -7.66367e-6 -0.9220708 -1 6.31809e-5 -2.3861e-5 -1 4.2066e-5 0 -0.9689764 0.2471534 0 -0.9689667 0.2471915 0 -0.877809 0.4790111 0 -0.8778085 0.4790117 0 -0.7321706 0.6811214 0 -0.7321842 0.6811068 0 -0.8691483 0.4945517 0 -0.8691461 0.4945554 0 -0.9595767 0.2814472 0 -0.9595754 0.2814517 0 -0.9985805 0.05326473 0 -0.9985801 0.05327063 0 -0.9840722 -0.1777693 0 -0.9840733 -0.1777637 0 -0.9168284 -0.3992816 0 -0.9168302 -0.3992776 0 -0.8004522 -0.5993968 0 -0.8004547 -0.5993934 0 -0.6411807 -0.76739 0 -0.6411848 -0.7673866 0 -0.447551 -0.8942585 0 -0.4475554 -0.8942562 0 -0.2299366 -0.9732056 0 -0.2299407 -0.9732047 0 -4.33177e-5 -1 -5.52727e-6 -4.33177e-5 -1 5.55348e-6 2.48169e-5 8.88854e-5 -1 1.23637e-5 8.88854e-5 -1 0 0.5000076 -0.866021 0 0.5000249 -0.8660111 0 0.8659974 -0.5000486 0 0.8660203 -0.5000088 -1.23614e-5 1 -1.05202e-4 1.2418e-5 1 -9.69768e-5 0 1 -1.08361e-4 0 1 -6.04093e-5 0 0.8660177 -0.5000134 0 0.8660174 -0.5000139 0 0.5000197 -0.8660141 0 0.5000191 -0.8660144 0 3.19034e-5 -1 0 7.98553e-5 -1 -1.24223e-5 8.88854e-5 -1 1.23659e-5 4.09186e-5 -1 -1.2418e-5 -1 -9.69768e-5 8.68262e-5 -1 -1.05232e-4 0 -0.8660203 -0.5000088 0 -0.8659974 -0.5000486 0 -0.5000249 -0.8660111 0 -0.5000076 -0.866021 -1.23659e-5 -4.09186e-5 -1 1.24223e-5 -8.88854e-5 -1 0 -7.98553e-5 -1 0 -7.98255e-5 -1 0 -0.5000191 -0.8660144 0 -0.5000197 -0.8660141 0 -0.8660174 -0.5000139 0 -0.8660177 -0.5000134 0 -1 -1.08361e-4 0 -1 -6.04093e-5 1.23614e-5 -1 -1.05202e-4 -1.23637e-5 -8.88854e-5 -1 1.24246e-5 -4.09186e-5 -1 -2.95395e-6 0 -1 1.22967e-5 0 -1 -1.31725e-5 0 -1 -3.00571e-5 0 -1 1.11976e-5 0 -1 -4.13154e-5 0 -1 4.38628e-5 0 -1 5.28931e-6 0 -1 2.19314e-5 0 -1 -0.6667168 0.7453112 -8.11631e-5 -0.6666937 0.7453318 4.41656e-6 -0.8468695 0.531801 0 -0.8468707 0.531799 0 -0.9609624 0.276679 0 -1 5.48065e-5 6.70361e-6 -1 5.47618e-5 -4.68637e-5 -0.9609584 0.2766929 0 -1.82717e-6 0 -1 1.29864e-6 0 -1 -1.29864e-6 0 -1 1.82717e-6 0 -1 -1.81749e-5 0 -1 -2.69686e-6 0 -1 -5.06584e-6 0 -1 1.78807e-6 0 -1 2.50829e-5 0 -1 -2.73618e-5 0 -1 8.19312e-6 0 -1 -2.44826e-5 0 -1 4.49196e-6 0 -1 -4.19688e-6 0 -1 -2.30147e-5 0 -1 1.6539e-5 0 -1 1.88122e-5 0 -1 -2.05213e-5 0 -1 1.09242e-5 0 -1 -2.44826e-5 0 -1 -1.85353e-6 0 -1 2.69686e-6 0 -1 2.83627e-7 0 -1 4.58443e-6 0 -1 -3.02454e-6 0 -1 1.29759e-6 0 -1 -1.3349e-6 0 -1 -2.50829e-5 0 -1 2.73618e-5 0 -1 -8.19312e-6 0 -1 2.44826e-5 0 -1 -4.49196e-6 0 -1 -4.67415e-7 0 -1 2.30147e-5 0 -1 -1.6539e-5 0 -1 -1.88122e-5 0 -1 2.05213e-5 0 -1 -1.09242e-5 0 -1 2.44826e-5 0 -1 -1 -5.48065e-5 -6.70361e-6 -1 -5.47618e-5 4.68637e-5 -0.9609624 -0.276679 0 -0.9609584 -0.2766929 0 -0.8468695 -0.531801 0 -0.6666868 -0.745338 -3.22214e-6 -0.6666586 -0.7453632 -1.80211e-7 -0.8468707 -0.531799 0 -1 -4.83245e-5 5.0106e-6 -0.977979 -0.2087035 -2.12882e-5 -1 -9.26107e-5 6.5805e-6 -0.9659259 -0.258819 -4.03007e-6 -0.9128714 -0.4082473 -2.71604e-5 -0.8660266 -0.4999981 1.23959e-6 -0.8075535 -0.5897945 -7.87489e-5 -0.7071017 -0.7071119 5.69059e-5 -0.4999931 -0.8660294 3.89505e-5 -0.467506 -0.8839899 -8.13684e-5 -0.2588219 -0.9659252 -1.52142e-5 -0.2405134 -0.9706457 -4.91904e-4 -5.38096e-5 -1 -5.71483e-7 -5.01722e-5 -1 5.82079e-6 1 5.48065e-5 -6.70361e-6 1 5.47618e-5 4.68637e-5 0.9609624 0.276679 0 0.9609584 0.2766929 0 0.8468695 0.531801 0 0.6666868 0.745338 -3.22214e-6 0.6666586 0.7453632 -1.80211e-7 0.8468707 0.531799 0 1 4.83245e-5 5.0106e-6 0.977979 0.2087035 -2.12882e-5 1 9.26107e-5 6.5805e-6 0.9659259 0.258819 -4.03007e-6 0.9128714 0.4082473 -2.71604e-5 0.8660266 0.4999981 1.23959e-6 0.8075535 0.5897945 -7.87489e-5 0.7071017 0.7071119 5.69059e-5 0.4999931 0.8660294 3.89505e-5 0.467506 0.8839899 -8.13684e-5 0.2588219 0.9659252 -1.52142e-5 0.2405134 0.9706457 -4.91904e-4 5.38096e-5 1 -5.71483e-7 5.01722e-5 1 5.82079e-6 0.6667168 -0.7453112 -8.11029e-5 0.6666937 -0.7453318 4.41656e-6 0.8468695 -0.531801 0 0.8468707 -0.531799 0 0.9609624 -0.276679 0 1 -5.48065e-5 6.70361e-6 1 -5.47618e-5 -4.68637e-5 0.9609584 -0.2766929 0 0.467511 -0.8839873 6.61369e-5 0.4999904 -0.8660311 6.18489e-5 0.258822 -0.965925 -1.51782e-5 0.7071058 -0.7071078 7.06525e-6 0.807556 -0.5897909 -2.92785e-5 0.8660266 -0.499998 5.12926e-5 0.9128758 -0.4082375 -1.25903e-4 0.9659258 -0.2588191 -4.01377e-6 0.977979 -0.2087035 -2.13133e-5 1 -4.46431e-5 5.47618e-6 1 -4.83245e-5 5.03436e-6 0.2405135 -0.9706457 -4.91957e-4 5.04106e-5 -1 5.40547e-4 5.01722e-5 -1 5.79332e-6 -3.63439e-5 -1 0 -8.07196e-5 -1 0 -0.4580592 -0.8889217 0 -0.4580579 -0.8889224 0 -0.8143646 -0.5803536 0 -0.9897306 -0.1429455 0 -0.9897279 -0.1429643 0 -0.8143644 -0.5803539 0 -0.1501098 0.9886694 5.82845e-6 -0.1500777 0.9886743 0 -0.5843109 0.8115299 0 -0.584311 0.8115299 0 -0.890041 0.4558808 0 -1 5.62072e-5 -4.49343e-5 -1 6.87093e-5 0 -0.8900148 0.4559319 0 -0.2606648 0.9654294 9.14346e-5 -0.3647398 0.9311096 2.14796e-5 -0.3680894 0.9297904 -9.71284e-6 -0.4705305 0.8823839 -2.25378e-5 -0.5614569 0.8275061 1.27456e-5 -0.5644086 0.8254957 -9.74206e-6 -0.651275 0.7588416 -3.9643e-4 -0.7304021 0.6830174 -3.08733e-7 -0.7304059 0.6830134 -1.11767e-5 -1 -5.62072e-5 0 -1 -6.87093e-5 0 -0.890041 -0.4558808 0 -0.8900148 -0.4559319 0 -0.5843109 -0.8115299 0 -0.1500564 -0.9886775 5.59332e-6 -0.1500371 -0.9886775 -0.002415239 -0.584311 -0.8115299 0 0.1501098 -0.9886694 5.82845e-6 0.1500777 -0.9886743 0 0.5843109 -0.8115299 0 0.584311 -0.8115299 0 0.890041 -0.4558808 0 1 -1.04144e-4 0 1 -6.87093e-5 0 0.8900148 -0.4559319 0 0.2606648 -0.9654294 9.14346e-5 0.3647398 -0.9311096 2.14796e-5 0.3680894 -0.9297904 -9.71284e-6 0.4705305 -0.8823839 -2.25378e-5 0.5614569 -0.8275061 1.27456e-5 0.5644086 -0.8254957 -9.74206e-6 0.651275 -0.7588416 -3.9643e-4 0.7304021 -0.6830174 -3.08733e-7 0.7304059 -0.6830134 -1.11767e-5 1 5.62072e-5 0 1 6.87093e-5 0 0.890041 0.4558808 0 0.8900148 0.4559319 0 0.5843109 0.8115299 0 0.1500564 0.9886775 5.59332e-6 0.1500371 0.9886775 -0.002415239 0.584311 0.8115299 0 1 -1.04502e-4 1.24179e-5 1 -9.07183e-5 -1.23593e-5 0.866023 -0.5000044 0 0.866032 -0.4999886 0 0.4999921 -0.86603 0 0.500002 -0.8660243 0 4.87715e-5 -1 1.23615e-5 9.58592e-5 -1 -1.24179e-5 0.7880359 0.6156293 -2.66902e-4 0.7880305 0.6156362 0 0.8901185 0.4557293 0 0.8901192 0.4557278 0 0.9601665 0.2794284 0 0.960167 0.2794269 0 0.9956602 0.09306329 3.18331e-5 0.9956602 0.09306335 -4.55356e-6 0.7304059 0.6830134 0 0.7413565 0.6711115 2.34569e-5 0.7304023 0.6830173 -4.25754e-6 0.7502844 0.6611151 -5.02436e-4 0.752197 0.6589384 -1.57732e-5 0.7625801 0.6468938 -1.49178e-5 0.7694889 0.6386604 -2.93339e-5 0.7713394 0.6364241 -2.75778e-5 0.7797362 0.6261084 -8.57887e-5 0.2606971 0.9654206 2.3413e-4 0.3647398 0.9311096 2.22335e-5 0.3680894 0.9297904 -9.86164e-6 0.4705304 0.8823839 -2.26022e-5 0.561457 0.8275059 1.27214e-5 0.5644086 0.8254957 -1.01514e-5 0.651275 0.7588416 -3.9643e-4 0.7880532 -0.6156072 0 0.7797361 -0.6261083 -8.57402e-5 0.7880215 -0.6156477 1.20688e-6 0.7694907 -0.6386582 6.69214e-5 0.7713394 -0.6364241 -2.75778e-5 0.76258 -0.6468939 -1.49107e-5 0.7502844 -0.6611151 -5.03388e-4 0.752197 -0.6589384 -1.57732e-5 0.7413566 -0.6711115 2.34084e-5 0.9956602 -0.09306335 4.55356e-6 0.9956602 -0.09306329 -3.18331e-5 0.960167 -0.2794269 0 0.9601665 -0.2794284 0 0.8901192 -0.4557278 0 0.8901185 -0.4557293 0 9.71109e-5 1 1.24179e-5 4.82798e-5 1 -1.23615e-5 0.5000022 0.8660243 0 0.4999915 0.8660303 0 0.866032 0.4999886 0 0.866023 0.5000044 0 1 9.07183e-5 1.23593e-5 1 1.04502e-4 -1.24179e-5 8.0213e-5 -1 0 3.22759e-5 -1 0 0.3090122 -0.951058 0 0.3090204 -0.9510555 0 0.5877822 -0.8090192 0 0.5877884 -0.8090147 0 0.8090144 -0.5877888 0 0.8090193 -0.5877822 0 0.9510555 -0.30902 0 0.9510583 -0.3090114 0 1 -4.38919e-6 0 1 4.38919e-6 0 0.9510582 0.3090119 0 0.9510556 0.30902 0 0.8090198 0.5877816 0 0.8090147 0.5877884 0 0.5877884 0.8090147 0 0.5877816 0.8090198 0 0.3090204 0.9510555 0 0.3090122 0.951058 0 3.22759e-5 1 0 8.0213e-5 1 0 1 -4.2811e-5 -1.23615e-5 0.8660205 -0.5000087 0 0.8660296 -0.4999929 0 0.4999937 -0.8660292 0 0.500004 -0.8660231 0 6.28084e-5 -1 1.23615e-5 1.10701e-4 -1 -1.24179e-5 -1.10701e-4 -1 1.24179e-5 -6.28084e-5 -1 -1.23615e-5 -0.500004 -0.8660231 0 -0.4999937 -0.8660292 0 -0.8660296 -0.4999929 0 -0.8660205 -0.5000087 0 -1 -4.2811e-5 1.23615e-5 -1 -1.04502e-4 -1.24179e-5 -8.0213e-5 1 0 -3.22759e-5 1 0 -0.3090122 0.951058 0 -0.3090204 0.9510555 0 -0.5877822 0.8090192 0 -0.5877884 0.8090147 0 -0.8090144 0.5877888 0 -0.8090193 0.5877822 0 -0.9510555 0.30902 0 -0.9510583 0.3090114 0 -1 4.38919e-6 0 -1 -4.38919e-6 0 -0.9510582 -0.3090119 0 -0.9510556 -0.30902 0 -0.8090198 -0.5877816 0 -0.8090147 -0.5877884 0 -0.5877884 -0.8090147 0 -0.5877816 -0.8090198 0 -0.3090204 -0.9510555 0 -0.3090122 -0.951058 0 -3.22759e-5 -1 0 -8.0213e-5 -1 0 -1 1.04502e-4 1.24179e-5 -1 9.07183e-5 -1.23593e-5 -0.866023 0.5000044 0 -0.866032 0.4999886 0 -0.4999921 0.86603 0 -0.500002 0.8660243 0 -4.87715e-5 1 1.23615e-5 -9.58592e-5 1 -1.24179e-5 -0.7880359 -0.6156293 -2.66902e-4 -0.7880305 -0.6156362 0 -0.8901185 -0.4557293 0 -0.8901192 -0.4557278 0 -0.9601665 -0.2794284 0 -0.960167 -0.2794269 0 -0.9956602 -0.09306329 3.18331e-5 -0.9956602 -0.09306335 -4.55356e-6 -0.7304059 -0.6830134 0 -0.7413565 -0.6711115 2.34569e-5 -0.7304023 -0.6830173 -4.25754e-6 -0.7502844 -0.6611151 -5.02436e-4 -0.752197 -0.6589384 -1.57732e-5 -0.7625801 -0.6468938 -1.49178e-5 -0.7694889 -0.6386604 -2.93339e-5 -0.7713394 -0.6364241 -2.75778e-5 -0.7797362 -0.6261084 -8.57887e-5 -0.2606971 -0.9654206 2.3413e-4 -0.3647398 -0.9311096 2.22335e-5 -0.3680894 -0.9297904 -9.86164e-6 -0.4705304 -0.8823839 -2.26022e-5 -0.561457 -0.8275059 1.27214e-5 -0.5644086 -0.8254957 -1.01514e-5 -0.651275 -0.7588416 -3.9643e-4 -0.7880532 0.6156072 0 -0.7797361 0.6261083 -8.57402e-5 -0.7880215 0.6156477 1.20688e-6 -0.7694907 0.6386582 6.69214e-5 -0.7713394 0.6364241 -2.75778e-5 -0.76258 0.6468939 -1.49107e-5 -0.7502844 0.6611151 -5.03388e-4 -0.752197 0.6589384 -1.57732e-5 -0.7413566 0.6711115 2.34084e-5 -0.9956602 0.09306335 4.55356e-6 -0.9956602 0.09306329 -3.18331e-5 -0.960167 0.2794269 0 -0.9601665 0.2794284 0 -0.8901192 0.4557278 0 -0.8901185 0.4557293 0 -9.71109e-5 -1 1.24179e-5 -4.82798e-5 -1 -1.23615e-5 -0.5000022 -0.8660243 0 -0.4999915 -0.8660303 0 -0.866032 -0.4999886 0 -0.866023 -0.5000044 0 -1 -9.07183e-5 1.23593e-5 -1 4.2811e-5 -1.23615e-5 -0.8660205 0.5000087 0 -0.8660296 0.4999929 0 -0.4999937 0.8660292 0 -0.500004 0.8660231 0 -6.28084e-5 1 1.23615e-5 -1.10701e-4 1 -1.24179e-5 1.10701e-4 1 1.24179e-5 6.28084e-5 1 -1.23615e-5 0.500004 0.8660231 0 0.4999937 0.8660292 0 0.8660296 0.4999929 0 0.8660205 0.5000087 0 1 4.2811e-5 1.23615e-5 3.63769e-5 0 -1 -4.93654e-5 0 -1 -3.27097e-6 0 -1 -4.57214e-7 0 -1 -1.82884e-6 0 -1 2.07678e-6 0 -1 -4.09265e-6 0 -1 2.4056e-6 0 -1 -5.21523e-6 0 -1 3.09012e-6 0 -1 -2.01262e-6 0 -1 2.63619e-6 0 -1 5.77046e-6 0 -1 2.37897e-4 0 -1 6.58198e-5 0 -1 -2.69745e-4 0 -1 -2.55029e-6 0 -1 9.52381e-7 0 -1 3.27096e-6 0 -1 -2.71551e-6 0 -1 -2.63619e-6 0 -1 -5.77046e-6 0 -1 4.42729e-6 0 -1 1.53622e-6 0 -1 -3.69206e-6 0 -1 2.04632e-6 0 -1 -2.27346e-6 0 -1 8.34437e-6 0 -1 -1.62456e-6 0 -1 1.83594e-5 0 -1 -2.37897e-4 0 -1 -5.77047e-6 0 -1 2.01262e-6 0 -1 1.917e-6 0 -1 -2.69745e-4 0 -1 -2.07678e-6 0 -1 2.04633e-6 0 -1 -1.62456e-6 0 -1 -1.83594e-5 0 -1 5.77047e-6 0 -1 -2.01262e-6 0 -1 2.07678e-6 0 -1 -4.09265e-6 0 -1 2.4056e-6 0 -1 3.09011e-6 0 -1 -9.52381e-7 0 -1 -3.27096e-6 0 -1 2.71551e-6 0 -1 2.69745e-4 0 -1 -6.58198e-5 0 -1 1.81887e-5 0 -1 -2.21694e-6 0 1 4.24156e-6 0 1 2.73888e-6 0 1 5.43262e-6 0 1 4.43396e-6 0 1 3.72634e-6 0 1 -4.24156e-6 0 1 -4.43396e-6 0 1 3.89786e-6 0 1 -3.72634e-6 0 1 -2.71631e-6 0 1 2.21694e-6 0 1 -3.89788e-6 0 1 -2.23441e-6 0 1 -0.5800382 -0.8145894 1.18256e-6 -0.5800756 -0.8145627 -2.77162e-6 -0.619551 -0.7849565 4.47799e-5 -0.6573557 -0.7535805 7.01209e-5 -0.7557173 -0.6548981 1.97142e-5 -0.6876433 -0.7260488 2.08372e-6 -0.8199658 -0.5724125 -3.2078e-5 -0.8888195 -0.4582576 2.3549e-5 -0.918595 -0.3952003 -6.78626e-5 -0.9718129 -0.2357535 1.55999e-4 -0.9794529 -0.201673 -1.09013e-4 -1 -4.74825e-5 8.59238e-6 -1 -4.24236e-5 4.84204e-6 0.5800382 0.8145894 1.18256e-6 0.5800756 0.8145627 -2.77162e-6 0.619551 0.7849565 4.47799e-5 0.6573557 0.7535805 7.01209e-5 0.7557173 0.6548981 1.97142e-5 0.6876433 0.7260488 2.08372e-6 0.8199658 0.5724125 -3.2078e-5 0.8888195 0.4582576 2.3549e-5 0.918595 0.3952003 -6.78626e-5 0.9718129 0.2357535 1.55999e-4 0.9794529 0.201673 -1.09013e-4 1 4.74825e-5 8.59238e-6 1 4.24236e-5 4.84204e-6 0.5800382 -0.8145894 1.17698e-6 0.6195881 -0.7849272 1.29336e-4 0.580075 -0.814563 1.39703e-5 0.6573557 -0.7535806 7.032e-5 0.7557175 -0.6548979 1.97694e-5 0.6876433 -0.7260487 -7.24802e-7 0.819966 -0.5724124 -3.2105e-5 0.8888193 -0.4582577 2.36197e-5 0.9185951 -0.3952002 -6.7777e-5 0.9718109 -0.2357616 1.06835e-4 0.979453 -0.2016732 -1.09066e-4 1 -4.77617e-5 -8.31008e-6 1 -4.24311e-5 4.865e-6 -0.5800382 0.8145894 1.17698e-6 -0.6195881 0.7849272 1.29336e-4 -0.580075 0.814563 1.39703e-5 -0.6573557 0.7535806 7.032e-5 -0.7557175 0.6548979 1.97694e-5 -0.6876433 0.7260487 -7.24802e-7 -0.819966 0.5724124 -3.2105e-5 -0.8888193 0.4582577 2.36197e-5 -0.9185951 0.3952002 -6.7777e-5 -0.9718109 0.2357616 1.06835e-4 -0.979453 0.2016732 -1.09066e-4 -1 4.77617e-5 -8.31008e-6 -1 4.24311e-5 4.865e-6 -0.8075587 0.5897873 2.01552e-5 -0.7071061 0.7071076 6.98748e-6 -0.4999963 0.8660277 1.21314e-5 -0.467511 0.8839873 6.60928e-5 -0.258822 0.965925 -1.51782e-5 -0.2405135 0.9706457 -4.91957e-4 -5.04106e-5 1 5.40547e-4 -5.01722e-5 1 5.79332e-6 -0.8660266 0.499998 5.12926e-5 -0.9128758 0.4082375 -1.25903e-4 -0.9659258 0.2588191 -4.01377e-6 -0.977979 0.2087035 -2.13133e-5 -1 4.46431e-5 5.47618e-6 -1 4.83245e-5 5.03436e-6 -0.8143359 -0.580394 0 -0.814347 -0.5803785 0 -0.4580675 -0.8889175 0 -8.4728e-5 -1 1.13098e-5 -8.46535e-5 -1 -1.12565e-5 -0.4580675 -0.8889174 0 3.6791e-5 -1 -1.13121e-5 3.67314e-5 -1 1.12587e-5 0.4580675 -0.8889175 0 0.4580675 -0.8889174 0 0.8143359 -0.580394 0 0.9897279 -0.1429643 0 0.9897306 -0.1429455 0 0.814347 -0.5803785 0 0.8143645 -0.5803539 0 0.8143647 -0.5803536 0 0.4580596 -0.8889215 0 3.63439e-5 -1 0 8.07196e-5 -1 0 0.4580576 -0.8889225 0 4.33177e-5 -1 -5.55348e-6 4.33177e-5 -1 5.52727e-6 0.2299407 -0.9732047 0 0.2299366 -0.9732056 0 0.4475552 -0.8942564 0 0.447551 -0.8942584 0 0.6411849 -0.7673864 0 0.6411809 -0.7673899 0 0.8004549 -0.5993933 0 0.8004519 -0.599397 0 0.9168302 -0.3992774 0 0.9168283 -0.3992817 0 0.9840732 -0.1777635 0 0.9840722 -0.1777694 0 0.9985802 0.05327057 0 0.9985805 0.05326479 0 0.9595754 0.2814517 0 0.9595767 0.2814474 0 0.869146 0.4945557 0 0.8691483 0.4945515 0 0.7321841 0.6811068 0 0.7321707 0.6811212 0 0.8778085 0.4790117 0 0.877809 0.4790111 0 0.9689667 0.2471915 0 0.9689764 0.2471534 0 1 4.2066e-5 0 1 1.52439e-5 2.38701e-5 1 -6.31809e-5 -2.3861e-5 1 -4.2066e-5 0 0.9689764 -0.2471534 0 0.9689667 -0.2471915 0 0.877809 -0.4790111 0 0.8778085 -0.4790117 0 0.7321706 -0.6811214 0 0.7321842 -0.6811068 0 0.8691483 -0.4945517 0 0.8691461 -0.4945554 0 0.9595767 -0.2814472 0 0.9595754 -0.2814517 0 0.9985805 -0.05326473 0 0.9985801 -0.05327063 0 0.9840722 0.1777693 0 0.9840733 0.1777637 0 0.9168284 0.3992816 0 0.9168302 0.3992776 0 0.8004522 0.5993968 0 0.8004547 0.5993934 0 0.6411807 0.76739 0 0.6411848 0.7673866 0 0.447551 0.8942585 0 0.4475554 0.8942562 0 0.2299366 0.9732056 0 0.2299407 0.9732047 0 4.33177e-5 1 -5.52727e-6 4.33177e-5 1 5.55348e-6 3.63439e-5 1 0 8.07196e-5 1 0 0.4580592 0.8889217 0 0.4580579 0.8889224 0 0.8143646 0.5803536 0 0.9897306 0.1429455 0 0.9897279 0.1429643 0 0.8143644 0.5803539 0 0.8143359 0.580394 0 0.814347 0.5803785 0 0.4580675 0.8889175 0 8.4728e-5 1 1.13098e-5 8.46535e-5 1 -1.12565e-5 0.4580675 0.8889174 0 -3.6791e-5 1 -1.13121e-5 -3.67314e-5 1 1.12587e-5 -0.4580675 0.8889175 0 -0.4580675 0.8889174 0 -0.8143359 0.580394 0 -0.9897279 0.1429643 0 -0.9897306 0.1429455 0 -0.814347 0.5803785 0 -0.8143645 0.5803539 0 -0.8143647 0.5803536 0 -0.4580596 0.8889215 0 -3.63439e-5 1 0 -8.07196e-5 1 0 -0.4580576 0.8889225 0 -4.33177e-5 1 -5.55348e-6 -4.33177e-5 1 5.52727e-6 -0.2299407 0.9732047 0 -0.2299366 0.9732056 0 -0.4475552 0.8942564 0 -0.447551 0.8942584 0 -0.6411849 0.7673864 0 -0.6411809 0.7673899 0 -0.8004549 0.5993933 0 -0.8004519 0.599397 0 -0.9168302 0.3992774 0 -0.9168283 0.3992817 0 -0.9840732 0.1777635 0 -0.9840722 0.1777694 0 -0.9985802 -0.05327057 0 -0.9985805 -0.05326479 0 -0.9595754 -0.2814517 0 -0.9595767 -0.2814474 0 -0.869146 -0.4945557 0 -0.8691483 -0.4945515 0 -0.7321841 -0.6811068 0 -0.7321707 -0.6811212 0 -0.8778085 -0.4790117 0 -0.877809 -0.4790111 0 -0.9689667 -0.2471915 0 -0.9689764 -0.2471534 0 -1 -4.2066e-5 0 -1 -1.52439e-5 2.38701e-5 1.24524e-6 0 1 3.1782e-6 0 1 -1.55805e-6 0 1 -2.41056e-5 0 1 -3.73023e-6 0 1 6.82452e-7 0 1 -1.64707e-5 0 1 3.38163e-6 0 1 0 0 1 -1.86511e-6 0 1 -5.78423e-5 0 1 -4.13564e-5 0 1 3.08765e-6 0 1 5.81886e-5 0 1 5.81869e-5 0 1 1.64707e-5 0 1 0 0 1 3.73023e-6 0 1 -3.1782e-6 0 1 1.55805e-6 0 1 -1.24524e-6 0 1 4.42354e-6 0 1 -6.82452e-7 0 1 1.86511e-6 0 1 2.41056e-5 0 1 5.78423e-5 0 1 4.13564e-5 0 1 -3.08765e-6 0 1 -5.81869e-5 0 1 -4.42354e-6 0 1 -0.6289802 4.05014e-5 0.7774214 -0.606114 6.21975e-5 0.7953779 -0.3511106 -8.80705e-6 0.936334 -0.5483421 3.46564e-5 0.8362542 -0.2628331 1.49608e-5 0.9648413 -0.0371446 -3.17732e-6 0.99931 0.04847002 7.22194e-6 0.9988247 0.2806043 6.15841e-7 0.9598236 0.3550086 1.67359e-6 0.934863 0.5696175 5.86966e-7 0.8219099 0.6267744 6.12484e-6 0.7792008 0.800183 5.72507e-6 0.5997561 0.8370407 2.61236e-6 0.5471408 0.9487247 1.20299e-5 0.3161037 0.9652176 0 0.2614482 1 2.81539e-6 6.44034e-6 0.9987533 -1.95124e-6 -0.04992008 0.9487389 3.37372e-6 -0.3160609 0.9343381 -1.29757e-6 -0.3563879 0.8001934 -3.48315e-6 -0.599742 0.7782874 -5.40423e-6 -0.6279084 0.569631 9.19076e-6 -0.8219007 0.5459298 -5.34579e-7 -0.8378309 0.2806141 -1.35708e-5 -0.9598207 0.2600464 3.52832e-6 -0.9655962 -0.03712737 1.93063e-6 -0.9993106 -0.05142074 -1.17716e-5 -0.9986771 -0.3510783 1.15205e-6 -0.9363462 -0.357782 -6.31961e-6 -0.9338052 -0.6289576 -4.16115e-6 -0.7774395 -0.6289763 7.51145e-6 -0.7774245 -0.3511329 -5.65982e-6 0.9363257 -0.628993 -7.68402e-6 0.777411 -0.6289557 4.31761e-6 0.7774412 -1 -2.35381e-5 0 -0.6290194 5.51441e-7 0.7773896 -0.6289604 -5.35995e-5 0.7774373 -0.6061162 -4.00245e-5 0.7953761 -0.3511325 -1.10269e-5 0.9363258 -0.5483582 -3.35425e-5 0.8362436 -0.5483199 -1.77473e-5 0.8362687 -0.3510881 1.55177e-5 0.9363424 -0.2628329 -1.46781e-5 0.9648414 -0.03714555 2.46428e-6 0.9993099 0.04846817 -8.73488e-6 0.9988248 0.2806041 3.59811e-5 0.9598237 0.355009 3.01283e-7 0.934863 0.5696179 -4.90807e-7 0.8219096 0.6267367 2.6878e-6 0.7792311 0.8001841 -4.66499e-6 0.5997545 0.837041 -2.3694e-6 0.5471402 0.9487399 1.54087e-6 0.316058 0.9652174 -3.33127e-5 0.2614491 1 -3.15811e-6 5.85349e-6 0.9987533 5.81495e-7 -0.04992091 0.9487391 -4.5253e-6 -0.3160606 0.9343385 2.45566e-6 -0.356387 0.8001932 2.76556e-6 -0.5997423 0.7782874 5.80121e-6 -0.6279084 0.5696297 -8.70507e-6 -0.8219016 0.545929 2.20328e-6 -0.8378315 0.2806515 -1.94567e-5 -0.9598097 0.2599983 1.02599e-5 -0.9656091 -0.03712785 -2.31061e-6 -0.9993106 -0.05142068 1.23349e-5 -0.9986771 -0.3510575 -4.76676e-5 -0.9363539 -0.3577824 6.14463e-6 -0.933805 -0.6289579 -1.84744e-5 -0.7774394 -0.6289763 -7.476e-6 -0.7774245 0 1 2.58496e-7 0 1 2.23076e-6 0 1 -6.06995e-6 0 1 4.87219e-6 0 1 1.67513e-5 0 1 7.39103e-6 0 1 7.79534e-6 0 1 -1.21399e-5 0 1 5.77256e-6 0 1 5.44556e-6 0 1 -1.34773e-6 0 1 6.73853e-7 0 1 3.69552e-6 0 1 5.44561e-6 0 1 -2.7716e-6 0 1 1.08911e-5 0 1 -1.00841e-6 0 1 -1.88028e-6 0 1 -9.10493e-6 0 1 -2.83233e-6 0 -1 -2.83233e-6 0 -1 4.87219e-6 0 -1 -1.88028e-6 0 -1 2.58496e-7 0 -1 2.23076e-6 0 -1 -6.06995e-6 0 -1 1.67513e-5 0 -1 7.39103e-6 0 -1 7.79534e-6 0 -1 -1.21399e-5 0 -1 5.77256e-6 0 -1 5.44556e-6 0 -1 -1.34773e-6 0 -1 6.73853e-7 0 -1 3.69552e-6 0 -1 5.44561e-6 0 -1 -2.7716e-6 0 -1 1.08911e-5 0 -1 -9.10493e-6 0.6061303 2.79695e-5 0.7953654 0.6289839 4.06094e-5 0.7774183 0.5483351 5.16772e-5 0.8362588 0.3511301 1.00732e-5 0.9363267 0.5483199 1.77473e-5 0.8362687 0.3510859 -1.3547e-5 0.9363433 0.2628329 1.46781e-5 0.9648414 0.03714555 -2.46428e-6 0.9993099 -0.04846817 8.73488e-6 0.9988248 -0.2806041 -3.59811e-5 0.9598237 -0.355009 -3.01283e-7 0.934863 -0.5696179 4.90807e-7 0.8219096 -0.6267367 -2.6878e-6 0.7792311 -0.8001841 4.66499e-6 0.5997545 -0.837041 2.3694e-6 0.5471402 -0.9487399 -1.54087e-6 0.316058 -0.9652174 3.33127e-5 0.2614491 -1 3.15811e-6 5.85349e-6 -0.9987533 -5.81495e-7 -0.04992091 -0.9487391 4.5253e-6 -0.3160606 -0.9343385 -2.45566e-6 -0.356387 -0.8001932 -2.76556e-6 -0.5997423 -0.7782874 -5.80121e-6 -0.6279084 -0.5696297 8.70507e-6 -0.8219016 -0.545929 -2.20328e-6 -0.8378315 -0.2806515 1.94567e-5 -0.9598097 -0.2599983 -1.02599e-5 -0.9656091 0.03712785 2.31061e-6 -0.9993106 0.05142068 -1.23349e-5 -0.9986771 0.3510575 4.76676e-5 -0.9363539 0.3577824 -6.14463e-6 -0.933805 0.6289579 1.84744e-5 -0.7774394 0.6289763 7.476e-6 -0.7774245 0.6290334 -5.5139e-7 0.7773784 0 1 1.13461e-6 0 1 -1.83709e-6 0 1 6.70243e-7 0 1 -3.13582e-5 0 1 9.26372e-6 0 1 -6.70253e-7 0 1 1.83709e-6 0 1 -1.14071e-5 0 1 1.56788e-5 0 1 -7.39093e-6 0 1 1.34773e-6 0 1 -1.01078e-6 0 1 -1.1477e-5 0 1 1.08912e-5 0 1 -8.60778e-6 0 1 7.39102e-6 0 1 -4.61933e-6 0 1 3.13576e-5 0 1 1.14073e-5 0 1 -1.56791e-5 -2.52091e-5 0.9999994 -0.001102268 -2.5198e-5 0.9999994 -0.001102268 -5.24402e-6 1 3.35528e-4 2.52091e-5 -0.9999994 -0.001102268 2.5198e-5 -0.9999994 -0.001102268 0 -1 5.25034e-7 0 -1 -1.09973e-6 5.24402e-6 -1 3.35528e-4 0 -1 -8.68969e-6 0 -1 4.58112e-6 0 -1 5.43107e-6 0 -1 8.00796e-6 0 -1 3.22632e-7 0 -1 -6.0906e-5 0 -1 3.40365e-5 0 -1 4.39573e-5 0 -1 -4.66603e-6 0 -1 5.20426e-6 0 -1 1.82467e-6 0 -1 -4.63561e-6 0 -1 1.53539e-6 0 -1 -1.73543e-6 0 -1 1.86866e-6 0 -1 9.08828e-6 0 -1 -2.2188e-5 0 -1 6.0899e-5 0 -1 -8.07389e-6 0 -1 1.30224e-6 0 -1 7.63208e-6 0 -1 3.81071e-6 0 -1 1.66415e-5 0 -1 8.49055e-6 0 -1 -1.43575e-6 0 -1 1.41874e-6 0 -1 -8.95412e-6 0 -1 5.71442e-5 0 -1 -7.19668e-5 0 -1 -1.26999e-5 0 -1 -3.41707e-6 0 -1 -1.2103e-6 0 -1 1.02781e-5 0 -1 -8.28453e-6 0 -1 -3.26221e-6 0 -1 1.4797e-6 0 -1 -4.95456e-6 0 -1 3.06936e-6 0 -1 -1.17741e-6 0 -1 -1.73127e-6 0 -1 -1.1477e-5 0 -1 1.08912e-5 0 -1 -9.11515e-7 0 -1 1.71167e-6 0 -1 -1.40009e-6 0 -1 -1.83709e-6 0 -1 6.70243e-7 0 -1 -3.13582e-5 0 -1 1.75076e-6 0 -1 1.83709e-6 0 -1 -1.14071e-5 0 -1 1.56788e-5 0 -1 -7.39093e-6 0 -1 -9.80566e-7 0 -1 -8.60778e-6 0 -1 9.26372e-6 0 -1 -6.70253e-7 0 -1 3.13576e-5 0 -1 1.14073e-5 0 -1 -1.56791e-5 0.6290194 0 0.7773896 0.6060963 -4.57913e-5 0.7953913 0.6289955 -1.82314e-5 0.777409 0.5483521 -2.90275e-5 0.8362476 0.3510884 3.38978e-6 0.9363424 0.2628331 -1.49608e-5 0.9648413 0.0371446 3.17732e-6 0.99931 -0.04847002 -7.22194e-6 0.9988247 -0.2806043 -6.15841e-7 0.9598236 -0.3550086 -1.67359e-6 0.934863 -0.5696175 -5.86966e-7 0.8219099 -0.6267744 -6.12484e-6 0.7792008 -0.800183 -5.72507e-6 0.5997561 -0.8370407 -2.61236e-6 0.5471408 -0.9487247 -1.20299e-5 0.3161037 -0.9652176 0 0.2614482 -1 -2.81539e-6 6.44034e-6 -0.9987533 1.95124e-6 -0.04992008 -0.9487389 -3.37372e-6 -0.3160609 -0.9343381 1.29757e-6 -0.3563879 -0.8001934 3.48315e-6 -0.599742 -0.7782874 5.40423e-6 -0.6279084 -0.569631 -9.19076e-6 -0.8219007 -0.5459298 5.34579e-7 -0.8378309 -0.2806141 1.35708e-5 -0.9598207 -0.2600464 -3.52832e-6 -0.9655962 0.03712737 -1.93063e-6 -0.9993106 0.05142074 1.17716e-5 -0.9986771 0.3510783 -1.15205e-6 -0.9363462 0.357782 6.31961e-6 -0.9338052 0.6289576 4.16115e-6 -0.7774395 0.6289763 -7.51145e-6 -0.7774245 0.8090187 0 -0.587783 0.8090142 0 -0.5877893 1 0 4.23924e-6 1 0 -3.88015e-6 0.809014 0 0.5877895 0.8090205 0 0.5877805 0.3090133 0 0.9510577 0.3090235 0 0.9510545 -0.3090235 0 0.9510545 -0.3090133 0 0.9510577 -0.8090202 0 0.587781 -0.8090141 0 0.5877893 -1 0 -4.21929e-6 -1 0 3.9001e-6 -0.809014 0 -0.5877894 -0.809019 0 -0.5877826 -0.3090122 0 -0.9510582 -0.3090199 0 -0.9510557 0.3090199 0 -0.9510557 0.3090122 0 -0.9510582 0.766037 0 -0.6427965 1 0 7.34944e-6 1 0 -7.34944e-6 0.766043 0 0.6427894 0.7660503 0 0.6427807 0.1736416 0 0.9848089 0.1736565 0 0.9848063 -0.5000066 0 0.8660218 -0.4999906 0 0.8660309 -0.9396947 0 0.3420144 -0.9396897 0 0.3420282 -0.939692 0 -0.3420218 -0.9396972 0 -0.342008 -0.499992 0 -0.8660302 -0.5000047 0 -0.8660228 0.1736585 0 -0.984806 0.1736441 0 -0.9848086 0.7660465 0 -0.6427852 0 -1 2.87443e-6 0 -1 -1.14979e-5 0 -1 1.14977e-5 0.8090143 0 -0.587789 1 0 4.40881e-6 1 0 -3.72056e-6 0.809014 0 0.5877893 0.8090209 0 0.5877801 0.3090235 0 0.9510544 -0.3090223 0 0.9510549 -0.3090129 0 0.9510579 -0.8090197 0 0.5877817 -0.8090133 0 -0.5877906 -0.8090187 0 -0.5877829 -0.3090113 0 -0.9510584 0.7660371 0 -0.6427965 1 0 7.33935e-6 1 0 -7.33935e-6 0.1736416 0 0.9848089 0.1736565 0 0.9848063 -0.5000066 0 0.8660217 0.1736585 0 -0.984806 0.1736441 0 -0.9848086 0 -1 2.87443e-6 0 -1 5.74893e-6 0 -1 -1.50507e-5 0.9135479 0 -0.4067312 1 0 -4.92179e-6 1 0 3.6174e-6 0.9135467 0 0.4067339 0.9135441 0 0.4067399 0.6691351 0 0.7431409 0.6691291 0 0.7431462 0.3090209 0 0.9510554 0.3090097 0 0.9510589 -0.1045244 0 0.9945224 -0.1045351 0 0.9945212 -0.4999939 0 0.866029 -0.5000041 0 0.8660231 -0.8090162 0 0.5877865 -0.8090214 0 0.5877792 -0.9781469 0 0.2079152 -0.9781482 0 0.2079091 -0.9781485 0 -0.2079077 -0.9781467 0 -0.2079162 -0.8090212 0 -0.5877795 -0.8090154 0 -0.5877876 -0.5000015 0 -0.8660246 -0.4999949 0 -0.8660284 -0.1045336 0 -0.9945214 -0.1045253 0 -0.9945223 0.3090097 0 -0.9510589 0.3090182 0 -0.9510561 0.6691301 0 -0.7431453 0.6691337 0 -0.743142 0.9135453 0 -0.4067372</float_array>
          <technique_common>
            <accessor source="#MPO-700_DLR_Simu_V2_4_6_MPO-700_DLR_Body_V2_4_6-mesh-normals-array" count="1282" stride="3">
              <param name="X" type="float"/>
              <param name="Y" type="float"/>
              <param name="Z" type="float"/>
            </accessor>
          </technique_common>
        </source>
        <source id="MPO-700_DLR_Simu_V2_4_6_MPO-700_DLR_Body_V2_4_6-mesh-map-0">
          <float_array id="MPO-700_DLR_Simu_V2_4_6_MPO-700_DLR_Body_V2_4_6-mesh-map-0-array" count="13560">0 0 0.3 0 0 44.6 0 44.6 0.3 0 0.3 44.6 0 0 27.3 0 0 44.6 0 44.6 27.3 0 27.3 44.6 0 0 0.3 0 0 44.6 0 44.6 0.3 0 0.3 44.6 9.806925 14 9.806925 14.05 9.356925 14 9.356925 14 9.806925 14.05 -9.543075 14.05 9.356925 14 -9.543075 14.05 9.306925 13.9866 9.306925 13.9866 -9.543075 14.05 9.270323 13.95 9.270323 13.95 -9.543075 14.05 9.256925 13.9 9.256925 13.9 -9.543075 14.05 9.256925 -13.9 9.256925 -13.9 -9.543075 14.05 -9.543075 -14.05 9.256925 -13.9 -9.543075 -14.05 9.270323 -13.95 9.270323 -13.95 -9.543075 -14.05 9.306925 -13.9866 9.306925 -13.9866 -9.543075 -14.05 9.356925 -14 9.356925 -14 -9.543075 -14.05 9.806925 -14.05 9.356925 -14 9.806925 -14.05 9.806925 -14 -9.743077 13.99641 -9.943077 13.65 -9.543075 14.05 -9.543075 14.05 -9.943077 13.65 -9.943077 -13.65 -9.543075 14.05 -9.943077 -13.65 -9.543075 -14.05 -9.543075 -14.05 -9.943077 -13.65 -9.743077 -13.99641 -9.743077 -13.99641 -9.943077 -13.65 -9.889487 -13.85 -9.743077 13.99641 -9.889487 13.85 -9.943077 13.65 -9.806925 -14.05 9.543075 -14.05 -9.806925 -13.65 -9.806925 -13.65 9.543075 -14.05 -9.806925 13.65 -9.806925 -13.65 -9.806925 13.65 -10.10692 13.65 9.743077 -13.99641 9.943077 -13.65 9.543075 -14.05 9.543075 -14.05 9.943077 -13.65 9.543075 14.05 9.543075 -14.05 9.543075 14.05 -9.806925 13.65 -9.806925 13.65 9.543075 14.05 -9.806925 14.05 9.743077 -13.99641 9.889487 -13.85 9.943077 -13.65 9.943077 -13.65 9.943077 13.65 9.543075 14.05 9.543075 14.05 9.943077 13.65 9.743077 13.99641 9.743077 13.99641 9.943077 13.65 9.889487 13.85 -10.10692 13.65 -10.10692 -13.65 -9.806925 -13.65 0 0 19.35 0 0 44.6 0 44.6 19.35 0 19.35 44.6 -44.6 0 0 0 -44.6 0.2094399 -44.6 0.2094399 0 0 0 0.2094399 -44.6 0.2094399 0 0.2094399 -44.6 0.418879 -44.6 0.418879 0 0.2094399 0 0.418879 -44.6 0.418879 0 0.418879 -44.6 0.628319 -44.6 0.628319 0 0.418879 0 0.628319 0 0 27.3 0 0 44.6 0 44.6 27.3 0 27.3 44.6 -44.6 0 0 0 -44.6 0.2094399 -44.6 0.2094399 0 0 0 0.2094399 -44.6 0.2094399 0 0.2094399 -44.6 0.418879 -44.6 0.418879 0 0.2094399 0 0.418879 -44.6 0.418879 0 0.418879 -44.6 0.628319 -44.6 0.628319 0 0.418879 0 0.628319 0 0 19.35 0 0 44.6 0 44.6 19.35 0 19.35 44.6 27.7 0 28.05 0 27.7 44.6 27.7 44.6 28.05 0 28.1 44.6 28.1 44.6 28.05 0 28.1 0 0.4 0 0.4 44.6 0.04999995 0 0.04999995 0 0.4 44.6 0 44.6 0.04999995 0 0 44.6 0 0 0 0.04061889 -0.03700596 0.0184099 0 0 0 0 -0.03700596 0.0184099 -0.07791399 0.00465697 0 0 -0.07791399 0.00465697 -0.12082 0 5 0.930274 5 1.037524 0 0.930274 0 0.930274 5 1.037524 0 1.143781 0 1.143781 5 1.037524 5 1.144774 0 1.143781 5 1.144774 1.357704 1.252025 1.357704 1.252025 5 1.144774 5 1.252025 0 1.143781 1.357704 1.252025 0 1.357289 0 1.357289 1.357704 1.252025 1.484484 1.570796 0 1.357289 1.484484 1.570796 0 1.570796 0 0 -1.484484 0 0 -0.08540296 0 -0.08540296 -1.484484 0 -1.540125 -0.1264809 0 -0.08540296 -1.540125 -0.1264809 -0.8 -0.1264809 0 -0.08540296 -0.8 -0.1264809 0 -0.170806 0 -0.170806 -0.8 -0.1264809 -0.8 -0.169724 0 -0.170806 -0.8 -0.169724 -0.8 -0.212966 -0.8 -0.256209 0 -0.256209 -0.8 -0.212966 -0.8 -0.212966 0 -0.256209 0 -0.170806 -4.090125 0 -2.950847 0 -4.090125 0.4 -4.090125 0.4 -2.950847 0 -2.950847 0.4 -5.559875 0.4 -6.699152 0.4 -5.559875 0 -5.559875 0 -6.699152 0.4 -6.699152 0 -23.37918 0 -23.42209 0.00465697 -23.5 0 -23.5 0 -23.42209 0.00465697 -23.46299 0.0184099 -23.5 0 -23.46299 0.0184099 -23.5 0.04061889 0.4 -3.903933 0 -3.903933 0.4 -4.898655 0.4 -4.898655 0 -3.903933 0 -4.898655 0.4 -4.898655 0 -4.898655 0.4 -5.893377 0.4 -5.893377 0 -4.898655 0 -5.893377 0.4 -5.893377 0 -5.893377 0.4 -6.888099 0.4 -6.888099 0 -5.893377 0 -6.888099 0.4 -6.888099 0 -6.888099 0.4 -7.882821 0.4 -7.882821 0 -6.888099 0 -7.882821 0.4 -7.882821 0 -7.882821 0.4 -8.877542 0.4 -8.877542 0 -7.882821 0 -8.877542 0.4 -8.877542 0 -8.877542 0.4 -9.872265 0.4 -9.872265 0 -8.877542 0 -9.872265 0.4 -9.872265 0 -9.872265 0.4 -10.86699 0.4 -10.86699 0 -9.872265 0 -10.86699 0.4 -10.86699 0 -10.86699 0.4 -11.86171 0.4 -11.86171 0 -10.86699 0 -11.86171 0.4 -11.86171 0 -11.86171 0.4 -12.85643 0.4 -12.85643 0 -11.86171 0 -12.85643 0.4 -12.85643 0 -12.85643 0.4 -13.85115 0.4 -13.85115 0 -12.85643 0 -13.85115 0.4 -13.85115 0 -13.85115 0.4 -14.84587 0.4 -14.84587 0 -13.85115 0 -14.84587 0.4 -14.84587 0 -14.84587 0.4 -15.8406 0.4 -15.8406 0 -14.84587 0 -15.8406 -2.858321 0.4 -3.85 0.4 -2.858321 0 -2.858321 0 -3.85 0.4 -3.85 0 -0.991679 0 0 0 -0.991679 0.4 -0.991679 0.4 0 0 0 0.4 0.4 -0.942478 0 -0.942478 0.4 -1.099558 0.4 -1.099558 0 -0.942478 0 -1.099558 0.4 -1.099558 0 -1.099558 0.4 -1.256637 0.4 -1.256637 0 -1.099558 0 -1.256637 0.4 -1.256637 0 -1.256637 0.4 -1.413717 0.4 -1.413717 0 -1.256637 0 -1.413717 -22.4 0 0 0 -22.4 0.4 -22.4 0.4 0 0 0 0.4 0.4 -0.942478 0 -0.942478 0.4 -1.099558 0.4 -1.099558 0 -0.942478 0 -1.099558 0.4 -1.099558 0 -1.099558 0.4 -1.256637 0.4 -1.256637 0 -1.099558 0 -1.256637 0.4 -1.256637 0 -1.256637 0.4 -1.413717 0.4 -1.413717 0 -1.256637 0 -1.413717 -0.8 0 -0.8 -0.04324299 0 0 0 0 -0.8 -0.04324299 0 -0.08540296 0 -0.08540296 -0.8 -0.04324299 -0.8 -0.08648496 0 -0.08540296 -0.8 -0.08648496 -0.8 -0.129728 0 -0.08540296 -0.8 -0.129728 0 -0.170806 0 -0.170806 -0.8 -0.129728 -1.540125 -0.129728 0 -0.170806 -1.540125 -0.129728 -1.484484 -0.256209 -1.484484 -0.256209 0 -0.256209 0 -0.170806 0 -5.835004 0.4 -5.835004 0 -4.840282 0 -4.840282 0.4 -5.835004 0.4 -4.840282 0 -4.840282 0.4 -4.840282 0 -3.84556 0 -3.84556 0.4 -4.840282 0.4 -3.84556 0 -3.84556 0.4 -3.84556 0 -2.850838 0 -2.850838 0.4 -3.84556 0.4 -2.850838 0 -2.850838 0.4 -2.850838 0 -1.856116 0 -1.856116 0.4 -2.850838 0.4 -1.856116 0 -1.856116 0.4 -1.856116 0 -0.861394 0 -0.861394 0.4 -1.856116 0.4 -0.861394 0 -0.861394 0.4 -0.861394 0 0.133328 0 0.133328 0.4 -0.861394 0.4 0.133328 0 0.133328 0.4 0.133328 0 1.128049 0 1.128049 0.4 0.133328 0.4 1.128049 0 1.128049 0.4 1.128049 0 2.122771 0 2.122771 0.4 1.128049 0.4 2.122771 0 2.122771 0.4 2.122771 0 3.117493 0 3.117493 0.4 2.122771 0.4 3.117493 0 3.117493 0.4 3.117493 0 4.112215 0 4.112215 0.4 3.117493 0.4 4.112215 0 4.112215 0.4 4.112215 0 5.106937 0 5.106937 0.4 4.112215 0.4 5.106937 0 5.106937 0.4 5.106937 0 6.101659 0 6.101659 0.4 5.106937 0.4 6.101659 0 0.930274 1.484484 0.930274 0 1.143781 0 1.143781 1.484484 0.930274 1.357704 1.249046 0 1.143781 1.357704 1.249046 0 1.357289 0 1.357289 1.357704 1.249046 5 1.356296 0 1.357289 5 1.356296 5 1.463546 1.357704 1.249046 5 1.249046 5 1.356296 5 1.570796 0 1.570796 5 1.463546 5 1.463546 0 1.570796 0 1.357289 5 0.930274 5 1.037524 0 0.930274 0 0.930274 5 1.037524 0 1.143781 0 1.143781 5 1.037524 5 1.144774 0 1.143781 5 1.144774 1.357704 1.252025 1.357704 1.252025 5 1.144774 5 1.252025 0 1.143781 1.357704 1.252025 0 1.357289 0 1.357289 1.357704 1.252025 1.484484 1.570796 0 1.357289 1.484484 1.570796 0 1.570796 0.12082 0 0.07791399 0.00465697 0 0 0 0 0.07791399 0.00465697 0.03700596 0.0184099 0 0 0.03700596 0.0184099 0 0.04061889 0 0 -1.484484 0 0 -0.08540296 0 -0.08540296 -1.484484 0 -1.540125 -0.1264809 0 -0.08540296 -1.540125 -0.1264809 -0.8 -0.1264809 0 -0.08540296 -0.8 -0.1264809 0 -0.170806 0 -0.170806 -0.8 -0.1264809 -0.8 -0.169724 0 -0.170806 -0.8 -0.169724 -0.8 -0.212966 -0.8 -0.256209 0 -0.256209 -0.8 -0.212966 -0.8 -0.212966 0 -0.256209 0 -0.170806 -0.8 0 -0.8 -0.04324299 0 0 0 0 -0.8 -0.04324299 0 -0.08540296 0 -0.08540296 -0.8 -0.04324299 -0.8 -0.08648496 0 -0.08540296 -0.8 -0.08648496 -0.8 -0.129728 0 -0.08540296 -0.8 -0.129728 0 -0.170806 0 -0.170806 -0.8 -0.129728 -1.540125 -0.129728 0 -0.170806 -1.540125 -0.129728 -1.484484 -0.256209 -1.484484 -0.256209 0 -0.256209 0 -0.170806 4.090125 0.4 2.950847 0.4 4.090125 0 4.090125 0 2.950847 0.4 2.950847 0 5.559875 0 6.699152 0 5.559875 0.4 5.559875 0.4 6.699152 0 6.699152 0.4 23.5 0.04061889 23.46299 0.0184099 23.5 0 23.5 0 23.46299 0.0184099 23.42209 0.00465697 23.5 0 23.42209 0.00465697 23.37918 0 0 -3.903933 -0.4 -3.903933 0 -4.898655 0 -4.898655 -0.4 -3.903933 -0.4 -4.898655 0 -4.898655 -0.4 -4.898655 0 -5.893377 0 -5.893377 -0.4 -4.898655 -0.4 -5.893377 0 -5.893377 -0.4 -5.893377 0 -6.888099 0 -6.888099 -0.4 -5.893377 -0.4 -6.888099 0 -6.888099 -0.4 -6.888099 0 -7.882821 0 -7.882821 -0.4 -6.888099 -0.4 -7.882821 0 -7.882821 -0.4 -7.882821 0 -8.877542 0 -8.877542 -0.4 -7.882821 -0.4 -8.877542 0 -8.877542 -0.4 -8.877542 0 -9.872265 0 -9.872265 -0.4 -8.877542 -0.4 -9.872265 0 -9.872265 -0.4 -9.872265 0 -10.86699 0 -10.86699 -0.4 -9.872265 -0.4 -10.86699 0 -10.86699 -0.4 -10.86699 0 -11.86171 0 -11.86171 -0.4 -10.86699 -0.4 -11.86171 0 -11.86171 -0.4 -11.86171 0 -12.85643 0 -12.85643 -0.4 -11.86171 -0.4 -12.85643 0 -12.85643 -0.4 -12.85643 0 -13.85115 0 -13.85115 -0.4 -12.85643 -0.4 -13.85115 0 -13.85115 -0.4 -13.85115 0 -14.84587 0 -14.84587 -0.4 -13.85115 -0.4 -14.84587 0 -14.84587 -0.4 -14.84587 0 -15.8406 0 -15.8406 -0.4 -14.84587 -0.4 -15.8406 2.858321 0 3.85 0 2.858321 0.4 2.858321 0.4 3.85 0 3.85 0.4 0.991679 0.4 0 0.4 0.991679 0 0.991679 0 0 0.4 0 0 -0.4 0.471239 0 0.471239 -0.4 0.628319 -0.4 0.628319 0 0.471239 0 0.628319 -0.4 0.628319 0 0.628319 -0.4 0.785398 -0.4 0.785398 0 0.628319 0 0.785398 -0.4 0.785398 0 0.785398 -0.4 0.942478 -0.4 0.942478 0 0.785398 0 0.942478 0 0 22.4 0 0 0.4 0 0.4 22.4 0 22.4 0.4 -0.4 0.471239 0 0.471239 -0.4 0.628319 -0.4 0.628319 0 0.471239 0 0.628319 -0.4 0.628319 0 0.628319 -0.4 0.785398 -0.4 0.785398 0 0.628319 0 0.785398 -0.4 0.785398 0 0.785398 -0.4 0.942478 -0.4 0.942478 0 0.785398 0 0.942478 0 0.930274 1.484484 0.930274 0 1.143781 0 1.143781 1.484484 0.930274 1.357704 1.249046 0 1.143781 1.357704 1.249046 0 1.357289 0 1.357289 1.357704 1.249046 5 1.356296 0 1.357289 5 1.356296 5 1.463546 1.357704 1.249046 5 1.249046 5 1.356296 5 1.570796 0 1.570796 5 1.463546 5 1.463546 0 1.570796 0 1.357289 -0.4 -5.835004 0 -5.835004 -0.4 -4.840282 -0.4 -4.840282 0 -5.835004 0 -4.840282 -0.4 -4.840282 0 -4.840282 -0.4 -3.84556 -0.4 -3.84556 0 -4.840282 0 -3.84556 -0.4 -3.84556 0 -3.84556 -0.4 -2.850838 -0.4 -2.850838 0 -3.84556 0 -2.850838 -0.4 -2.850838 0 -2.850838 -0.4 -1.856116 -0.4 -1.856116 0 -2.850838 0 -1.856116 -0.4 -1.856116 0 -1.856116 -0.4 -0.861394 -0.4 -0.861394 0 -1.856116 0 -0.861394 -0.4 -0.861394 0 -0.861394 -0.4 0.133328 -0.4 0.133328 0 -0.861394 0 0.133328 -0.4 0.133328 0 0.133328 -0.4 1.128049 -0.4 1.128049 0 0.133328 0 1.128049 -0.4 1.128049 0 1.128049 -0.4 2.122771 -0.4 2.122771 0 1.128049 0 2.122771 -0.4 2.122771 0 2.122771 -0.4 3.117493 -0.4 3.117493 0 2.122771 0 3.117493 -0.4 3.117493 0 3.117493 -0.4 4.112215 -0.4 4.112215 0 3.117493 0 4.112215 -0.4 4.112215 0 4.112215 -0.4 5.106937 -0.4 5.106937 0 4.112215 0 5.106937 -0.4 5.106937 0 5.106937 -0.4 6.101659 -0.4 6.101659 0 5.106937 0 6.101659 0 0.478452 5 0.478452 0 0.528407 0 0.528407 5 0.478452 5 0.528407 0 0.528407 5 0.528407 0 0.578363 0 0.578363 5 0.528407 5 0.578363 0 0.578363 5 0.578363 0 0.628319 0 0.628319 5 0.578363 5 0.628319 0 4.046402 -5 4.046402 0 2.793532 0 2.793532 -5 4.046402 -5 2.793532 0 2.793532 -5 2.793532 0 1.540662 0 1.540662 -5 2.793532 -5 1.540662 0 1.540662 -5 1.540662 0 0.287791 0 0.287791 -5 1.540662 -5 0.287791 0 0.287791 -5 0.287791 0 -0.965079 0 -0.965079 -5 0.287791 -5 -0.965079 0 -0.965079 -5 -0.965079 0 -2.217949 0 -2.217949 -5 -0.965079 -5 -2.217949 0 -2.217949 -5 -2.217949 0 -3.470819 0 -3.470819 -5 -2.217949 -5 -3.470819 0 -3.470819 -5 -3.470819 0 -4.72369 0 -4.72369 -5 -3.470819 -5 -4.72369 0 -4.72369 -5 -4.72369 0 -5.97656 0 -5.97656 -5 -4.72369 -5 -5.97656 0 -5.97656 -5 -5.97656 0 -7.22943 0 -7.22943 -5 -5.97656 -5 -7.22943 0 -7.22943 -5 -7.22943 0 -8.482301 0 -8.482301 -5 -7.22943 -5 -8.482301 1.6 5 0 5 1.6 0 1.6 0 0 5 0 0 0.549625 13.65 0.549625 14 0.249625 13.65 0.249625 13.65 0.549625 14 0.199625 14 0.249625 13.65 0.199625 14 0.249625 -13.65 0.249625 -13.65 0.199625 14 0.199625 -14 0.249625 -13.65 0.199625 -14 0.549625 -14 0.199625 -14 0.199625 14 0.149625 -14.0134 0.149625 -14.0134 0.199625 14 0.149625 14.0134 0.149625 -14.0134 0.149625 14.0134 0.113022 -14.05 0.113022 -14.05 0.149625 14.0134 0.113022 14.05 0.113022 -14.05 0.113022 14.05 0.09962499 -14.1 0.09962499 -14.1 0.113022 14.05 0.09962499 14.1 0.549625 -14 0.549625 -13.65 0.249625 -13.65 0 0 0.9 0 0 0.4 0 0.4 0.9 0 0.9 0.4 -0.4 -0.1570799 0 -0.1570799 -0.4 -0.1047199 -0.4 -0.1047199 0 -0.1570799 0 -0.1047199 -0.4 -0.1047199 0 -0.1047199 -0.4 -0.05235993 -0.4 -0.05235993 0 -0.1047199 0 -0.05235993 -0.4 -0.05235993 0 -0.05235993 -0.4 0 -0.4 0 0 -0.05235993 0 0 0.4 -0.314159 0 -0.314159 0.4 -0.366519 0.4 -0.366519 0 -0.314159 0 -0.366519 0.4 -0.366519 0 -0.366519 0.4 -0.418879 0.4 -0.418879 0 -0.366519 0 -0.418879 0.4 -0.418879 0 -0.418879 0.4 -0.471239 0.4 -0.471239 0 -0.418879 0 -0.471239 0 0.4 0 0 0.45 0.4 0.45 0.4 0 0 0.8 0 0.45 0.4 0.8 0 0.8 0.4 -0.4 -0.1570799 0 -0.1570799 -0.4 -0.1047199 -0.4 -0.1047199 0 -0.1570799 0 -0.1047199 -0.4 -0.1047199 0 -0.1047199 -0.4 -0.05235993 -0.4 -0.05235993 0 -0.1047199 0 -0.05235993 -0.4 -0.05235993 0 -0.05235993 -0.4 0 -0.4 0 0 -0.05235993 0 0 0 0 27.8 0 0 0.4 0 0.4 27.8 0 27.8 0.4 -0.4 -0.1570799 0 -0.1570799 -0.4 -0.1047199 -0.4 -0.1047199 0 -0.1570799 0 -0.1047199 -0.4 -0.1047199 0 -0.1047199 -0.4 -0.05235993 -0.4 -0.05235993 0 -0.1047199 0 -0.05235993 -0.4 -0.05235993 0 -0.05235993 -0.4 0 -0.4 0 0 -0.05235993 0 0 0 0.4 0 0 0.35 0.4 0.35 0.4 0 0 0.8 0 0.35 0.4 0.8 0 0.8 0.4 0.4 -0.314159 0 -0.314159 0.4 -0.366519 0.4 -0.366519 0 -0.314159 0 -0.366519 0.4 -0.366519 0 -0.366519 0.4 -0.418879 0.4 -0.418879 0 -0.366519 0 -0.418879 0.4 -0.418879 0 -0.418879 0.4 -0.471239 0.4 -0.471239 0 -0.418879 0 -0.471239 -0.4 -0.1570799 0 -0.1570799 -0.4 -0.1047199 -0.4 -0.1047199 0 -0.1570799 0 -0.1047199 -0.4 -0.1047199 0 -0.1047199 -0.4 -0.05235993 -0.4 -0.05235993 0 -0.1047199 0 -0.05235993 -0.4 -0.05235993 0 -0.05235993 -0.4 0 -0.4 0 0 -0.05235993 0 0 0 0 0.9 0 0 0.4 0 0.4 0.9 0 0.9 0.4 22.5 -17.6 22.72155 -19.80568 22.9 -17.6 22.9 -17.6 22.72155 -19.80568 22.81278 -19.83594 22.9 -17.6 22.81278 -19.83594 22.9 -19.8763 22.5 -19.63761 22.56236 -19.75935 22.5 -17.6 22.5 -17.6 22.56236 -19.75935 22.6275 -19.78592 22.5 -17.6 22.6275 -19.78592 22.72155 -19.80568 22.5 -19.63761 22.5165 -19.706 22.56236 -19.75935 2.1763 0 2.1763 0.9 0.138686 0 0.138686 0 2.1763 0.9 0.138686 1 0.138686 1 2.1763 0.9 2.189698 0.95 0.138686 1 2.189698 0.95 2.2263 0.986603 2.2263 0.986603 2.2763 1 0.138686 1 -0.4 -0.1570799 0 -0.1570799 -0.4 -0.1047199 -0.4 -0.1047199 0 -0.1570799 0 -0.1047199 -0.4 -0.1047199 0 -0.1047199 -0.4 -0.05235993 -0.4 -0.05235993 0 -0.1047199 0 -0.05235993 -0.4 -0.05235993 0 -0.05235993 -0.4 0 -0.4 0 0 -0.05235993 0 0 -0.4 -0.1570799 0 -0.1570799 -0.4 -0.1047199 -0.4 -0.1047199 0 -0.1570799 0 -0.1047199 -0.4 -0.1047199 0 -0.1047199 -0.4 -0.05235993 -0.4 -0.05235993 0 -0.1047199 0 -0.05235993 -0.4 -0.05235993 0 -0.05235993 -0.4 0 -0.4 0 0 -0.05235993 0 0 0 0 0.9 0 0 0.4 0 0.4 0.9 0 0.9 0.4 0 0 0.9 0 0 0.4 0 0.4 0.9 0 0.9 0.4 -22.9 -18.6 -22.72155 -19.80568 -22.5 -18.6 -22.5 -18.6 -22.72155 -19.80568 -22.6275 -19.78592 -22.5 -18.6 -22.6275 -19.78592 -22.56236 -19.75935 -22.9 -19.8763 -22.81278 -19.83594 -22.9 -18.6 -22.9 -18.6 -22.81278 -19.83594 -22.72155 -19.80568 -22.5165 -19.706 -22.5 -19.63761 -22.56236 -19.75935 -22.56236 -19.75935 -22.5 -19.63761 -22.5 -18.6 -22.5 18.6 -22.72155 19.80568 -22.9 18.6 -22.9 18.6 -22.72155 19.80568 -22.81278 19.83594 -22.9 18.6 -22.81278 19.83594 -22.9 19.8763 -22.5 19.63761 -22.56236 19.75935 -22.5 18.6 -22.5 18.6 -22.56236 19.75935 -22.6275 19.78592 -22.5 18.6 -22.6275 19.78592 -22.72155 19.80568 -22.5 19.63761 -22.5165 19.706 -22.56236 19.75935 38.3763 0 39.41391 0 38.3763 0.9 38.3763 0.9 39.41391 0 39.41391 1 38.3763 0.9 39.41391 1 38.3629 0.95 38.3629 0.95 39.41391 1 38.3263 0.986603 38.3263 0.986603 39.41391 1 38.2763 1 1.1763 0 1.1763 0.9 0.138686 0 0.138686 0 1.1763 0.9 0.138686 1 0.138686 1 1.1763 0.9 1.189698 0.95 0.138686 1 1.189698 0.95 1.2263 0.986603 1.2263 0.986603 1.2763 1 0.138686 1 -8.600002 0.210267 -9.600002 0.210267 -8.600002 0.07008898 -8.600002 0.07008898 -9.600002 0.210267 -9.600002 0.07008898 -8.600002 0.07008898 -9.600002 0.07008898 -9.600002 -0.07008898 -9.600002 -0.210267 -8.600002 -0.210267 -9.600002 -0.07008898 -9.600002 -0.07008898 -8.600002 -0.210267 -8.600002 -0.07008898 -9.600002 -0.07008898 -8.600002 -0.07008898 -8.600002 0.07008898 0.354102 1 0 1 0.354102 0 0.354102 0 0 1 0 0 23.48048 29.49245 23.42344 29.62 23.5 29.3541 23.5 29.3541 23.42344 29.62 23.33333 29.72678 23.5 29.3541 23.33333 29.72678 23.5 29 23.5 29 23.33333 29.72678 23.36603 28.5 23.36603 28.5 23.33333 29.72678 23 28.13397 23 28.13397 23.33333 29.72678 22.5 28 22.5 28 23.33333 29.72678 22.33761 30.41991 22.5 28 22.33761 30.41991 21.20425 30.85281 22.5 28 21.20425 30.85281 19 28 19 28 21.20425 30.85281 20 31 19 28 20 31 18.07295 27.85317 18.07295 27.85317 20 31 17.23665 27.42705 17.23665 27.42705 20 31 16.57295 26.76336 16.57295 26.76336 20 31 -20 31 16.57295 26.76336 -20 31 -16.57295 26.76336 -16.57295 26.76336 -20 31 -17.23665 27.42705 -17.23665 27.42705 -20 31 -18.07295 27.85317 -18.07295 27.85317 -20 31 -19 28 -19 28 -20 31 -21.20425 30.85281 -19 28 -21.20425 30.85281 -22.5 28 -22.5 28 -21.20425 30.85281 -22.33761 30.41991 -22.5 28 -22.33761 30.41991 -23.33333 29.72678 -23.42344 29.62 -23.5 29.3541 -23.33333 29.72678 -23.33333 29.72678 -23.5 29.3541 -23.5 29 -23.33333 29.72678 -23.5 29 -23.36603 28.5 -23.42344 29.62 -23.48048 29.49245 -23.5 29.3541 -23.36603 28.5 -23 28.13397 -23.33333 29.72678 -23.33333 29.72678 -23 28.13397 -22.5 28 16.57295 26.76336 -16.57295 26.76336 16.14683 25.92705 16.14683 25.92705 -16.57295 26.76336 -16.14683 25.92705 16.14683 25.92705 -16.14683 25.92705 16 25 16 25 -16.14683 25.92705 -16 25 16 25 -16 25 16.14683 24.07295 16.14683 24.07295 -16 25 -16.14683 24.07295 16.14683 24.07295 -16.14683 24.07295 16.57295 23.23665 16.57295 23.23665 -16.14683 24.07295 -16.57295 23.23665 16.57295 23.23665 -16.57295 23.23665 16.57295 -23.23665 16.57295 -23.23665 -16.57295 23.23665 -16.57295 -23.23665 16.57295 -23.23665 -16.57295 -23.23665 16.14683 -24.07295 16.14683 -24.07295 -16.57295 -23.23665 -16.14683 -24.07295 16.14683 -24.07295 -16.14683 -24.07295 16 -25 16 -25 -16.14683 -24.07295 -16 -25 16 -25 -16 -25 16.14683 -25.92705 16.14683 -25.92705 -16 -25 -16.14683 -25.92705 16.14683 -25.92705 -16.14683 -25.92705 16.57295 -26.76336 16.57295 -26.76336 -16.14683 -25.92705 -16.57295 -26.76336 16.57295 -26.76336 -16.57295 -26.76336 20 -31 20 -31 -16.57295 -26.76336 -20 -31 -20 -31 -16.57295 -26.76336 -17.23665 -27.42705 -20 -31 -17.23665 -27.42705 -18.07295 -27.85317 -16.57295 23.23665 -17.23665 22.57295 -16.57295 -23.23665 -16.57295 -23.23665 -17.23665 22.57295 -17.23665 -22.57295 -17.23665 -22.57295 -17.23665 22.57295 -22.5 18.5 -17.23665 -22.57295 -22.5 18.5 -22.5 -18.5 -22.5 -18.5 -22.5 18.5 -22.9 -18.5 -22.9 -18.5 -22.5 18.5 -22.9 18.5 -17.23665 22.57295 -18.07295 22.14683 -22.5 18.5 -22.5 18.5 -18.07295 22.14683 -19 22 -22.5 18.5 -19 22 -22.5 19.63761 -22.5 19.63761 -19 22 -22.5165 19.706 -22.5165 19.706 -19 22 -22.5 22 -22.5165 19.706 -22.5 22 -22.56236 19.75935 -22.56236 19.75935 -22.5 22 -22.6275 19.78592 -22.6275 19.78592 -22.5 22 -22.81003 19.83486 -22.81003 19.83486 -22.5 22 -22.97724 19.92292 -22.97724 19.92292 -22.5 22 -23.12085 20.04575 -23.12085 20.04575 -22.5 22 -23 21.86603 -23.12085 20.04575 -23 21.86603 -23.22295 20.15822 -23.22295 20.15822 -23 21.86603 -23.36603 21.5 -23.22295 20.15822 -23.36603 21.5 -23.5 21 -23.5 20.601 -23.41694 20.39195 -23.5 21 -23.5 21 -23.41694 20.39195 -23.32167 20.27365 -23.5 21 -23.32167 20.27365 -23.22295 20.15822 -23.4858 20.52645 -23.45778 20.45592 -23.5 20.601 -23.5 20.601 -23.45778 20.45592 -23.41694 20.39195 -22.5 -19.63761 -19 -22 -22.5 -18.5 -22.5 -18.5 -19 -22 -18.07295 -22.14683 -22.5 -18.5 -18.07295 -22.14683 -17.23665 -22.57295 -22.5 -19.63761 -22.5165 -19.706 -19 -22 -19 -22 -22.5165 -19.706 -22.5 -22 -22.5 -22 -22.5165 -19.706 -22.56236 -19.75935 -22.5 -22 -22.56236 -19.75935 -22.6275 -19.78592 -22.6275 -19.78592 -22.81003 -19.83486 -22.5 -22 -22.5 -22 -22.81003 -19.83486 -22.97724 -19.92292 -22.5 -22 -22.97724 -19.92292 -23.12085 -20.04575 -22.5 -22 -23.12085 -20.04575 -23 -21.86603 -23 -21.86603 -23.12085 -20.04575 -23.22295 -20.15822 -23 -21.86603 -23.22295 -20.15822 -23.36603 -21.5 -23.36603 -21.5 -23.22295 -20.15822 -23.5 -21 -23.5 -21 -23.22295 -20.15822 -23.32167 -20.27365 -23.5 -21 -23.32167 -20.27365 -23.41694 -20.39195 -23.5 -21 -23.41694 -20.39195 -23.5 -20.601 -23.5 -20.601 -23.41694 -20.39195 -23.45778 -20.45592 -23.5 -20.601 -23.45778 -20.45592 -23.4858 -20.52645 -18.07295 -27.85317 -19 -28 -20 -31 -20 -31 -19 -28 -21.20425 -30.85281 -21.20425 -30.85281 -19 -28 -22.5 -28 -21.20425 -30.85281 -22.5 -28 -22.33761 -30.41991 -22.33761 -30.41991 -22.5 -28 -23.33333 -29.72678 -23.33333 -29.72678 -22.5 -28 -23 -28.13397 -23.33333 -29.72678 -23 -28.13397 -23.36603 -28.5 -23.36603 -28.5 -23.5 -29 -23.33333 -29.72678 -23.33333 -29.72678 -23.5 -29 -23.5 -29.3541 -23.33333 -29.72678 -23.5 -29.3541 -23.42344 -29.62 -23.42344 -29.62 -23.5 -29.3541 -23.48048 -29.49245 21.20425 -30.85281 19 -28 20 -31 20 -31 19 -28 18.07295 -27.85317 20 -31 18.07295 -27.85317 17.23665 -27.42705 19 -28 21.20425 -30.85281 22.5 -28 22.5 -28 21.20425 -30.85281 22.33761 -30.41991 22.5 -28 22.33761 -30.41991 23.33333 -29.72678 23.42344 -29.62 23.5 -29.3541 23.33333 -29.72678 23.33333 -29.72678 23.5 -29.3541 23.5 -29 23.33333 -29.72678 23.5 -29 23.36603 -28.5 23.42344 -29.62 23.48048 -29.49245 23.5 -29.3541 23.36603 -28.5 23 -28.13397 23.33333 -29.72678 23.33333 -29.72678 23 -28.13397 22.5 -28 17.23665 -27.42705 16.57295 -26.76336 20 -31 16.57295 23.23665 16.57295 -23.23665 22.5 -14.1 22.5 -14.1 16.57295 -23.23665 17.23665 -22.57295 22.5 -14.1 17.23665 -22.57295 18.07295 -22.14683 22.5 -14.1 18.07295 -22.14683 22.5 -17.5 22.5 -17.5 18.07295 -22.14683 19 -22 22.5 -17.5 19 -22 22.5 -19.63761 22.5 -19.63761 19 -22 22.5165 -19.706 22.5165 -19.706 19 -22 22.5 -22 22.5165 -19.706 22.5 -22 22.56236 -19.75935 22.56236 -19.75935 22.5 -22 22.6275 -19.78592 22.6275 -19.78592 22.5 -22 22.81003 -19.83486 22.81003 -19.83486 22.5 -22 22.97724 -19.92292 22.97724 -19.92292 22.5 -22 23.12085 -20.04575 23.12085 -20.04575 22.5 -22 23 -21.86603 23.12085 -20.04575 23 -21.86603 23.22295 -20.15822 23.22295 -20.15822 23 -21.86603 23.36603 -21.5 23.22295 -20.15822 23.36603 -21.5 23.5 -21 23.5 -20.601 23.41694 -20.39195 23.5 -21 23.5 -21 23.41694 -20.39195 23.32167 -20.27365 23.5 -21 23.32167 -20.27365 23.22295 -20.15822 23.4858 -20.52645 23.45778 -20.45592 23.5 -20.601 23.5 -20.601 23.45778 -20.45592 23.41694 -20.39195 22.5 -17.5 22.9 -17.5 22.5 -14.1 22.5 -14.1 22.9 -17.5 22.9 -14.1 22.5 -14.1 22.5 14.1 16.57295 23.23665 16.57295 23.23665 22.5 14.1 17.23665 22.57295 17.23665 22.57295 22.5 14.1 18.07295 22.14683 18.07295 22.14683 22.5 14.1 22.5 17.5 18.07295 22.14683 22.5 17.5 19 22 19 22 22.5 17.5 22.5 19.63761 19 22 22.5 19.63761 22.5165 19.706 22.5 14.1 22.9 14.1 22.5 17.5 22.5 17.5 22.9 14.1 22.9 17.5 19 22 22.5165 19.706 22.5 22 22.5 22 22.5165 19.706 22.56236 19.75935 22.5 22 22.56236 19.75935 22.6275 19.78592 22.6275 19.78592 22.81003 19.83486 22.5 22 22.5 22 22.81003 19.83486 22.97724 19.92292 22.5 22 22.97724 19.92292 23.12085 20.04575 22.5 22 23.12085 20.04575 23 21.86603 23 21.86603 23.12085 20.04575 23.22295 20.15822 23 21.86603 23.22295 20.15822 23.36603 21.5 23.36603 21.5 23.22295 20.15822 23.5 21 23.5 21 23.22295 20.15822 23.32167 20.27365 23.5 21 23.32167 20.27365 23.41694 20.39195 23.5 21 23.41694 20.39195 23.5 20.601 23.5 20.601 23.41694 20.39195 23.45778 20.45592 23.5 20.601 23.45778 20.45592 23.4858 20.52645 8.600002 -0.210267 9.600002 -0.210267 8.600002 -0.07008898 8.600002 -0.07008898 9.600002 -0.210267 9.600002 -0.07008898 8.600002 -0.07008898 9.600002 -0.07008898 9.600002 0.07008898 9.600002 0.210267 8.600002 0.210267 9.600002 0.07008898 9.600002 0.07008898 8.600002 0.210267 8.600002 0.07008898 9.600002 0.07008898 8.600002 0.07008898 8.600002 -0.07008898 -8.600002 7.853982 -8.600002 6.802646 0 7.853982 0 7.853982 -8.600002 6.802646 0 6.544985 0 6.544985 -8.600002 6.802646 -8.600002 5.75131 0 6.544985 -8.600002 5.75131 0 5.235988 0 5.235988 -8.600002 5.75131 -8.600002 4.699974 0 5.235988 -8.600002 4.699974 0 3.926991 0 3.926991 -8.600002 4.699974 -8.600002 3.648638 0 3.926991 -8.600002 3.648638 0 2.617994 0 2.617994 -8.600002 3.648638 -9.600001 3.648638 0 2.617994 -9.600001 3.648638 -9.600001 2.432425 0 2.617994 -9.600001 2.432425 0 1.308997 0 1.308997 -9.600001 2.432425 -9.600001 1.216213 0 1.308997 -9.600001 1.216213 0 0 0 0 -9.600001 1.216213 -9.600001 0 8.600002 -0.210267 9.600002 -0.210267 8.600002 -0.07008898 8.600002 -0.07008898 9.600002 -0.210267 9.600002 -0.07008898 8.600002 -0.07008898 9.600002 -0.07008898 9.600002 0.07008898 9.600002 0.210267 8.600002 0.210267 9.600002 0.07008898 9.600002 0.07008898 8.600002 0.210267 8.600002 0.07008898 9.600002 0.07008898 8.600002 0.07008898 8.600002 -0.07008898 -8.600002 7.853982 -8.600002 6.802646 0 7.853982 0 7.853982 -8.600002 6.802646 0 6.544985 0 6.544985 -8.600002 6.802646 -8.600002 5.75131 0 6.544985 -8.600002 5.75131 0 5.235988 0 5.235988 -8.600002 5.75131 -8.600002 4.699974 0 5.235988 -8.600002 4.699974 0 3.926991 0 3.926991 -8.600002 4.699974 -8.600002 3.648638 0 3.926991 -8.600002 3.648638 0 2.617994 0 2.617994 -8.600002 3.648638 -9.600001 3.648638 0 2.617994 -9.600001 3.648638 -9.600001 2.432425 0 2.617994 -9.600001 2.432425 0 1.308997 0 1.308997 -9.600001 2.432425 -9.600001 1.216213 0 1.308997 -9.600001 1.216213 0 0 0 0 -9.600001 1.216213 -9.600001 0 -8.600002 0.210267 -9.600002 0.210267 -8.600002 0.07008898 -8.600002 0.07008898 -9.600002 0.210267 -9.600002 0.07008898 -8.600002 0.07008898 -9.600002 0.07008898 -9.600002 -0.07008898 -9.600002 -0.210267 -8.600002 -0.210267 -9.600002 -0.07008898 -9.600002 -0.07008898 -8.600002 -0.210267 -8.600002 -0.07008898 -9.600002 -0.07008898 -8.600002 -0.07008898 -8.600002 0.07008898 -9.600001 -11.50262 -8.600002 -11.50262 -9.600001 -10.28641 -9.600001 -10.28641 -8.600002 -11.50262 0 -10.47198 -9.600001 -10.28641 0 -10.47198 0 -9.16298 0 -10.47198 -8.600002 -11.50262 0 -11.78097 0 -11.78097 -8.600002 -11.50262 -8.600002 -12.55395 0 -11.78097 -8.600002 -12.55395 0 -13.08997 0 -13.08997 -8.600002 -12.55395 -8.600002 -13.60529 0 -13.08997 -8.600002 -13.60529 0 -14.39897 0 -14.39897 -8.600002 -13.60529 -8.600002 -14.65663 0 -14.39897 -8.600002 -14.65663 0 -15.70796 0 -15.70796 -8.600002 -14.65663 -8.600002 -15.70796 -9.600001 -10.28641 0 -9.16298 -9.600001 -9.070196 -9.600001 -9.070196 0 -9.16298 0 -7.853982 -9.600001 -9.070196 0 -7.853982 -9.600001 -7.853982 0 0.857072 5 0.857072 0 1.09498 0 1.09498 5 0.857072 5 1.09498 0 1.09498 5 1.09498 5 1.332888 5 1.570796 0 1.570796 5 1.332888 5 1.332888 0 1.570796 0 1.332888 5 1.332888 0 1.332888 0 1.09498 0.354102 1 0 1 0.354102 0 0.354102 0 0 1 0 0 1 0.106517 0 0.106517 1 0.03550595 1 0.03550595 0 0.106517 0 0.03550595 1 0.03550595 0 0.03550595 0 -0.03550595 0 -0.106517 1 -0.106517 0 -0.03550595 0 -0.03550595 1 -0.106517 1 -0.03550595 0 -0.03550595 1 -0.03550595 1 0.03550595 0 0.568109 -1 0.568109 0 0.471949 0 0.471949 -1 0.568109 -1 0.37874 0 0.471949 -1 0.37874 0 0.375789 0 0.375789 -1 0.37874 0 0.279629 0 0.279629 -1 0.37874 -1 0.18937 0 0.279629 -1 0.18937 0 0.186419 0 0.186419 -1 0.18937 0 0.09320998 0 0.09320998 -1 0.18937 -1 0 0 0.09320998 -1 0 0 0 1 0.106517 0 0.106517 1 0.03550595 1 0.03550595 0 0.106517 0 0.03550595 1 0.03550595 0 0.03550595 0 -0.03550595 0 -0.106517 1 -0.106517 0 -0.03550595 0 -0.03550595 1 -0.106517 1 -0.03550595 0 -0.03550595 1 -0.03550595 1 0.03550595 37.3763 0 39.41391 0 37.3763 0.9 37.3763 0.9 39.41391 0 39.41391 1 37.3763 0.9 39.41391 1 37.3629 0.95 37.3629 0.95 39.41391 1 37.3263 0.986603 37.3263 0.986603 39.41391 1 37.2763 1 1 0.106517 0 0.106517 1 0.03550595 1 0.03550595 0 0.106517 0 0.03550595 1 0.03550595 0 0.03550595 0 -0.03550595 0 -0.106517 1 -0.106517 0 -0.03550595 0 -0.03550595 1 -0.106517 1 -0.03550595 0 -0.03550595 1 -0.03550595 1 0.03550595 0 0.568109 -1 0.568109 0 0.471949 0 0.471949 -1 0.568109 -1 0.37874 0 0.471949 -1 0.37874 0 0.375789 0 0.375789 -1 0.37874 0 0.279629 0 0.279629 -1 0.37874 -1 0.18937 0 0.279629 -1 0.18937 0 0.186419 0 0.186419 -1 0.18937 0 0.09320998 0 0.09320998 -1 0.18937 -1 0 0 0.09320998 -1 0 0 0 1 0.106517 0 0.106517 1 0.03550595 1 0.03550595 0 0.106517 0 0.03550595 1 0.03550595 0 0.03550595 0 -0.03550595 0 -0.106517 1 -0.106517 0 -0.03550595 0 -0.03550595 1 -0.106517 1 -0.03550595 0 -0.03550595 1 -0.03550595 1 0.03550595 23.28691 20.23222 23.09766 20.07514 23.23257 20.16917 23.23257 20.16917 23.09766 20.07514 23.17721 20.10701 23.17721 20.10701 23.09766 20.07514 23.12085 20.04575 23.12085 20.04575 23.09766 20.07514 23.05359 19.98129 23.05359 19.98129 23.09766 20.07514 22.9 19.92692 23.05359 19.98129 22.9 19.92692 22.97968 19.92458 22.97968 19.92458 22.9 19.92692 22.9 19.8763 22.9 -19.8763 22.9 -19.92692 22.97968 -19.92458 22.97968 -19.92458 22.9 -19.92692 23.05359 -19.98129 23.05359 -19.98129 22.9 -19.92692 23.09766 -20.07514 23.05359 -19.98129 23.09766 -20.07514 23.12085 -20.04575 23.12085 -20.04575 23.09766 -20.07514 23.17721 -20.10701 23.17721 -20.10701 23.09766 -20.07514 23.23257 -20.16917 23.23257 -20.16917 23.09766 -20.07514 23.28691 -20.23222 -22.9 -19.8763 -22.97968 -19.92458 -22.9 -19.92692 -22.9 -19.92692 -22.97968 -19.92458 -23.05359 -19.98129 -22.9 -19.92692 -23.05359 -19.98129 -23.09766 -20.07514 -23.09766 -20.07514 -23.05359 -19.98129 -23.12085 -20.04575 -23.09766 -20.07514 -23.12085 -20.04575 -23.17721 -20.10701 -23.17721 -20.10701 -23.23257 -20.16917 -23.09766 -20.07514 -23.09766 -20.07514 -23.23257 -20.16917 -23.28691 -20.23222 -23.09766 20.07514 -23.05359 19.98129 -22.9 19.92692 -22.9 19.92692 -23.05359 19.98129 -22.97968 19.92458 -22.9 19.92692 -22.97968 19.92458 -22.9 19.8763 -23.28691 20.23222 -23.23257 20.16917 -23.09766 20.07514 -23.09766 20.07514 -23.23257 20.16917 -23.17721 20.10701 -23.09766 20.07514 -23.17721 20.10701 -23.12085 20.04575 -23.12085 20.04575 -23.05359 19.98129 -23.09766 20.07514 0 0 3.5 0 0 1 0 1 3.5 0 3.5 1 -1 0 0 0 -1 0.523599 -1 0.523599 0 0 0 0.523599 -1 0.523599 0 0.523599 -1 1.047198 -1 1.047198 0 0.523599 0 1.047198 -1 1.047198 0 1.047198 -1 1.570796 -1 1.570796 0 1.047198 0 1.570796 0 0 0.399 0 0 1 0 1 0.399 0 0.399 1 -1 0 0 0 -1 0.076007 -1 0.076007 0 0 0 0.076007 -1 0.076007 0 0.076007 -1 0.152014 -1 0.152014 0 0.076007 0 0.152014 -1 0.152014 0 0.152014 -1 0.228022 -1 0.228022 0 0.152014 0 0.228022 0 0 0 0.08323895 -1 0 -1 0 0 0.08323895 -1 0.151899 -1 0.151899 0 0.08323895 0 0.166477 -1 0.151899 0 0.166477 0 0.249716 -1 0.151899 0 0.249716 -1 0.303797 -1 0.303797 0 0.249716 0 0.318376 -1 0.303797 0 0.318376 0 0.387036 0 0.455696 -1 0.455696 0 0.387036 0 0.387036 -1 0.455696 -1 0.303797 0 0.127983 0 0.224143 -1 0.127983 -1 0.127983 0 0.224143 -1 0.317353 -1 0.317353 0 0.224143 0 0.320303 -1 0.317353 0 0.320303 0 0.416464 -1 0.317353 0 0.416464 -1 0.506723 -1 0.506723 0 0.416464 0 0.509673 -1 0.506723 0 0.509673 0 0.602883 0 0.696092 -1 0.696092 0 0.602883 0 0.602883 -1 0.696092 -1 0.506723 0 0 0 0.06865996 -1 0 -1 0 0 0.06865996 -1 0.151899 -1 0.151899 0 0.06865996 0 0.13732 -1 0.151899 0 0.13732 0 0.20598 -1 0.151899 0 0.20598 -1 0.303797 -1 0.303797 0 0.20598 0 0.289219 -1 0.303797 0 0.289219 0 0.372457 0 0.455696 -1 0.455696 0 0.372457 0 0.372457 -1 0.455696 -1 0.303797 -1 0 0 0 -1 0.076007 -1 0.076007 0 0 0 0.076007 -1 0.076007 0 0.076007 -1 0.152014 -1 0.152014 0 0.076007 0 0.152014 -1 0.152014 0 0.152014 -1 0.228022 -1 0.228022 0 0.152014 0 0.228022 0 0 0.399 0 0 1 0 1 0.399 0 0.399 1 -1 0 0 0 -1 0.523599 -1 0.523599 0 0 0 0.523599 -1 0.523599 0 0.523599 -1 1.047198 -1 1.047198 0 0.523599 0 1.047198 -1 1.047198 0 1.047198 -1 1.570796 -1 1.570796 0 1.047198 0 1.570796 0 0 3.5 0 0 1 0 1 3.5 0 3.5 1 1 0 0 0 1 -0.942478 1 -0.942478 0 0 0 -0.942478 1 -0.942478 0 -0.942478 1 -1.884956 1 -1.884956 0 -0.942478 0 -1.884956 1 -1.884956 0 -1.884956 1 -2.827434 1 -2.827434 0 -1.884956 0 -2.827434 1 -2.827434 0 -2.827434 1 -3.769911 1 -3.769911 0 -2.827434 0 -3.769911 1 -3.769911 0 -3.769911 1 -4.712389 1 -4.712389 0 -3.769911 0 -4.712389 1 -4.712389 0 -4.712389 1 -5.654867 1 -5.654867 0 -4.712389 0 -5.654867 1 -5.654867 0 -5.654867 1 -6.597344 1 -6.597344 0 -5.654867 0 -6.597344 1 -6.597344 0 -6.597344 1 -7.539823 1 -7.539823 0 -6.597344 0 -7.539823 1 -7.539823 0 -7.539823 1 -8.4823 1 -8.4823 0 -7.539823 0 -8.4823 1 -8.4823 0 -8.4823 1 -9.424778 1 -9.424778 0 -8.4823 0 -9.424778 0 0 3.5 0 0 1 0 1 3.5 0 3.5 1 -1 0 0 0 -1 0.523599 -1 0.523599 0 0 0 0.523599 -1 0.523599 0 0.523599 -1 1.047198 -1 1.047198 0 0.523599 0 1.047198 -1 1.047198 0 1.047198 -1 1.570796 -1 1.570796 0 1.047198 0 1.570796 1.645898 0 2 0 1.645898 1 1.645898 1 2 0 2 1 -1 0 0 0 -1 0.523599 -1 0.523599 0 0 0 0.523599 -1 0.523599 0 0.523599 -1 1.047198 -1 1.047198 0 0.523599 0 1.047198 -1 1.047198 0 1.047198 -1 1.570796 -1 1.570796 0 1.047198 0 1.570796 0 0 3.5 0 0 1 0 1 3.5 0 3.5 1 1 0 0 0 1 -0.942478 1 -0.942478 0 0 0 -0.942478 1 -0.942478 0 -0.942478 1 -1.884956 1 -1.884956 0 -0.942478 0 -1.884956 1 -1.884956 0 -1.884956 1 -2.827434 1 -2.827434 0 -1.884956 0 -2.827434 1 -2.827434 0 -2.827434 1 -3.769911 1 -3.769911 0 -2.827434 0 -3.769911 1 -3.769911 0 -3.769911 1 -4.712389 1 -4.712389 0 -3.769911 0 -4.712389 1 -4.712389 0 -4.712389 1 -5.654867 1 -5.654867 0 -4.712389 0 -5.654867 1 -5.654867 0 -5.654867 1 -6.597344 1 -6.597344 0 -5.654867 0 -6.597344 1 -6.597344 0 -6.597344 1 -7.539823 1 -7.539823 0 -6.597344 0 -7.539823 1 -7.539823 0 -7.539823 1 -8.4823 1 -8.4823 0 -7.539823 0 -8.4823 1 -8.4823 0 -8.4823 1 -9.424778 1 -9.424778 0 -8.4823 0 -9.424778 0 0 3.5 0 0 1 0 1 3.5 0 3.5 1 -1 0 0 0 -1 0.523599 -1 0.523599 0 0 0 0.523599 -1 0.523599 0 0.523599 -1 1.047198 -1 1.047198 0 0.523599 0 1.047198 -1 1.047198 0 1.047198 -1 1.570796 -1 1.570796 0 1.047198 0 1.570796 0 0 0.399 0 0 1 0 1 0.399 0 0.399 1 -1 0 0 0 -1 0.076007 -1 0.076007 0 0 0 0.076007 -1 0.076007 0 0.076007 -1 0.152014 -1 0.152014 0 0.076007 0 0.152014 -1 0.152014 0 0.152014 -1 0.228022 -1 0.228022 0 0.152014 0 0.228022 0 0 0 0.08323895 -1 0 -1 0 0 0.08323895 -1 0.151899 -1 0.151899 0 0.08323895 0 0.166477 -1 0.151899 0 0.166477 0 0.249716 -1 0.151899 0 0.249716 -1 0.303797 -1 0.303797 0 0.249716 0 0.318376 -1 0.303797 0 0.318376 0 0.387036 0 0.455696 -1 0.455696 0 0.387036 0 0.387036 -1 0.455696 -1 0.303797 0 0.127983 0 0.224143 -1 0.127983 -1 0.127983 0 0.224143 -1 0.317353 -1 0.317353 0 0.224143 0 0.320303 -1 0.317353 0 0.320303 0 0.416464 -1 0.317353 0 0.416464 -1 0.506723 -1 0.506723 0 0.416464 0 0.509673 -1 0.506723 0 0.509673 0 0.602883 0 0.696092 -1 0.696092 0 0.602883 0 0.602883 -1 0.696092 -1 0.506723 0 0 0 0.06865996 -1 0 -1 0 0 0.06865996 -1 0.151899 -1 0.151899 0 0.06865996 0 0.13732 -1 0.151899 0 0.13732 0 0.20598 -1 0.151899 0 0.20598 -1 0.303797 -1 0.303797 0 0.20598 0 0.289219 -1 0.303797 0 0.289219 0 0.372457 0 0.455696 -1 0.455696 0 0.372457 0 0.372457 -1 0.455696 -1 0.303797 -1 0 0 0 -1 0.076007 -1 0.076007 0 0 0 0.076007 -1 0.076007 0 0.076007 -1 0.152014 -1 0.152014 0 0.076007 0 0.152014 -1 0.152014 0 0.152014 -1 0.228022 -1 0.228022 0 0.152014 0 0.228022 0 0 0.399 0 0 1 0 1 0.399 0 0.399 1 -1 0 0 0 -1 0.523599 -1 0.523599 0 0 0 0.523599 -1 0.523599 0 0.523599 -1 1.047198 -1 1.047198 0 0.523599 0 1.047198 -1 1.047198 0 1.047198 -1 1.570796 -1 1.570796 0 1.047198 0 1.570796 0 0 3.5 0 0 1 0 1 3.5 0 3.5 1 1 0 0 0 1 -0.942478 1 -0.942478 0 0 0 -0.942478 1 -0.942478 0 -0.942478 1 -1.884956 1 -1.884956 0 -0.942478 0 -1.884956 1 -1.884956 0 -1.884956 1 -2.827434 1 -2.827434 0 -1.884956 0 -2.827434 1 -2.827434 0 -2.827434 1 -3.769911 1 -3.769911 0 -2.827434 0 -3.769911 1 -3.769911 0 -3.769911 1 -4.712389 1 -4.712389 0 -3.769911 0 -4.712389 1 -4.712389 0 -4.712389 1 -5.654867 1 -5.654867 0 -4.712389 0 -5.654867 1 -5.654867 0 -5.654867 1 -6.597344 1 -6.597344 0 -5.654867 0 -6.597344 1 -6.597344 0 -6.597344 1 -7.539823 1 -7.539823 0 -6.597344 0 -7.539823 1 -7.539823 0 -7.539823 1 -8.4823 1 -8.4823 0 -7.539823 0 -8.4823 1 -8.4823 0 -8.4823 1 -9.424778 1 -9.424778 0 -8.4823 0 -9.424778 0 0 3.5 0 0 1 0 1 3.5 0 3.5 1 -1 0 0 0 -1 0.523599 -1 0.523599 0 0 0 0.523599 -1 0.523599 0 0.523599 -1 1.047198 -1 1.047198 0 0.523599 0 1.047198 -1 1.047198 0 1.047198 -1 1.570796 -1 1.570796 0 1.047198 0 1.570796 1.645898 0 2 0 1.645898 1 1.645898 1 2 0 2 1 -1 0 0 0 -1 0.523599 -1 0.523599 0 0 0 0.523599 -1 0.523599 0 0.523599 -1 1.047198 -1 1.047198 0 0.523599 0 1.047198 -1 1.047198 0 1.047198 -1 1.570796 -1 1.570796 0 1.047198 0 1.570796 0 0 3.5 0 0 1 0 1 3.5 0 3.5 1 1 0 0 0 1 -0.942478 1 -0.942478 0 0 0 -0.942478 1 -0.942478 0 -0.942478 1 -1.884956 1 -1.884956 0 -0.942478 0 -1.884956 1 -1.884956 0 -1.884956 1 -2.827434 1 -2.827434 0 -1.884956 0 -2.827434 1 -2.827434 0 -2.827434 1 -3.769911 1 -3.769911 0 -2.827434 0 -3.769911 1 -3.769911 0 -3.769911 1 -4.712389 1 -4.712389 0 -3.769911 0 -4.712389 1 -4.712389 0 -4.712389 1 -5.654867 1 -5.654867 0 -4.712389 0 -5.654867 1 -5.654867 0 -5.654867 1 -6.597344 1 -6.597344 0 -5.654867 0 -6.597344 1 -6.597344 0 -6.597344 1 -7.539823 1 -7.539823 0 -6.597344 0 -7.539823 1 -7.539823 0 -7.539823 1 -8.4823 1 -8.4823 0 -7.539823 0 -8.4823 1 -8.4823 0 -8.4823 1 -9.424778 1 -9.424778 0 -8.4823 0 -9.424778 22.9 17.6 22.72155 19.80568 22.5 17.6 22.5 17.6 22.72155 19.80568 22.6275 19.78592 22.5 17.6 22.6275 19.78592 22.56236 19.75935 22.9 19.8763 22.81278 19.83594 22.9 17.6 22.9 17.6 22.81278 19.83594 22.72155 19.80568 22.5165 19.706 22.5 19.63761 22.56236 19.75935 22.56236 19.75935 22.5 19.63761 22.5 17.6 23.28691 -20.23222 23.33097 -20.28488 23.43808 -20.36963 23.43808 -20.36963 23.33097 -20.28488 23.37431 -20.33813 23.43808 -20.36963 23.37431 -20.33813 23.41694 -20.39195 23.41694 -20.39195 23.45778 -20.45592 23.43808 -20.36963 23.43808 -20.36963 23.45778 -20.45592 23.4858 -20.52645 23.43808 -20.36963 23.4858 -20.52645 24.09983 -21.13793 24.09983 -21.13793 23.4858 -20.52645 23.5 -20.601 24.09983 -21.13793 23.5 -20.601 23.5 -21 23.5 -21 23.36603 -21.5 24.09983 -21.13793 24.09983 -21.13793 23.36603 -21.5 24.59295 -22.02395 24.59295 -22.02395 23.36603 -21.5 23 -21.86603 24.59295 -22.02395 23 -21.86603 24.89718 -22.99123 24.89718 -22.99123 23 -21.86603 25 -24 25 -24 23 -21.86603 22.5 -22 25 -24 22.5 -22 25 -26 25 -26 22.5 -22 22.5 -28 25 -26 22.5 -28 23 -28.13397 22.5 -22 19 -22 22.5 -28 22.5 -28 19 -22 19 -28 19 -28 19 -22 18.07295 -27.85317 18.07295 -27.85317 19 -22 18.07295 -22.14683 18.07295 -27.85317 18.07295 -22.14683 17.23665 -27.42705 17.23665 -27.42705 18.07295 -22.14683 17.23665 -22.57295 17.23665 -27.42705 17.23665 -22.57295 16.57295 -26.76336 16.57295 -26.76336 17.23665 -22.57295 16.57295 -23.23665 16.57295 -26.76336 16.57295 -23.23665 16.14683 -25.92705 16.14683 -25.92705 16.57295 -23.23665 16.14683 -24.07295 16.14683 -25.92705 16.14683 -24.07295 16 -25 23.36603 -28.5 24.56435 -28.04124 23 -28.13397 23 -28.13397 24.56435 -28.04124 24.88988 -27.04361 23 -28.13397 24.88988 -27.04361 25 -26 24.56435 -28.04124 23.36603 -28.5 24.03778 -28.94896 24.03778 -28.94896 23.36603 -28.5 23.5 -29 24.03778 -28.94896 23.5 -29 23.5 -29.3541 23.5 -29.3541 23.48048 -29.49245 24.03778 -28.94896 24.03778 -28.94896 23.48048 -29.49245 23.42344 -29.62 24.03778 -28.94896 23.42344 -29.62 23.33333 -29.72678 -23.45778 -20.45592 -23.41694 -20.39195 -23.43808 -20.36963 -23.43808 -20.36963 -23.41694 -20.39195 -23.37431 -20.33813 -23.43808 -20.36963 -23.37431 -20.33813 -23.33097 -20.28488 -23.33097 -20.28488 -23.28691 -20.23222 -23.43808 -20.36963 -23.45778 -20.45592 -23.43808 -20.36963 -23.4858 -20.52645 -23.4858 -20.52645 -23.43808 -20.36963 -24.09983 -21.13793 -23.4858 -20.52645 -24.09983 -21.13793 -23.5 -20.601 -23.5 -20.601 -24.09983 -21.13793 -23.5 -21 -23.5 -21 -24.09983 -21.13793 -23.36603 -21.5 -23.36603 -21.5 -24.09983 -21.13793 -24.59295 -22.02395 -23.36603 -21.5 -24.59295 -22.02395 -23 -21.86603 -23 -21.86603 -24.59295 -22.02395 -24.89718 -22.99123 -23 -21.86603 -24.89718 -22.99123 -25 -24 -23 -21.86603 -25 -24 -22.5 -22 -22.5 -22 -25 -24 -25 -26 -22.5 -22 -25 -26 -22.5 -28 -22.5 -28 -25 -26 -23 -28.13397 -23 -28.13397 -25 -26 -24.88988 -27.04361 -23 -28.13397 -24.88988 -27.04361 -24.56435 -28.04124 -23 -28.13397 -24.56435 -28.04124 -23.36603 -28.5 -23.36603 -28.5 -24.56435 -28.04124 -24.03778 -28.94896 -23.36603 -28.5 -24.03778 -28.94896 -23.5 -29 -23.5 -29 -24.03778 -28.94896 -23.5 -29.3541 -23.5 -29.3541 -24.03778 -28.94896 -23.48048 -29.49245 -23.48048 -29.49245 -24.03778 -28.94896 -23.42344 -29.62 -23.42344 -29.62 -24.03778 -28.94896 -23.33333 -29.72678 -22.5 -22 -22.5 -28 -19 -22 -19 -22 -22.5 -28 -19 -28 -19 -22 -19 -28 -18.07295 -27.85317 -19 -22 -18.07295 -27.85317 -18.07295 -22.14683 -18.07295 -22.14683 -18.07295 -27.85317 -17.23665 -27.42705 -18.07295 -22.14683 -17.23665 -27.42705 -17.23665 -22.57295 -17.23665 -22.57295 -17.23665 -27.42705 -16.57295 -26.76336 -17.23665 -22.57295 -16.57295 -26.76336 -16.57295 -23.23665 -16.57295 -23.23665 -16.57295 -26.76336 -16.14683 -25.92705 -16.57295 -23.23665 -16.14683 -25.92705 -16.14683 -24.07295 -16.14683 -24.07295 -16.14683 -25.92705 -16 -25 -23.36603 28.5 -23.5 29 -24.03778 28.94896 -24.03778 28.94896 -23.5 29 -23.5 29.3541 -24.03778 28.94896 -23.5 29.3541 -23.48048 29.49245 -23.48048 29.49245 -23.42344 29.62 -24.03778 28.94896 -24.03778 28.94896 -23.42344 29.62 -23.33333 29.72678 -24.03778 28.94896 -24.56435 28.04124 -23.36603 28.5 -23.36603 28.5 -24.56435 28.04124 -23 28.13397 -23 28.13397 -24.56435 28.04124 -24.88988 27.04361 -23 28.13397 -24.88988 27.04361 -25 26 -23 28.13397 -25 26 -22.5 28 -22.5 28 -25 26 -25 24 -22.5 28 -25 24 -22.5 22 -22.5 22 -25 24 -23 21.86603 -23 21.86603 -25 24 -24.89718 22.99123 -23 21.86603 -24.89718 22.99123 -24.59295 22.02395 -23 21.86603 -24.59295 22.02395 -23.36603 21.5 -23.36603 21.5 -24.59295 22.02395 -24.09983 21.13793 -23.36603 21.5 -24.09983 21.13793 -23.5 21 -23.5 21 -24.09983 21.13793 -23.5 20.601 -23.5 20.601 -24.09983 21.13793 -23.4858 20.52645 -23.4858 20.52645 -24.09983 21.13793 -23.43808 20.36963 -23.4858 20.52645 -23.43808 20.36963 -23.45778 20.45592 -23.45778 20.45592 -23.43808 20.36963 -23.41694 20.39195 -23.41694 20.39195 -23.43808 20.36963 -23.37431 20.33813 -23.37431 20.33813 -23.43808 20.36963 -23.33097 20.28488 -23.33097 20.28488 -23.43808 20.36963 -23.28691 20.23222 -22.5 22 -19 22 -22.5 28 -22.5 28 -19 22 -19 28 -19 28 -19 22 -18.07295 27.85317 -18.07295 27.85317 -19 22 -18.07295 22.14683 -18.07295 27.85317 -18.07295 22.14683 -17.23665 22.57295 -18.07295 27.85317 -17.23665 22.57295 -17.23665 27.42705 -17.23665 27.42705 -17.23665 22.57295 -16.57295 23.23665 -17.23665 27.42705 -16.57295 23.23665 -16.57295 26.76336 -16.57295 26.76336 -16.57295 23.23665 -16.14683 24.07295 -16.57295 26.76336 -16.14683 24.07295 -16.14683 25.92705 -16.14683 25.92705 -16.14683 24.07295 -16 25 23.48048 29.49245 23.5 29.3541 24.03778 28.94896 24.03778 28.94896 23.5 29.3541 23.5 29 24.03778 28.94896 23.5 29 23.36603 28.5 24.03778 28.94896 23.36603 28.5 24.56435 28.04124 24.56435 28.04124 23.36603 28.5 23 28.13397 24.56435 28.04124 23 28.13397 24.88988 27.04361 24.88988 27.04361 23 28.13397 25 26 25 26 23 28.13397 22.5 28 25 26 22.5 28 25 24 25 24 22.5 28 22.5 22 25 24 22.5 22 23 21.86603 22.5 22 22.5 28 19 22 19 22 22.5 28 19 28 19 22 19 28 18.07295 22.14683 18.07295 22.14683 19 28 18.07295 27.85317 18.07295 22.14683 18.07295 27.85317 17.23665 22.57295 17.23665 22.57295 18.07295 27.85317 17.23665 27.42705 17.23665 22.57295 17.23665 27.42705 16.57295 23.23665 16.57295 23.23665 17.23665 27.42705 16.57295 26.76336 16.57295 23.23665 16.57295 26.76336 16.14683 24.07295 16.14683 24.07295 16.57295 26.76336 16.14683 25.92705 16.14683 24.07295 16.14683 25.92705 16 25 23.36603 21.5 24.59295 22.02395 23 21.86603 23 21.86603 24.59295 22.02395 24.89718 22.99123 23 21.86603 24.89718 22.99123 25 24 24.59295 22.02395 23.36603 21.5 24.09983 21.13793 24.09983 21.13793 23.36603 21.5 23.5 21 24.09983 21.13793 23.5 21 23.5 20.601 23.5 20.601 23.4858 20.52645 24.09983 21.13793 24.09983 21.13793 23.4858 20.52645 23.43808 20.36963 23.43808 20.36963 23.4858 20.52645 23.45778 20.45592 23.43808 20.36963 23.45778 20.45592 23.41694 20.39195 23.41694 20.39195 23.37431 20.33813 23.43808 20.36963 23.43808 20.36963 23.37431 20.33813 23.33097 20.28488 23.43808 20.36963 23.33097 20.28488 23.28691 20.23222 23.33333 29.72678 23.42344 29.62 24.03778 28.94896 24.03778 28.94896 23.42344 29.62 23.48048 29.49245 -44.14186 -5.073082 -44.14186 -3.814446 -45.02043 -4.274502 -45.02043 -4.274502 -44.14186 -3.814446 -44.19543 -3.678216 -45.02043 -4.274502 -44.19543 -3.678216 -44.93525 -2.670588 -44.14806 -3.765008 -44.1663 -3.718639 -44.14186 -3.814446 -44.14186 -3.814446 -44.1663 -3.718639 -44.19543 -3.678216 -45.42356 -1.519845 -46.10089 -2.178879 -44.93525 -2.670588 -44.93525 -2.670588 -46.10089 -2.178879 -45.68595 -3.291288 -44.93525 -2.670588 -45.68595 -3.291288 -45.02043 -4.274502 -46.10089 -2.178879 -45.42356 -1.519845 -46.24186 -1 -46.24186 -1 -45.42356 -1.519845 -45.63419 -0.287655 -46.24186 -1 -45.63419 -0.287655 -46.24186 1 -46.24186 1 -45.63419 -0.287655 -45.55585 0.959949 -46.24186 1 -45.55585 0.959949 -46.07149 2.294095 -46.07149 2.294095 -45.55585 0.959949 -45.19273 2.156111 -46.07149 2.294095 -45.19273 2.156111 -45.57198 3.5 -45.57198 3.5 -45.19273 2.156111 -44.56431 3.23673 -45.57198 3.5 -44.56431 3.23673 -44.77739 4.535534 -44.77739 4.535534 -44.56431 3.23673 -43.70425 4.143895 -44.77739 4.535534 -43.70425 4.143895 -43.74186 5.330127 -43.74186 5.330127 -43.70425 4.143895 -42.65864 4.828993 -43.74186 5.330127 -42.65864 4.828993 -42.53595 5.829629 -42.53595 5.829629 -42.65864 4.828993 -41.48352 5.25531 -42.53595 5.829629 -41.48352 5.25531 -41.24186 6 -41.24186 6 -41.48352 5.25531 -40.24186 5.4 -41.24186 6 -40.24186 5.4 -38.11191 5.916071 -38.11191 5.916071 -40.24186 5.4 -38.64186 5.4 -38.11191 5.916071 -38.64186 5.4 -38.14699 5.828571 -38.14699 5.828571 -38.64186 5.4 -38.41283 5.455541 -38.14699 5.828571 -38.41283 5.455541 -38.23468 5.609823 -38.11191 5.916071 -38.04065 5.977784 -41.24186 6 -41.24186 6 -38.04065 5.977784 -37.94903 6 1.658142 -5.073082 2.536718 -4.274502 1.658142 -3.814446 1.658142 -3.814446 2.536718 -4.274502 1.711714 -3.678216 1.658142 -3.814446 1.711714 -3.678216 1.682583 -3.718639 1.711714 -3.678216 2.536718 -4.274502 2.451538 -2.670588 2.451538 -2.670588 2.536718 -4.274502 3.202239 -3.291288 2.451538 -2.670588 3.202239 -3.291288 3.617179 -2.178879 2.451538 -2.670588 3.617179 -2.178879 2.939848 -1.519845 2.939848 -1.519845 3.617179 -2.178879 3.758142 -1 2.939848 -1.519845 3.758142 -1 3.150475 -0.287655 3.150475 -0.287655 3.758142 -1 3.758142 1 3.150475 -0.287655 3.758142 1 3.072133 0.959949 3.072133 0.959949 3.758142 1 3.587771 2.294095 3.072133 0.959949 3.587771 2.294095 2.709019 2.156111 2.709019 2.156111 3.587771 2.294095 3.088269 3.5 2.709019 2.156111 3.088269 3.5 2.080593 3.23673 2.080593 3.23673 3.088269 3.5 2.293676 4.535534 2.080593 3.23673 2.293676 4.535534 1.220531 4.143895 1.220531 4.143895 2.293676 4.535534 1.258142 5.330127 1.220531 4.143895 1.258142 5.330127 0.174923 4.828993 0.174923 4.828993 1.258142 5.330127 0.05223697 5.829629 0.174923 4.828993 0.05223697 5.829629 -1.000198 5.25531 -1.000198 5.25531 0.05223697 5.829629 -1.241858 6 -1.000198 5.25531 -1.241858 6 -2.241858 5.4 -2.241858 5.4 -1.241858 6 -4.371805 5.916071 -2.241858 5.4 -4.371805 5.916071 -3.841858 5.4 -3.841858 5.4 -4.371805 5.916071 -4.33673 5.828571 -3.841858 5.4 -4.33673 5.828571 -4.07089 5.455541 -4.07089 5.455541 -4.33673 5.828571 -4.24904 5.609823 -4.534678 6 -4.443065 5.977784 -1.241858 6 -1.241858 6 -4.443065 5.977784 -4.371805 5.916071 1.682583 -3.718639 1.664349 -3.765008 1.658142 -3.814446 -4.371805 -55.91607 -3.841858 -55.4 -4.33673 -55.82857 -4.33673 -55.82857 -3.841858 -55.4 -4.07089 -55.45554 -4.33673 -55.82857 -4.07089 -55.45554 -4.24904 -55.60982 -4.443065 -55.97778 -1.241858 -56 -4.371805 -55.91607 -4.371805 -55.91607 -1.241858 -56 -2.241858 -55.4 -4.371805 -55.91607 -2.241858 -55.4 -3.841858 -55.4 -4.443065 -55.97778 -4.534678 -56 -1.241858 -56 -2.241858 -55.4 -1.241858 -56 -1.000198 -55.25531 -1.000198 -55.25531 -1.241858 -56 0.05223697 -55.82963 -1.000198 -55.25531 0.05223697 -55.82963 0.174923 -54.82899 0.174923 -54.82899 0.05223697 -55.82963 1.258142 -55.33013 0.174923 -54.82899 1.258142 -55.33013 1.220531 -54.14389 1.220531 -54.14389 1.258142 -55.33013 2.293676 -54.53553 1.220531 -54.14389 2.293676 -54.53553 2.080593 -53.23673 2.080593 -53.23673 2.293676 -54.53553 3.088269 -53.5 2.080593 -53.23673 3.088269 -53.5 2.709019 -52.15611 2.709019 -52.15611 3.088269 -53.5 3.587771 -52.29409 2.709019 -52.15611 3.587771 -52.29409 3.072133 -50.95995 3.072133 -50.95995 3.587771 -52.29409 3.758142 -51 3.072133 -50.95995 3.758142 -51 3.150475 -49.71234 3.150475 -49.71234 3.758142 -51 3.758142 -49 3.150475 -49.71234 3.758142 -49 2.939848 -48.48015 2.939848 -48.48015 3.758142 -49 3.617179 -47.82112 2.939848 -48.48015 3.617179 -47.82112 2.451538 -47.32941 2.451538 -47.32941 3.617179 -47.82112 3.202239 -46.70871 2.451538 -47.32941 3.202239 -46.70871 2.536718 -45.7255 1.658142 -44.92692 1.658142 -46.18555 2.536718 -45.7255 2.536718 -45.7255 1.658142 -46.18555 1.711714 -46.32178 2.536718 -45.7255 1.711714 -46.32178 2.451538 -47.32941 1.664349 -46.23499 1.682583 -46.28136 1.658142 -46.18555 1.658142 -46.18555 1.682583 -46.28136 1.711714 -46.32178 -37.94903 -56 -38.04065 -55.97778 -41.24186 -56 -41.24186 -56 -38.04065 -55.97778 -38.11191 -55.91607 -41.24186 -56 -38.11191 -55.91607 -40.24186 -55.4 -40.24186 -55.4 -38.11191 -55.91607 -38.64186 -55.4 -38.64186 -55.4 -38.11191 -55.91607 -38.14699 -55.82857 -38.64186 -55.4 -38.14699 -55.82857 -38.41283 -55.45554 -38.41283 -55.45554 -38.14699 -55.82857 -38.23468 -55.60982 -40.24186 -55.4 -41.48352 -55.25531 -41.24186 -56 -41.24186 -56 -41.48352 -55.25531 -42.53595 -55.82963 -42.53595 -55.82963 -41.48352 -55.25531 -42.65864 -54.82899 -42.53595 -55.82963 -42.65864 -54.82899 -43.74186 -55.33013 -43.74186 -55.33013 -42.65864 -54.82899 -43.70425 -54.14389 -43.74186 -55.33013 -43.70425 -54.14389 -44.77739 -54.53553 -44.77739 -54.53553 -43.70425 -54.14389 -44.56431 -53.23673 -44.77739 -54.53553 -44.56431 -53.23673 -45.57198 -53.5 -45.57198 -53.5 -44.56431 -53.23673 -45.19273 -52.15611 -45.57198 -53.5 -45.19273 -52.15611 -46.07149 -52.29409 -46.07149 -52.29409 -45.19273 -52.15611 -45.55585 -50.95995 -46.07149 -52.29409 -45.55585 -50.95995 -46.24186 -51 -46.24186 -51 -45.55585 -50.95995 -45.63419 -49.71234 -46.24186 -51 -45.63419 -49.71234 -46.24186 -49 -46.24186 -49 -45.63419 -49.71234 -45.42356 -48.48015 -46.24186 -49 -45.42356 -48.48015 -46.10089 -47.82112 -46.10089 -47.82112 -45.42356 -48.48015 -44.93525 -47.32941 -46.10089 -47.82112 -44.93525 -47.32941 -45.68595 -46.70871 -45.68595 -46.70871 -44.93525 -47.32941 -45.02043 -45.7255 -45.02043 -45.7255 -44.93525 -47.32941 -44.19543 -46.32178 -45.02043 -45.7255 -44.19543 -46.32178 -44.14186 -46.18555 -44.14186 -46.18555 -44.19543 -46.32178 -44.1663 -46.28136 -44.14186 -46.18555 -44.1663 -46.28136 -44.14806 -46.23499 -44.14186 -46.18555 -44.14186 -44.92692 -45.02043 -45.7255 -8.600002 3.093643 0 3.093643 -8.600002 3.340728 -8.600002 3.340728 0 3.093643 -8.600002 3.586701 -8.600002 3.586701 0 3.093643 0 4.283728 -8.600002 3.586701 0 4.283728 -8.600002 3.791004 -8.600002 3.791004 0 4.283728 -8.600002 4.806748 -8.600002 4.806748 0 4.283728 0 5.473813 -8.600002 4.806748 0 5.473813 -8.600002 5.822493 -8.600002 5.822493 0 5.473813 0 6.663897 -8.600002 5.822493 0 6.663897 -8.600002 6.838237 -8.600002 6.838237 0 6.663897 0 7.853982 -8.600002 6.838237 0 7.853982 -8.600002 7.853982 -8.600002 -12.61432 0 -12.61432 -8.600002 -12.36723 -8.600002 -12.36723 0 -12.61432 -8.600002 -12.12126 -8.600002 -12.12126 0 -12.61432 0 -11.42424 -8.600002 -12.12126 0 -11.42424 -8.600002 -11.91696 -8.600002 -11.91696 0 -11.42424 -8.600002 -10.90121 -8.600002 -10.90121 0 -11.42424 0 -10.23415 -8.600002 -10.90121 0 -10.23415 -8.600002 -9.885472 -8.600002 -9.885472 0 -10.23415 0 -9.044068 -8.600002 -9.885472 0 -9.044068 -8.600002 -8.869728 -8.600002 -8.869728 0 -9.044068 0 -7.853982 -8.600002 -8.869728 0 -7.853982 -8.600002 -7.853982 0 0 2 0 0 8.600002 0 8.600002 2 0 2 8.600002 -8.600002 4.760338 -8.600002 4.513254 0 4.760338 0 4.760338 -8.600002 4.513254 -8.600002 4.26728 0 4.760338 -8.600002 4.26728 0 3.570254 0 3.570254 -8.600002 4.26728 -8.600002 4.062978 0 3.570254 -8.600002 4.062978 -8.600002 3.047233 0 3.570254 -8.600002 3.047233 0 2.380169 0 2.380169 -8.600002 3.047233 -8.600002 2.031489 0 2.380169 -8.600002 2.031489 0 1.190084 0 1.190084 -8.600002 2.031489 -8.600002 1.015744 0 1.190084 -8.600002 1.015744 0 0 0 0 -8.600002 1.015744 -8.600002 0 0 0 2 0 0 8.600002 0 8.600002 2 0 2 8.600002 -8.600002 4.760338 -8.600002 4.513254 0 4.760338 0 4.760338 -8.600002 4.513254 -8.600002 4.26728 0 4.760338 -8.600002 4.26728 0 3.570254 0 3.570254 -8.600002 4.26728 -8.600002 4.062978 0 3.570254 -8.600002 4.062978 -8.600002 3.047233 0 3.570254 -8.600002 3.047233 0 2.380169 0 2.380169 -8.600002 3.047233 -8.600002 2.031489 0 2.380169 -8.600002 2.031489 0 1.190084 0 1.190084 -8.600002 2.031489 -8.600002 1.015744 0 1.190084 -8.600002 1.015744 0 0 0 0 -8.600002 1.015744 -8.600002 0 0 0 2 0 0 8.600002 0 8.600002 2 0 2 8.600002 -8.600002 3.154007 0 3.926991 -8.600002 4.205343 -8.600002 4.205343 0 3.926991 0 5.235988 -8.600002 4.205343 0 5.235988 -9.600001 5.421556 -9.600001 5.421556 0 5.235988 0 6.544985 -9.600001 5.421556 0 6.544985 -9.600001 6.637769 -9.600001 6.637769 0 6.544985 0 7.853982 -9.600001 6.637769 0 7.853982 -9.600001 7.853982 0 3.926991 -8.600002 3.154007 0 2.617994 0 2.617994 -8.600002 3.154007 -8.600002 2.102672 0 2.617994 -8.600002 2.102672 0 1.308997 0 1.308997 -8.600002 2.102672 -8.600002 1.051336 0 1.308997 -8.600002 1.051336 0 0 0 0 -8.600002 1.051336 -8.600002 0 -9.600001 5.421556 -9.600001 4.205343 -8.600002 4.205343 0 0 2 0 0 8.600002 0 8.600002 2 0 2 8.600002 0 0 -5 0 0 -0.09516298 0 -0.09516298 -5 0 -5 -0.09516298 0 -0.09516298 -5 -0.09516298 -5 -0.190326 -5 -0.28549 0 -0.28549 -5 -0.190326 -5 -0.190326 0 -0.28549 0 -0.190326 -5 -0.190326 0 -0.190326 0 -0.09516298 0 0 -5 0 0 -0.09516298 0 -0.09516298 -5 0 -5 -0.09516298 0 -0.09516298 -5 -0.09516298 -5 -0.190326 -5 -0.28549 0 -0.28549 -5 -0.190326 -5 -0.190326 0 -0.28549 0 -0.190326 -5 -0.190326 0 -0.190326 0 -0.09516298 0 0.857072 5 0.857072 0 1.09498 0 1.09498 5 0.857072 5 1.09498 0 1.09498 5 1.09498 5 1.332888 5 1.570796 0 1.570796 5 1.332888 5 1.332888 0 1.570796 0 1.332888 5 1.332888 0 1.332888 0 1.09498 1.6 5 0 5 1.6 0 1.6 0 0 5 0 0 0 8.482301 -5 8.482301 0 7.22943 0 7.22943 -5 8.482301 -5 7.22943 0 7.22943 -5 7.22943 0 5.97656 0 5.97656 -5 7.22943 -5 5.97656 0 5.97656 -5 5.97656 0 4.72369 0 4.72369 -5 5.97656 -5 4.72369 0 4.72369 -5 4.72369 0 3.470819 0 3.470819 -5 4.72369 -5 3.470819 0 3.470819 -5 3.470819 0 2.217949 0 2.217949 -5 3.470819 -5 2.217949 0 2.217949 -5 2.217949 0 0.965079 0 0.965079 -5 2.217949 -5 0.965079 0 0.965079 -5 0.965079 0 -0.287791 0 -0.287791 -5 0.965079 -5 -0.287791 0 -0.287791 -5 -0.287791 0 -1.540662 0 -1.540662 -5 -0.287791 -5 -1.540662 0 -1.540662 -5 -1.540662 0 -2.793532 0 -2.793532 -5 -1.540662 -5 -2.793532 0 -2.793532 -5 -2.793532 0 -4.046402 0 -4.046402 -5 -2.793532 -5 -4.046402 0 0.478452 5 0.478452 0 0.528407 0 0.528407 5 0.478452 5 0.528407 0 0.528407 5 0.528407 0 0.578363 0 0.578363 5 0.528407 5 0.578363 0 0.578363 5 0.578363 0 0.628319 0 0.628319 5 0.578363 5 0.628319 0 0.478452 5 0.478452 0 0.528407 0 0.528407 5 0.478452 5 0.528407 0 0.528407 5 0.528407 0 0.578363 0 0.578363 5 0.528407 5 0.578363 0 0.578363 5 0.578363 0 0.628319 0 0.628319 5 0.578363 5 0.628319 0 4.046402 -5 4.046402 0 2.793532 0 2.793532 -5 4.046402 -5 2.793532 0 2.793532 -5 2.793532 0 1.540662 0 1.540662 -5 2.793532 -5 1.540662 0 1.540662 -5 1.540662 0 0.287791 0 0.287791 -5 1.540662 -5 0.287791 0 0.287791 -5 0.287791 0 -0.965079 0 -0.965079 -5 0.287791 -5 -0.965079 0 -0.965079 -5 -0.965079 0 -2.217949 0 -2.217949 -5 -0.965079 -5 -2.217949 0 -2.217949 -5 -2.217949 0 -3.470819 0 -3.470819 -5 -2.217949 -5 -3.470819 0 -3.470819 -5 -3.470819 0 -4.72369 0 -4.72369 -5 -3.470819 -5 -4.72369 0 -4.72369 -5 -4.72369 0 -5.97656 0 -5.97656 -5 -4.72369 -5 -5.97656 0 -5.97656 -5 -5.97656 0 -7.22943 0 -7.22943 -5 -5.97656 -5 -7.22943 0 -7.22943 -5 -7.22943 0 -8.482301 0 -8.482301 -5 -7.22943 -5 -8.482301 1.6 5 0 5 1.6 0 1.6 0 0 5 0 0 0 0.857072 5 0.857072 0 1.09498 0 1.09498 5 0.857072 5 1.09498 0 1.09498 5 1.09498 5 1.332888 5 1.570796 0 1.570796 5 1.332888 5 1.332888 0 1.570796 0 1.332888 5 1.332888 0 1.332888 0 1.09498 0 0 -5 0 0 -0.09516298 0 -0.09516298 -5 0 -5 -0.09516298 0 -0.09516298 -5 -0.09516298 -5 -0.190326 -5 -0.28549 0 -0.28549 -5 -0.190326 -5 -0.190326 0 -0.28549 0 -0.190326 -5 -0.190326 0 -0.190326 0 -0.09516298 0 0 -5 0 0 -0.09516298 0 -0.09516298 -5 0 -5 -0.09516298 0 -0.09516298 -5 -0.09516298 -5 -0.190326 -5 -0.28549 0 -0.28549 -5 -0.190326 -5 -0.190326 0 -0.28549 0 -0.190326 -5 -0.190326 0 -0.190326 0 -0.09516298 0 0.857072 5 0.857072 0 1.09498 0 1.09498 5 0.857072 5 1.09498 0 1.09498 5 1.09498 5 1.332888 5 1.570796 0 1.570796 5 1.332888 5 1.332888 0 1.570796 0 1.332888 5 1.332888 0 1.332888 0 1.09498 1.6 5 0 5 1.6 0 1.6 0 0 5 0 0 0 8.482301 -5 8.482301 0 7.22943 0 7.22943 -5 8.482301 -5 7.22943 0 7.22943 -5 7.22943 0 5.97656 0 5.97656 -5 7.22943 -5 5.97656 0 5.97656 -5 5.97656 0 4.72369 0 4.72369 -5 5.97656 -5 4.72369 0 4.72369 -5 4.72369 0 3.470819 0 3.470819 -5 4.72369 -5 3.470819 0 3.470819 -5 3.470819 0 2.217949 0 2.217949 -5 3.470819 -5 2.217949 0 2.217949 -5 2.217949 0 0.965079 0 0.965079 -5 2.217949 -5 0.965079 0 0.965079 -5 0.965079 0 -0.287791 0 -0.287791 -5 0.965079 -5 -0.287791 0 -0.287791 -5 -0.287791 0 -1.540662 0 -1.540662 -5 -0.287791 -5 -1.540662 0 -1.540662 -5 -1.540662 0 -2.793532 0 -2.793532 -5 -1.540662 -5 -2.793532 0 -2.793532 -5 -2.793532 0 -4.046402 0 -4.046402 -5 -2.793532 -5 -4.046402 0 0.478452 5 0.478452 0 0.528407 0 0.528407 5 0.478452 5 0.528407 0 0.528407 5 0.528407 0 0.578363 0 0.578363 5 0.528407 5 0.578363 0 0.578363 5 0.578363 0 0.628319 0 0.628319 5 0.578363 5 0.628319 22.92444 -21.28136 21.41678 -29.82899 22.95357 -21.32178 22.95357 -21.32178 21.41678 -29.82899 22.46239 -29.14389 22.95357 -21.32178 22.46239 -29.14389 23.32245 -28.23673 22.90621 -21.23499 19 -30.4 22.92444 -21.28136 22.92444 -21.28136 19 -30.4 20.24166 -30.25531 22.92444 -21.28136 20.24166 -30.25531 21.41678 -29.82899 19 -30.4 22.90621 -21.23499 17.4 -30.4 17.4 -30.4 22.90621 -21.23499 22.9 -21.18556 17.4 -30.4 22.9 -21.18556 17.17097 -30.45554 17.17097 -30.45554 22.9 -21.18556 12.3 -31 17.17097 -30.45554 12.3 -31 16.99282 -30.60982 16.99282 -30.60982 12.3 -31 16.70718 -31 16.99282 -30.60982 16.70718 -31 16.90513 -30.82857 16.90513 -30.82857 16.70718 -31 16.79879 -30.97778 16.90513 -30.82857 16.79879 -30.97778 16.87005 -30.91607 22.9 21.18556 12.09292 31.0449 22.9 -21.18556 22.9 -21.18556 12.09292 31.0449 12.09292 -31.0449 22.9 -21.18556 12.09292 -31.0449 12.3 -31 22.90621 21.23499 17.4 30.4 22.9 21.18556 22.9 21.18556 17.4 30.4 17.17097 30.45554 22.9 21.18556 17.17097 30.45554 12.3 31 12.3 31 17.17097 30.45554 16.99282 30.60982 12.3 31 16.99282 30.60982 16.70718 31 16.70718 31 16.99282 30.60982 16.90513 30.82857 16.70718 31 16.90513 30.82857 16.79879 30.97778 16.79879 30.97778 16.90513 30.82857 16.87005 30.91607 17.4 30.4 22.90621 21.23499 19 30.4 19 30.4 22.90621 21.23499 22.92444 21.28136 19 30.4 22.92444 21.28136 20.24166 30.25531 20.24166 30.25531 22.92444 21.28136 21.41678 29.82899 21.41678 29.82899 22.92444 21.28136 22.95357 21.32178 21.41678 29.82899 22.95357 21.32178 22.46239 29.14389 22.46239 29.14389 22.95357 21.32178 23.32245 28.23673 23.32245 28.23673 22.95357 21.32178 23.6934 22.32941 23.32245 28.23673 23.6934 22.32941 23.95088 27.15611 23.95088 27.15611 23.6934 22.32941 24.18171 23.48016 23.95088 27.15611 24.18171 23.48016 24.31399 25.95995 24.31399 25.95995 24.18171 23.48016 24.39233 24.71235 12.3 31 12.09292 31.0449 22.9 21.18556 11.92303 31.17152 -11.92303 31.17152 12.09292 31.0449 12.09292 31.0449 -11.92303 31.17152 -12.09292 31.0449 12.09292 31.0449 -12.09292 31.0449 12.09292 -31.0449 12.09292 -31.0449 -12.09292 31.0449 -12.09292 -31.0449 12.09292 -31.0449 -12.09292 -31.0449 11.92303 -31.17152 11.92303 -31.17152 -12.09292 -31.0449 -11.92303 -31.17152 11.92303 -31.17152 -11.92303 -31.17152 11.62918 -31.5 11.62918 -31.5 -11.92303 -31.17152 -11.62918 -31.5 -11.62918 -31.5 -11.92303 -31.17152 -11.82084 -31.35714 -11.62918 -31.5 -11.82084 -31.35714 -11.71201 -31.48204 -11.71201 -31.48204 -11.82084 -31.35714 -11.77997 -31.43139 11.82084 31.35714 11.62918 31.5 11.92303 31.17152 11.92303 31.17152 11.62918 31.5 -11.62918 31.5 11.92303 31.17152 -11.62918 31.5 -11.92303 31.17152 -11.92303 31.17152 -11.62918 31.5 -11.82084 31.35714 -11.82084 31.35714 -11.62918 31.5 -11.71201 31.48204 -11.82084 31.35714 -11.71201 31.48204 -11.77997 31.43139 11.77997 31.43139 11.71201 31.48204 11.82084 31.35714 11.82084 31.35714 11.71201 31.48204 11.62918 31.5 -12.09292 -31.0449 -12.09292 31.0449 -22.9 21.18556 -22.9 21.18556 -12.09292 31.0449 -12.3 31 -22.9 21.18556 -12.3 31 -17.17097 30.45554 -17.17097 30.45554 -12.3 31 -16.99282 30.60982 -16.99282 30.60982 -12.3 31 -16.70718 31 -16.99282 30.60982 -16.70718 31 -16.90513 30.82857 -16.90513 30.82857 -16.70718 31 -16.79879 30.97778 -16.90513 30.82857 -16.79879 30.97778 -16.87005 30.91607 -17.17097 30.45554 -17.4 30.4 -22.9 21.18556 -22.9 21.18556 -17.4 30.4 -22.90621 21.23499 -22.90621 21.23499 -17.4 30.4 -19 30.4 -22.90621 21.23499 -19 30.4 -22.92444 21.28136 -22.92444 21.28136 -19 30.4 -20.24166 30.25531 -22.92444 21.28136 -20.24166 30.25531 -21.41678 29.82899 -22.92444 21.28136 -21.41678 29.82899 -22.95357 21.32178 -22.95357 21.32178 -21.41678 29.82899 -22.46239 29.14389 -22.95357 21.32178 -22.46239 29.14389 -23.32245 28.23673 -22.95357 21.32178 -23.32245 28.23673 -23.6934 22.32941 -23.6934 22.32941 -23.32245 28.23673 -23.95088 27.15611 -23.6934 22.32941 -23.95088 27.15611 -24.18171 23.48016 -24.18171 23.48016 -23.95088 27.15611 -24.31399 25.95995 -24.18171 23.48016 -24.31399 25.95995 -24.39233 24.71235 -22.9 21.18556 -22.9 -21.18556 -12.09292 -31.0449 -12.09292 -31.0449 -22.9 -21.18556 -12.3 -31 -12.3 -31 -22.9 -21.18556 -17.17097 -30.45554 -12.3 -31 -17.17097 -30.45554 -16.99282 -30.60982 -17.17097 -30.45554 -22.9 -21.18556 -17.4 -30.4 -17.4 -30.4 -22.9 -21.18556 -22.90621 -21.23499 -17.4 -30.4 -22.90621 -21.23499 -19 -30.4 -19 -30.4 -22.90621 -21.23499 -22.92444 -21.28136 -19 -30.4 -22.92444 -21.28136 -20.24166 -30.25531 -20.24166 -30.25531 -22.92444 -21.28136 -21.41678 -29.82899 -21.41678 -29.82899 -22.92444 -21.28136 -22.95357 -21.32178 -21.41678 -29.82899 -22.95357 -21.32178 -22.46239 -29.14389 -22.46239 -29.14389 -22.95357 -21.32178 -23.32245 -28.23673 -23.32245 -28.23673 -22.95357 -21.32178 -23.6934 -22.32941 -23.32245 -28.23673 -23.6934 -22.32941 -23.95088 -27.15611 -23.95088 -27.15611 -23.6934 -22.32941 -24.18171 -23.48016 -23.95088 -27.15611 -24.18171 -23.48016 -24.31399 -25.95995 -24.31399 -25.95995 -24.18171 -23.48016 -24.39233 -24.71235 -12.3 -31 -16.99282 -30.60982 -16.70718 -31 -16.70718 -31 -16.99282 -30.60982 -16.90513 -30.82857 -16.70718 -31 -16.90513 -30.82857 -16.79879 -30.97778 -16.79879 -30.97778 -16.90513 -30.82857 -16.87005 -30.91607 11.92303 -31.17152 11.62918 -31.5 11.82084 -31.35714 11.82084 -31.35714 11.62918 -31.5 11.71201 -31.48204 11.82084 -31.35714 11.71201 -31.48204 11.77997 -31.43139 22.95357 -21.32178 23.32245 -28.23673 23.6934 -22.32941 23.6934 -22.32941 23.32245 -28.23673 23.95088 -27.15611 23.6934 -22.32941 23.95088 -27.15611 24.18171 -23.48016 24.18171 -23.48016 23.95088 -27.15611 24.31399 -25.95995 24.18171 -23.48016 24.31399 -25.95995 24.39233 -24.71235 -0.04061889 -2.760515 -0.142857 -2.850598 0 -3.757432 0 -3.757432 -0.142857 -2.850598 -0.4 -3.070122 0 -3.757432 -0.4 -3.070122 -0.4 -4.044925 0 -3.757432 -0.4 -4.044925 0 -4.75435 0 -4.75435 -0.4 -4.044925 -0.4 -5.019728 0 -4.75435 -0.4 -5.019728 0 -5.751267 0 -5.751267 -0.4 -5.019728 -0.4 -5.99453 0 -5.751267 -0.4 -5.99453 0 -6.748185 0 -6.748185 -0.4 -5.99453 -0.4 -6.969333 0 -6.748185 -0.4 -6.969333 0 -7.745102 0 -7.745102 -0.4 -6.969333 -0.4 -7.944136 0 -7.745102 -0.4 -7.944136 0 -8.74202 0 -8.74202 -0.4 -7.944136 -0.4 -8.918938 0 -8.74202 -0.4 -8.918938 0 -9.738939 0 -9.738939 -0.4 -8.918938 -0.4 -9.893742 0 -9.738939 -0.4 -9.893742 0 -10.73585 0 -10.73585 -0.4 -9.893742 -0.4 -10.86854 0 -10.73585 -0.4 -10.86854 0 -11.73277 0 -11.73277 -0.4 -10.86854 -0.4 -11.84335 0 -11.73277 -0.4 -11.84335 0 -12.72969 0 -12.72969 -0.4 -11.84335 -0.4 -12.81815 0 -12.72969 -0.4 -12.81815 0 -13.72661 0 -13.72661 -0.4 -12.81815 -0.4 -13.79295 0 -13.72661 -0.4 -13.79295 0 -14.72352 0 -14.72352 -0.4 -13.79295 -0.4 -14.76775 0 -14.72352 -0.4 -14.76775 0 -15.72044 0 -15.72044 -0.4 -14.76775 -0.4 -15.74256 0 -15.72044 -0.4 -15.74256 0 -16.71736 0 -16.71736 -0.4 -15.74256 -0.4 -16.71736 0 -3.757432 0 -2.760515 -0.04061889 -2.760515 9.65 0.04061889 8.909876 0.04061889 9.65 0 9.65 0 8.909876 0.04061889 8.909876 0 41.11247 13.6 41.06185 13.6 41.11247 5 41.11247 5 41.06185 13.6 38.78555 13.6 41.11247 5 38.78555 13.6 35.28555 14.6 35.28555 14.6 38.78555 13.6 38.78555 14.5 35.28555 14.6 38.78555 14.5 38.68555 14.6 38.68555 14.6 38.78555 14.5 38.77215 14.55 38.68555 14.6 38.77215 14.55 38.73555 14.5866 35.28555 14.6 35.23555 14.6134 41.11247 5 41.11247 5 35.23555 14.6134 7.135554 14.6134 41.11247 5 7.135554 14.6134 1.258636 5 1.258636 5 7.135554 14.6134 7.085554 14.6 1.258636 5 7.085554 14.6 3.585554 13.6 3.585554 13.6 7.085554 14.6 3.585554 14.5 3.585554 14.5 7.085554 14.6 3.685554 14.6 3.585554 14.5 3.685554 14.6 3.598951 14.55 3.598951 14.55 3.685554 14.6 3.635554 14.5866 7.135554 14.6134 35.23555 14.6134 7.172156 14.65 7.172156 14.65 35.23555 14.6134 35.19895 14.65 7.172156 14.65 35.19895 14.65 7.185554 14.7 7.185554 14.7 35.19895 14.65 35.18555 14.7 7.185554 14.7 35.18555 14.7 7.285554 15.6 7.285554 15.6 35.18555 14.7 35.08555 15.6 35.08555 15.6 35.18555 14.7 35.18555 15.5 35.08555 15.6 35.18555 15.5 35.17216 15.55 35.17216 15.55 35.13555 15.5866 35.08555 15.6 7.235554 15.5866 7.198951 15.55 7.285554 15.6 7.285554 15.6 7.198951 15.55 7.185554 15.5 7.285554 15.6 7.185554 15.5 7.185554 14.7 3.585554 13.6 1.309254 13.6 1.258636 5 1.258636 5 1.309254 13.6 1.258636 13.6 0 5 0 0 1.258636 5 1.258636 5 0 0 42.37111 0 1.258636 5 42.37111 0 41.11247 5 41.11247 5 42.37111 0 42.37111 5 -8.909876 0.04061889 -9.65 0.04061889 -8.909876 0 -8.909876 0 -9.65 0.04061889 -9.65 0 0.04061889 -2.760515 0 -2.760515 0.142857 -2.850598 0.142857 -2.850598 0 -2.760515 0 -3.757432 0.142857 -2.850598 0 -3.757432 0.4 -3.070122 0.4 -3.070122 0 -3.757432 0.4 -4.044925 0.4 -4.044925 0 -3.757432 0 -4.75435 0.4 -4.044925 0 -4.75435 0.4 -5.019728 0.4 -5.019728 0 -4.75435 0 -5.751267 0.4 -5.019728 0 -5.751267 0.4 -5.99453 0.4 -5.99453 0 -5.751267 0 -6.748185 0.4 -5.99453 0 -6.748185 0.4 -6.969333 0.4 -6.969333 0 -6.748185 0 -7.745102 0.4 -6.969333 0 -7.745102 0.4 -7.944136 0.4 -7.944136 0 -7.745102 0 -8.74202 0.4 -7.944136 0 -8.74202 0.4 -8.918938 0.4 -8.918938 0 -8.74202 0 -9.738939 0.4 -8.918938 0 -9.738939 0.4 -9.893742 0.4 -9.893742 0 -9.738939 0 -10.73585 0.4 -9.893742 0 -10.73585 0.4 -10.86854 0.4 -10.86854 0 -10.73585 0 -11.73277 0.4 -10.86854 0 -11.73277 0.4 -11.84335 0.4 -11.84335 0 -11.73277 0 -12.72969 0.4 -11.84335 0 -12.72969 0.4 -12.81815 0.4 -12.81815 0 -12.72969 0 -13.72661 0.4 -12.81815 0 -13.72661 0.4 -13.79295 0.4 -13.79295 0 -13.72661 0 -14.72352 0.4 -13.79295 0 -14.72352 0.4 -14.76775 0.4 -14.76775 0 -14.72352 0 -15.72044 0.4 -14.76775 0 -15.72044 0.4 -15.74256 0.4 -15.74256 0 -15.72044 0 -16.71736 0.4 -15.74256 0 -16.71736 0.4 -16.71736 9.092297 -0.7 7.31047 3.99218 5.45 -0.7 5.45 -0.7 7.31047 3.99218 6.345261 4.096136 5.45 -0.7 6.345261 4.096136 5.395226 3.896459 9.490988 0.185144 9.398077 2.100526 9.092297 -0.7 9.092297 -0.7 9.398077 2.100526 8.915583 2.942926 9.092297 -0.7 8.915583 2.942926 8.1962 3.594786 9.490988 0.185144 9.596361 1.1502 9.398077 2.100526 8.1962 3.594786 7.31047 3.99218 9.092297 -0.7 5.395226 3.896459 4.553535 3.412732 5.45 -0.7 5.45 -0.7 4.553535 3.412732 4.090125 -0.95 5.45 -0.7 4.090125 -0.95 5.45 -5.8 5.45 -5.8 4.090125 -0.95 2.950847 -0.95 5.45 -5.8 2.950847 -0.95 2.950847 -24.45 2.950847 -24.45 2.950847 -0.95 -2.858321 -24.2 2.950847 -24.45 -2.858321 -24.2 -0.1332859 -28.49713 -0.1332859 -28.49713 -2.858321 -24.2 -1.103319 -28.29701 -1.103319 -28.29701 -2.858321 -24.2 -1.960722 -27.80116 -1.960722 -27.80116 -2.858321 -24.2 -2.61797 -27.06019 -2.61797 -27.06019 -2.858321 -24.2 -3.00797 -26.14974 -3.00797 -26.14974 -2.858321 -24.2 -3.090909 -25.16276 4.553535 3.412732 3.90273 2.692392 4.090125 -0.95 4.090125 -0.95 3.90273 2.692392 3.605164 -0.109019 3.605164 -0.109019 3.90273 2.692392 3.506635 1.806082 3.605164 -0.109019 3.506635 1.806082 3.404095 0.840722 3.099863 0.02918595 2.932437 1.005393 2.950847 -0.95 2.950847 -0.95 2.932437 1.005393 2.465661 1.878967 2.950847 -0.95 2.465661 1.878967 1.747185 2.560731 1.747185 2.560731 0.850352 2.981091 2.950847 -0.95 2.950847 -0.95 0.850352 2.981091 -0.1332859 3.097133 2.950847 -0.95 -0.1332859 3.097133 -2.858321 -1.2 -2.858321 -1.2 -0.1332859 3.097133 -1.103319 2.897013 -2.858321 -1.2 -1.103319 2.897013 -1.960722 2.40116 -1.960722 2.40116 -2.61797 1.66019 -2.858321 -1.2 -2.858321 -1.2 -2.61797 1.66019 -3.00797 0.749745 -2.858321 -1.2 -3.00797 0.749745 -3.090909 -0.237236 -3.85 -1.2 -4.15 -1.5 -2.858321 -1.2 -2.858321 -1.2 -4.15 -1.5 -4.15 -23.9 -2.858321 -1.2 -4.15 -23.9 -2.858321 -24.2 -2.858321 -24.2 -4.15 -23.9 -3.85 -24.2 -3.85 -24.2 -4.15 -23.9 -4 -24.15981 -4 -24.15981 -4.15 -23.9 -4.109807 -24.05 -3.85 -1.2 -4 -1.240192 -4.15 -1.5 -4.15 -1.5 -4 -1.240192 -4.109807 -1.35 -0.1332859 -28.49713 0.850352 -28.38109 2.950847 -24.45 2.950847 -24.45 0.850352 -28.38109 1.747185 -27.96073 2.950847 -24.45 1.747185 -27.96073 2.465661 -27.27897 2.465661 -27.27897 2.932437 -26.40539 2.950847 -24.45 2.950847 -24.45 2.932437 -26.40539 3.099863 -25.42919 5.45 -5.8 2.950847 -24.45 5.45 -21.3 5.45 -21.3 2.950847 -24.45 4.090125 -24.45 5.45 -21.3 4.090125 -24.45 5.45 -24.7 5.45 -24.7 4.090125 -24.45 4.553535 -28.81273 5.45 -24.7 4.553535 -28.81273 5.395226 -29.29646 4.553535 -28.81273 4.090125 -24.45 3.90273 -28.09239 3.90273 -28.09239 4.090125 -24.45 3.605164 -25.29098 3.90273 -28.09239 3.605164 -25.29098 3.506635 -27.20608 3.506635 -27.20608 3.605164 -25.29098 3.404095 -26.24072 5.395226 -29.29646 6.345261 -29.49614 5.45 -24.7 5.45 -24.7 6.345261 -29.49614 7.31047 -29.39218 5.45 -24.7 7.31047 -29.39218 9.092297 -24.7 9.092297 -24.7 7.31047 -29.39218 8.1962 -28.99479 9.092297 -24.7 8.1962 -28.99479 8.915583 -28.34293 8.915583 -28.34293 9.398077 -27.50053 9.092297 -24.7 9.092297 -24.7 9.398077 -27.50053 9.490988 -25.58514 9.490988 -25.58514 9.398077 -27.50053 9.596361 -26.5502 2.950847 -0.95 -2.858321 -1.2 -2.858321 -24.2 -5.45 -0.7 -7.31047 3.99218 -9.092297 -0.7 -9.092297 -0.7 -7.31047 3.99218 -8.1962 3.594786 -9.092297 -0.7 -8.1962 3.594786 -8.915583 2.942926 -5.45 -24.7 -4.090125 -0.95 -5.45 -0.7 -5.45 -0.7 -4.090125 -0.95 -4.553535 3.412732 -5.45 -0.7 -4.553535 3.412732 -5.395226 3.896459 -9.092297 -24.7 -7.31047 -29.39218 -5.45 -24.7 -5.45 -24.7 -7.31047 -29.39218 -6.345261 -29.49614 -5.45 -24.7 -6.345261 -29.49614 -5.395226 -29.29646 -9.490988 -25.58514 -9.398077 -27.50053 -9.092297 -24.7 -9.092297 -24.7 -9.398077 -27.50053 -8.915583 -28.34293 -9.092297 -24.7 -8.915583 -28.34293 -8.1962 -28.99479 -9.490988 -25.58514 -9.596361 -26.5502 -9.398077 -27.50053 -8.1962 -28.99479 -7.31047 -29.39218 -9.092297 -24.7 -5.395226 -29.29646 -4.553535 -28.81273 -5.45 -24.7 -5.45 -24.7 -4.553535 -28.81273 -4.090125 -24.45 -5.45 -24.7 -4.090125 -24.45 -4.090125 -0.95 -4.090125 -0.95 -4.090125 -24.45 -2.950847 -24.45 -4.090125 -0.95 -2.950847 -24.45 -2.950847 -0.95 -2.950847 -0.95 -2.950847 -24.45 2.858321 -1.2 -2.950847 -0.95 2.858321 -1.2 0.1332859 3.097133 0.1332859 3.097133 2.858321 -1.2 1.103319 2.897013 1.103319 2.897013 2.858321 -1.2 1.960722 2.40116 1.960722 2.40116 2.858321 -1.2 2.61797 1.66019 2.61797 1.66019 2.858321 -1.2 3.00797 0.749745 3.00797 0.749745 2.858321 -1.2 3.090909 -0.237236 -4.553535 -28.81273 -3.90273 -28.09239 -4.090125 -24.45 -4.090125 -24.45 -3.90273 -28.09239 -3.605164 -25.29098 -3.605164 -25.29098 -3.90273 -28.09239 -3.506635 -27.20608 -3.605164 -25.29098 -3.506635 -27.20608 -3.404095 -26.24072 -3.099863 -25.42919 -2.932437 -26.40539 -2.950847 -24.45 -2.950847 -24.45 -2.932437 -26.40539 -2.465661 -27.27897 -2.950847 -24.45 -2.465661 -27.27897 -1.747185 -27.96073 -1.747185 -27.96073 -0.850352 -28.38109 -2.950847 -24.45 -2.950847 -24.45 -0.850352 -28.38109 0.1332859 -28.49713 -2.950847 -24.45 0.1332859 -28.49713 2.858321 -24.2 2.858321 -24.2 0.1332859 -28.49713 1.103319 -28.29701 2.858321 -24.2 1.103319 -28.29701 1.960722 -27.80116 1.960722 -27.80116 2.61797 -27.06019 2.858321 -24.2 2.858321 -24.2 2.61797 -27.06019 3.00797 -26.14974 2.858321 -24.2 3.00797 -26.14974 3.090909 -25.16276 3.85 -24.2 4.15 -23.9 2.858321 -24.2 2.858321 -24.2 4.15 -23.9 2.858321 -1.2 2.858321 -24.2 2.858321 -1.2 -2.950847 -24.45 3.85 -24.2 4 -24.15981 4.15 -23.9 4.15 -23.9 4 -24.15981 4.109807 -24.05 4.15 -23.9 4.15 -1.5 2.858321 -1.2 2.858321 -1.2 4.15 -1.5 3.85 -1.2 3.85 -1.2 4.15 -1.5 4 -1.240192 4 -1.240192 4.15 -1.5 4.109807 -1.35 0.1332859 3.097133 -0.850352 2.981091 -2.950847 -0.95 -2.950847 -0.95 -0.850352 2.981091 -1.747185 2.560731 -2.950847 -0.95 -1.747185 2.560731 -2.465661 1.878967 -2.465661 1.878967 -2.932437 1.005393 -2.950847 -0.95 -2.950847 -0.95 -2.932437 1.005393 -3.099863 0.02918595 -4.553535 3.412732 -4.090125 -0.95 -3.90273 2.692392 -3.90273 2.692392 -4.090125 -0.95 -3.605164 -0.109019 -3.90273 2.692392 -3.605164 -0.109019 -3.506635 1.806082 -3.506635 1.806082 -3.605164 -0.109019 -3.404095 0.840722 -5.395226 3.896459 -6.345261 4.096136 -5.45 -0.7 -5.45 -0.7 -6.345261 4.096136 -7.31047 3.99218 -8.915583 2.942926 -9.398077 2.100526 -9.092297 -0.7 -9.092297 -0.7 -9.398077 2.100526 -9.490988 0.185144 -9.490988 0.185144 -9.398077 2.100526 -9.596361 1.1502 -0.142857 -6.888339 0 -6.978423 -0.4 -6.668815 -0.4 -6.668815 0 -6.978423 0 -5.981505 -0.4 -6.668815 0 -5.981505 -0.4 -5.694012 -0.4 -5.694012 0 -5.981505 0 -4.984588 -0.4 -5.694012 0 -4.984588 -0.4 -4.719209 -0.4 -4.719209 0 -4.984588 0 -3.98767 -0.4 -4.719209 0 -3.98767 -0.4 -3.744406 -0.4 -3.744406 0 -3.98767 0 -2.990752 -0.4 -3.744406 0 -2.990752 -0.4 -2.769604 -0.4 -2.769604 0 -2.990752 0 -1.993835 -0.4 -2.769604 0 -1.993835 -0.4 -1.794801 -0.4 -1.794801 0 -1.993835 0 -0.996917 -0.4 -1.794801 0 -0.996917 -0.4 -0.819999 -0.4 -0.819999 0 -0.996917 0 0 -0.4 -0.819999 0 0 -0.4 0.154804 -0.4 0.154804 0 0 0 0.996917 -0.4 0.154804 0 0.996917 -0.4 1.129606 -0.4 1.129606 0 0.996917 0 1.993835 -0.4 1.129606 0 1.993835 -0.4 2.104409 -0.4 2.104409 0 1.993835 0 2.990752 -0.4 2.104409 0 2.990752 -0.4 3.079212 -0.4 3.079212 0 2.990752 0 3.98767 -0.4 3.079212 0 3.98767 -0.4 4.054015 -0.4 4.054015 0 3.98767 0 4.984588 -0.4 4.054015 0 4.984588 -0.4 5.028817 -0.4 5.028817 0 4.984588 0 5.981505 -0.4 5.028817 0 5.981505 -0.4 6.00362 -0.4 6.00362 0 5.981505 0 6.978423 -0.4 6.00362 0 6.978423 -0.4 6.978423 -0.142857 -6.888339 -0.04061889 -6.978423 0 -6.978423 0.740124 0.04061889 0 0.04061889 0.740124 0 0.740124 0 0 0.04061889 0 0 23.37918 0.8 23.37918 1.540125 23.25836 0.8 23.25836 0.8 23.37918 1.540125 -0.12082 1.540125 23.25836 0.8 -0.12082 1.540125 0 0.8 0 0.8 -0.12082 1.540125 -0.12082 0.8 24.24084 1.047326 27.09499 1.402074 23.37918 1.540125 23.37918 1.540125 27.09499 1.402074 27.80979 2.090815 23.37918 1.540125 27.80979 2.090815 28.27026 2.970177 25.21409 0.852137 26.19914 0.974571 24.24084 1.047326 24.24084 1.047326 26.19914 0.974571 27.09499 1.402074 28.27026 2.970177 28.42918 3.95 23.37918 1.540125 23.37918 1.540125 28.42918 3.95 23.37918 6.359876 23.37918 1.540125 23.37918 6.359876 -0.12082 6.359876 -0.12082 6.359876 23.37918 6.359876 -0.12082 7.499153 -0.12082 7.499153 23.37918 6.359876 23.37918 7.499153 -0.12082 7.499153 23.37918 7.499153 0.12918 13.30832 0.12918 13.30832 23.37918 7.499153 23.12918 13.30832 0.12918 13.30832 23.12918 13.30832 0.42918 14.6 0.42918 14.6 23.12918 13.30832 22.82918 14.6 22.82918 14.6 23.12918 13.30832 23.12918 14.3 22.82918 14.6 23.12918 14.3 23.08899 14.45 28.42918 3.95 28.27026 4.929823 23.37918 6.359876 23.37918 6.359876 28.27026 4.929823 27.80979 5.809185 23.37918 6.359876 27.80979 5.809185 27.09499 6.497926 23.37918 6.359876 27.09499 6.497926 24.24084 6.852674 24.24084 6.852674 27.09499 6.497926 26.19914 6.925429 24.24084 6.852674 26.19914 6.925429 25.21409 7.047863 24.35837 7.350137 25.33457 7.517563 23.37918 7.499153 23.37918 7.499153 25.33457 7.517563 26.20815 7.984339 23.37918 7.499153 26.20815 7.984339 26.88991 8.702816 26.88991 8.702816 27.31027 9.59965 23.37918 7.499153 23.37918 7.499153 27.31027 9.59965 27.42631 10.58329 23.37918 7.499153 27.42631 10.58329 23.12918 13.30832 23.12918 13.30832 27.42631 10.58329 27.22619 11.55332 23.12918 13.30832 27.22619 11.55332 26.73034 12.41072 26.73034 12.41072 25.98937 13.06797 23.12918 13.30832 23.12918 13.30832 25.98937 13.06797 25.07892 13.45797 23.12918 13.30832 25.07892 13.45797 24.09194 13.54091 23.08899 14.45 22.97918 14.55981 22.82918 14.6 0.27918 14.55981 0.169372 14.45 0.42918 14.6 0.42918 14.6 0.169372 14.45 0.12918 14.3 0.42918 14.6 0.12918 14.3 0.12918 13.30832 -0.833584 13.54091 -1.820565 13.45797 0.12918 13.30832 0.12918 13.30832 -1.820565 13.45797 -2.731011 13.06797 0.12918 13.30832 -2.731011 13.06797 -3.47198 12.41072 -3.47198 12.41072 -3.967834 11.55332 0.12918 13.30832 0.12918 13.30832 -3.967834 11.55332 -4.167953 10.58329 0.12918 13.30832 -4.167953 10.58329 -0.12082 7.499153 -0.12082 7.499153 -4.167953 10.58329 -4.051911 9.59965 -0.12082 7.499153 -4.051911 9.59965 -3.631552 8.702816 -3.631552 8.702816 -2.949787 7.984339 -0.12082 7.499153 -0.12082 7.499153 -2.949787 7.984339 -2.076213 7.517563 -0.12082 7.499153 -2.076213 7.517563 -1.100006 7.350137 -0.982481 6.852674 -3.836627 6.497926 -0.12082 6.359876 -0.12082 6.359876 -3.836627 6.497926 -4.551431 5.809185 -0.12082 6.359876 -4.551431 5.809185 -5.011899 4.929823 -1.955728 7.047863 -2.940776 6.925429 -0.982481 6.852674 -0.982481 6.852674 -2.940776 6.925429 -3.836627 6.497926 -5.011899 4.929823 -5.17082 3.95 -0.12082 6.359876 -0.12082 6.359876 -5.17082 3.95 -0.12082 1.540125 -0.12082 6.359876 -0.12082 1.540125 23.37918 1.540125 -5.17082 3.95 -5.011899 2.970177 -0.12082 1.540125 -0.12082 1.540125 -5.011899 2.970177 -4.551431 2.090815 -0.12082 1.540125 -4.551431 2.090815 -3.836627 1.402074 -0.12082 1.540125 -3.836627 1.402074 -0.982481 1.047326 -0.982481 1.047326 -3.836627 1.402074 -2.940776 0.974571 -0.982481 1.047326 -2.940776 0.974571 -1.955728 0.852137 0 0 23.25836 0 0 0.8 0 0.8 23.25836 0 23.25836 0.8 36.70718 5 36.70718 14.6 33.41436 5 33.41436 5 36.70718 14.6 29.00718 5 33.41436 5 29.00718 5 33.41436 0 33.41436 0 29.00718 5 29.00718 0 36.70718 14.6 -3.29282 14.6 29.00718 5 29.00718 5 -3.29282 14.6 4.40718 5 4.40718 5 -3.29282 14.6 0 5 4.40718 5 0 5 4.40718 0 4.40718 0 0 5 0 0 -3.29282 14.6 -3.29282 5 0 5 41.11247 13.6 41.06185 13.6 41.11247 5 41.11247 5 41.06185 13.6 39.78555 13.6 41.11247 5 39.78555 13.6 2.585554 13.6 2.585554 13.6 39.78555 13.6 2.685554 14.6 2.585554 13.6 2.685554 14.6 2.585554 14.5 2.585554 14.5 2.685554 14.6 2.598951 14.55 2.598951 14.55 2.685554 14.6 2.635554 14.5866 2.685554 14.6 39.78555 13.6 39.68555 14.6 39.68555 14.6 39.78555 13.6 39.78555 14.5 39.68555 14.6 39.78555 14.5 39.77215 14.55 39.77215 14.55 39.73555 14.5866 39.68555 14.6 41.11247 5 2.585554 13.6 1.258636 5 1.258636 5 2.585554 13.6 1.309254 13.6 1.258636 5 1.309254 13.6 1.258636 13.6 0 5 0 0 1.258636 5 1.258636 5 0 0 42.37111 0 1.258636 5 42.37111 0 41.11247 5 41.11247 5 42.37111 0 42.37111 5 -19.2 5 -32.3 14.6 -24.6 5 -24.6 5 -32.3 14.6 -29.00718 5 -24.6 5 -29.00718 5 -24.6 0 -24.6 0 -29.00718 5 -29.00718 0 -19.2 0.9 -3.7 0.9 -19.2 5 -19.2 5 -3.7 0.9 -3.7 5 -19.2 5 -3.7 5 7.7 14.6 7.7 14.6 -3.7 5 0 5 7.7 14.6 0 5 4.40718 5 4.40718 5 0 5 4.40718 0 4.40718 0 0 5 0 0 4.40718 5 7.7 5 7.7 14.6 7.7 14.6 -32.3 14.6 -19.2 5 -32.3 14.6 -32.3 5 -29.00718 5 14.39151 12.59962 13.26684 12.59962 14.22918 12.1 14.22918 12.1 13.26684 12.59962 13.42918 12.1 14.22918 12.1 13.42918 12.1 14.39151 11.60038 14.39151 11.60038 13.42918 12.1 13.26684 11.60038 14.39151 11.60038 13.26684 11.60038 14.81651 11.2916 14.81651 11.2916 13.26684 11.60038 12.84184 11.2916 14.81651 11.2916 12.84184 11.2916 14.96197 8.264745 14.96197 8.264745 12.84184 11.2916 12.46197 8.264745 14.96197 8.264745 12.46197 8.264745 12.91668 8.184569 13.26684 12.59962 14.39151 12.59962 12.84184 12.9084 12.84184 12.9084 14.39151 12.59962 14.81651 12.9084 12.84184 12.9084 14.81651 12.9084 9.127784 13.48959 9.127784 13.48959 14.81651 12.9084 22.82918 14.6 9.127784 13.48959 22.82918 14.6 0.42918 14.6 14.81651 12.9084 15.34184 12.9084 22.82918 14.6 22.82918 14.6 15.34184 12.9084 23.12918 13.30832 22.82918 14.6 23.12918 13.30832 23.12918 14.3 15.34184 12.9084 15.76684 12.59962 23.12918 13.30832 23.12918 13.30832 15.76684 12.59962 15.92918 12.1 23.12918 13.30832 15.92918 12.1 15.76684 11.60038 15.34184 11.2916 23.37918 7.499153 15.76684 11.60038 15.76684 11.60038 23.37918 7.499153 27.31027 9.59965 15.76684 11.60038 27.31027 9.59965 27.42631 10.58329 14.81651 11.2916 14.96197 8.264745 15.34184 11.2916 15.34184 11.2916 14.96197 8.264745 15.41668 8.184569 15.34184 11.2916 15.41668 8.184569 23.37918 7.499153 23.37918 7.499153 15.41668 8.184569 15.71347 7.830863 23.37918 7.499153 15.71347 7.830863 15.71347 7.369136 14.5621 8.033883 13.21347 7.830863 14.40418 7.6 14.40418 7.6 13.21347 7.830863 13.21347 7.369136 14.40418 7.6 13.21347 7.369136 14.5621 7.166118 14.5621 7.166118 13.21347 7.369136 12.91668 7.015433 14.5621 7.166118 12.91668 7.015433 14.96197 6.935255 14.96197 6.935255 12.91668 7.015433 12.46197 6.935255 14.96197 6.935255 12.46197 6.935255 20.22918 5 20.22918 5 12.46197 6.935255 4.729179 5 4.729179 5 12.46197 6.935255 12.0621 7.166118 4.729179 5 12.0621 7.166118 11.90418 7.6 13.21347 7.830863 14.5621 8.033883 12.91668 8.184569 12.91668 8.184569 14.5621 8.033883 14.96197 8.264745 15.41668 7.015433 20.22918 5 15.71347 7.369136 15.71347 7.369136 20.22918 5 23.37918 6.359876 15.71347 7.369136 23.37918 6.359876 23.37918 7.499153 15.41668 7.015433 14.96197 6.935255 20.22918 5 11.89151 12.59962 10.46631 12.71679 11.72918 12.1 11.72918 12.1 10.46631 12.71679 10.78766 11.99503 11.72918 12.1 10.78766 11.99503 11.89151 11.60038 11.89151 11.60038 10.78766 11.99503 10.78766 11.20497 11.89151 11.60038 10.78766 11.20497 12.31651 11.2916 12.31651 11.2916 10.78766 11.20497 10.46631 10.48321 12.31651 11.2916 10.46631 10.48321 12.84184 11.2916 12.84184 11.2916 10.46631 10.48321 12.46197 8.264745 11.89151 12.59962 12.31651 12.9084 10.46631 12.71679 10.46631 12.71679 12.31651 12.9084 9.87918 13.24545 9.87918 13.24545 12.31651 12.9084 9.127784 13.48959 9.127784 13.48959 12.31651 12.9084 12.84184 12.9084 12.0621 8.033883 9.127784 9.71041 11.90418 7.6 11.90418 7.6 9.127784 9.71041 8.342048 9.792993 11.90418 7.6 8.342048 9.792993 4.729179 5 4.729179 5 8.342048 9.792993 -0.12082 7.499153 4.729179 5 -0.12082 7.499153 -0.12082 6.359876 12.0621 8.033883 12.46197 8.264745 9.127784 9.71041 9.127784 9.71041 12.46197 8.264745 9.87918 9.954552 9.87918 9.954552 12.46197 8.264745 10.46631 10.48321 7.193443 10.8272 7.02918 11.6 0.12918 13.30832 0.12918 13.30832 7.02918 11.6 7.193443 12.3728 0.12918 13.30832 7.193443 12.3728 7.657832 13.01198 0.12918 13.30832 7.657832 13.01198 0.42918 14.6 0.42918 14.6 7.657832 13.01198 8.342048 13.40701 0.42918 14.6 8.342048 13.40701 9.127784 13.48959 8.342048 9.792993 7.657832 10.18803 -0.12082 7.499153 -0.12082 7.499153 7.657832 10.18803 7.193443 10.8272 -0.12082 7.499153 7.193443 10.8272 -4.051911 9.59965 -4.051911 9.59965 7.193443 10.8272 -4.167953 10.58329 -4.167953 10.58329 7.193443 10.8272 -3.967834 11.55332 -3.967834 11.55332 7.193443 10.8272 0.12918 13.30832 -3.967834 11.55332 0.12918 13.30832 -3.47198 12.41072 -3.47198 12.41072 0.12918 13.30832 -2.731011 13.06797 -2.731011 13.06797 0.12918 13.30832 -1.820565 13.45797 -1.820565 13.45797 0.12918 13.30832 -0.833584 13.54091 4.729179 5 -0.12082 1.540125 4.729179 0.9 4.729179 0.9 -0.12082 1.540125 0 0.8 4.729179 0.9 0 0.8 0 0 20.22918 0.9 23.37918 1.540125 20.22918 5 20.22918 5 23.37918 1.540125 28.27026 2.970177 20.22918 5 28.27026 2.970177 28.42918 3.95 4.729179 0.9 23.25836 0 20.22918 0.9 20.22918 0.9 23.25836 0 23.25836 0.8 20.22918 0.9 23.25836 0.8 23.37918 1.540125 23.37918 1.540125 23.25836 0.8 23.37918 0.8 0 0 23.25836 0 4.729179 0.9 24.24084 1.047326 27.09499 1.402074 23.37918 1.540125 23.37918 1.540125 27.09499 1.402074 27.80979 2.090815 23.37918 1.540125 27.80979 2.090815 28.27026 2.970177 25.21409 0.852137 26.19914 0.974571 24.24084 1.047326 24.24084 1.047326 26.19914 0.974571 27.09499 1.402074 28.42918 3.95 28.27026 4.929823 20.22918 5 20.22918 5 28.27026 4.929823 23.37918 6.359876 28.27026 4.929823 27.80979 5.809185 23.37918 6.359876 23.37918 6.359876 27.80979 5.809185 27.09499 6.497926 23.37918 6.359876 27.09499 6.497926 24.24084 6.852674 24.24084 6.852674 27.09499 6.497926 26.19914 6.925429 24.24084 6.852674 26.19914 6.925429 25.21409 7.047863 24.35837 7.350137 25.33457 7.517563 23.37918 7.499153 23.37918 7.499153 25.33457 7.517563 26.20815 7.984339 23.37918 7.499153 26.20815 7.984339 26.88991 8.702816 26.88991 8.702816 27.31027 9.59965 23.37918 7.499153 27.42631 10.58329 27.22619 11.55332 15.76684 11.60038 15.76684 11.60038 27.22619 11.55332 23.12918 13.30832 27.22619 11.55332 26.73034 12.41072 23.12918 13.30832 23.12918 13.30832 26.73034 12.41072 25.98937 13.06797 23.12918 13.30832 25.98937 13.06797 25.07892 13.45797 25.07892 13.45797 24.09194 13.54091 23.12918 13.30832 23.12918 14.3 23.08899 14.45 22.82918 14.6 22.82918 14.6 23.08899 14.45 22.97918 14.55981 0.27918 14.55981 0.169372 14.45 0.42918 14.6 0.42918 14.6 0.169372 14.45 0.12918 14.3 0.42918 14.6 0.12918 14.3 0.12918 13.30832 -4.051911 9.59965 -3.631552 8.702816 -0.12082 7.499153 -0.12082 7.499153 -3.631552 8.702816 -2.949787 7.984339 -0.12082 7.499153 -2.949787 7.984339 -2.076213 7.517563 -2.076213 7.517563 -1.100006 7.350137 -0.12082 7.499153 -0.982481 6.852674 -3.836627 6.497926 -0.12082 6.359876 -0.12082 6.359876 -3.836627 6.497926 -4.551431 5.809185 -0.12082 6.359876 -4.551431 5.809185 -5.011899 4.929823 -1.955728 7.047863 -2.940776 6.925429 -0.982481 6.852674 -0.982481 6.852674 -2.940776 6.925429 -3.836627 6.497926 -5.011899 4.929823 -5.17082 3.95 -0.12082 6.359876 -0.12082 6.359876 -5.17082 3.95 -0.12082 1.540125 -0.12082 6.359876 -0.12082 1.540125 4.729179 5 -5.17082 3.95 -5.011899 2.970177 -0.12082 1.540125 -0.12082 1.540125 -5.011899 2.970177 -4.551431 2.090815 -0.12082 1.540125 -4.551431 2.090815 -3.836627 1.402074 -0.12082 1.540125 -3.836627 1.402074 -0.982481 1.047326 -0.982481 1.047326 -3.836627 1.402074 -2.940776 0.974571 -0.982481 1.047326 -2.940776 0.974571 -1.955728 0.852137 -0.12082 1.540125 -0.12082 0.8 0 0.8 0 0.04061889 -0.740124 0.04061889 0 0 0 0 -0.740124 0.04061889 -0.740124 0 0.04061889 -6.978423 0.142857 -6.888339 0 -6.978423 0 -6.978423 0.142857 -6.888339 0.4 -6.668815 0 -6.978423 0.4 -6.668815 0 -5.981505 0 -5.981505 0.4 -6.668815 0.4 -5.694012 0 -5.981505 0.4 -5.694012 0 -4.984588 0 -4.984588 0.4 -5.694012 0.4 -4.719209 0 -4.984588 0.4 -4.719209 0 -3.98767 0 -3.98767 0.4 -4.719209 0.4 -3.744406 0 -3.98767 0.4 -3.744406 0 -2.990752 0 -2.990752 0.4 -3.744406 0.4 -2.769604 0 -2.990752 0.4 -2.769604 0 -1.993835 0 -1.993835 0.4 -2.769604 0.4 -1.794801 0 -1.993835 0.4 -1.794801 0 -0.996917 0 -0.996917 0.4 -1.794801 0.4 -0.819999 0 -0.996917 0.4 -0.819999 0 0 0 0 0.4 -0.819999 0.4 0.154804 0 0 0.4 0.154804 0 0.996917 0 0.996917 0.4 0.154804 0.4 1.129606 0 0.996917 0.4 1.129606 0 1.993835 0 1.993835 0.4 1.129606 0.4 2.104409 0 1.993835 0.4 2.104409 0 2.990752 0 2.990752 0.4 2.104409 0.4 3.079212 0 2.990752 0.4 3.079212 0 3.98767 0 3.98767 0.4 3.079212 0.4 4.054015 0 3.98767 0.4 4.054015 0 4.984588 0 4.984588 0.4 4.054015 0.4 5.028817 0 4.984588 0.4 5.028817 0 5.981505 0 5.981505 0.4 5.028817 0.4 6.00362 0 5.981505 0.4 6.00362 0 6.978423 0 6.978423 0.4 6.00362 0.4 6.978423 8.600002 -31.1 12.09202 -31.04531 8.600002 -31 8.600002 -31 12.09202 -31.04531 12.19357 -31.01146 8.600002 -31 12.19357 -31.01146 12.3 -31 8.600002 -31.1 12 -31.1 12.09202 -31.04531 12 31.1 -12 31.1 12.09202 31.04531 12.09202 31.04531 -12 31.1 -12.09202 31.04531 12.09202 31.04531 -12.09202 31.04531 12.19357 31.01146 12.19357 31.01146 -12.09202 31.04531 -12.19357 31.01146 12.19357 31.01146 -12.19357 31.01146 12.3 31 12.3 31 -12.19357 31.01146 -12.3 31 -4.1 0 0 0 -4.1 0.4 -4.1 0.4 0 0 0 0.5 -4.1 0.4 0 0.5 -4.1 0.5 -15.5 0 0 0 -15.5 0.5 -15.5 0.5 0 0 0 0.5 0 0 0 0.4 -4.1 0 -4.1 0 0 0.4 -4.1 0.5 -4.1 0.5 0 0.4 0 0.5 0 0.4 -15.5 0.4 0 0 0 0 -15.5 0.4 -15.5 0 -12 -31.1 -6.9 -31.1 -12.09202 -31.04531 -12.09202 -31.04531 -6.9 -31.1 -6.9 -31 -12.09202 -31.04531 -6.9 -31 -12.19357 -31.01146 -12.19357 -31.01146 -6.9 -31 -12.3 -31 -1 -0.534071 0 -0.534071 -1 0 -1 0 0 -0.534071 0 0 -1 0 0 0 -1 0.534071 -1 0.534071 0 0 0 0.534071 -1 0.534071 0 0.534071 -1 1.068142 -1 1.068142 0 0.534071 0 1.068142 -1 1.068142 0 1.068142 -1 1.602212 -1 1.602212 0 1.068142 0 1.602212 -1 1.602212 0 1.602212 -1 2.136283 -1 2.136283 0 1.602212 0 2.136283 -1 2.136283 0 2.136283 -1 2.670354 -1 2.670354 0 2.136283 0 2.670354 -1 -2.670354 0 -2.670354 -1 -2.136283 -1 -2.136283 0 -2.670354 0 -2.136283 -1 -2.136283 0 -2.136283 -1 -1.602212 -1 -1.602212 0 -2.136283 0 -1.602212 -1 -1.602212 0 -1.602212 -1 -1.068142 -1 -1.068142 0 -1.602212 0 -1.068142 -1 -1.068142 0 -1.068142 -1 -0.534071 -1 -0.534071 0 -1.068142 0 -0.534071 -1 -0.471239 0 0 -1 0 -1 0 0 0 0 0.471239 -1 0 0 0.471239 -1 0.471239 -1 0.471239 0 0.471239 0 0.942478 -1 0.471239 0 0.942478 -1 0.942478 -1 0.942478 0 0.942478 0 1.413717 -1 0.942478 0 1.413717 -1 1.413717 -1 1.413717 0 1.413717 0 1.884956 -1 1.413717 0 1.884956 -1 1.884956 -1 -2.356195 0 -2.356194 0 -1.884956 -1 -2.356195 0 -1.884956 -1 -1.884956 -1 -1.884956 0 -1.884956 0 -1.413717 -1 -1.884956 0 -1.413717 -1 -1.413717 -1 -1.413717 0 -1.413717 0 -0.942478 -1 -1.413717 0 -0.942478 -1 -0.942478 -1 -0.942478 0 -0.942478 0 -0.471239 -1 -0.942478 0 -0.471239 -1 -0.471239 -1 -0.471239 0 -0.471239 0 0 -0.499617 0.687664 0 -0.85 0 0.85 0 0.85 0 -0.85 0.499617 -0.687664 0 0.85 0.499617 -0.687664 0.499617 0.687664 0.499617 0.687664 0.499617 -0.687664 0.808398 -0.262664 0.499617 0.687664 0.808398 -0.262664 0.808398 0.262664 0 -0.85 -0.499617 0.687664 -0.499617 -0.687664 -0.499617 -0.687664 -0.499617 0.687664 -0.808398 0.262664 -0.499617 -0.687664 -0.808398 0.262664 -0.808398 -0.262664 -1 -0.534071 0 -0.534071 -1 0 -1 0 0 -0.534071 0 0 -1 0 0 0 -1 0.534071 -1 0.534071 0 0 0 0.534071 -1 0.534071 0 0.534071 -1 1.068142 -1 1.068142 0 0.534071 0 1.068142 -1 1.068142 0 1.068142 -1 1.602212 -1 1.602212 0 1.068142 0 1.602212 -1 1.602212 0 1.602212 -1 2.136283 -1 2.136283 0 1.602212 0 2.136283 -1 2.136283 0 2.136283 -1 2.670354 -1 2.670354 0 2.136283 0 2.670354 -1 -2.670354 0 -2.670354 -1 -2.136283 -1 -2.136283 0 -2.670354 0 -2.136283 -1 -2.136283 0 -2.136283 -1 -1.602212 -1 -1.602212 0 -2.136283 0 -1.602212 -1 -1.602212 0 -1.602212 -1 -1.068142 -1 -1.068142 0 -1.602212 0 -1.068142 -1 -1.068142 0 -1.068142 -1 -0.534071 -1 -0.534071 0 -1.068142 0 -0.534071 0 0.675 -0.433882 0.51708 0.433882 0.51708 0.433882 0.51708 -0.433882 0.51708 0.664745 0.117213 0.664745 0.117213 -0.433882 0.51708 -0.664745 0.117213 0.664745 0.117213 -0.664745 0.117213 0.584567 -0.3375 0.584567 -0.3375 -0.664745 0.117213 -0.584567 -0.3375 0.584567 -0.3375 -0.584567 -0.3375 0.230864 -0.634293 0.230864 -0.634293 -0.584567 -0.3375 -0.230864 -0.634293 -1 -0.471239 0 0 -1 0 -1 0 0 0 0 0.471239 -1 0 0 0.471239 -1 0.471239 -1 0.471239 0 0.471239 0 0.942478 -1 0.471239 0 0.942478 -1 0.942478 -1 0.942478 0 0.942478 0 1.413717 -1 0.942478 0 1.413717 -1 1.413717 -1 1.413717 0 1.413717 0 1.884956 -1 1.413717 0 1.884956 -1 1.884956 -1 -2.356195 0 -2.356194 0 -1.884956 -1 -2.356195 0 -1.884956 -1 -1.884956 -1 -1.884956 0 -1.884956 0 -1.413717 -1 -1.884956 0 -1.413717 -1 -1.413717 -1 -1.413717 0 -1.413717 0 -0.942478 -1 -1.413717 0 -0.942478 -1 -0.942478 -1 -0.942478 0 -0.942478 0 -0.471239 -1 -0.942478 0 -0.471239 -1 -0.471239 -1 -0.471239 0 -0.471239 0 0 -0.499617 0.687664 0 -0.85 0 0.85 0 0.85 0 -0.85 0.499617 -0.687664 0 0.85 0.499617 -0.687664 0.499617 0.687664 0.499617 0.687664 0.499617 -0.687664 0.808398 -0.262664 0.499617 0.687664 0.808398 -0.262664 0.808398 0.262664 0 -0.85 -0.499617 0.687664 -0.499617 -0.687664 -0.499617 -0.687664 -0.499617 0.687664 -0.808398 0.262664 -0.499617 -0.687664 -0.808398 0.262664 -0.808398 -0.262664 0 0.675 -0.433882 0.51708 0.433882 0.51708 0.433882 0.51708 -0.433882 0.51708 0.664745 0.117213 0.664745 0.117213 -0.433882 0.51708 -0.664745 0.117213 0.664745 0.117213 -0.664745 0.117213 0.584567 -0.3375 0.584567 -0.3375 -0.664745 0.117213 -0.584567 -0.3375 0.584567 -0.3375 -0.584567 -0.3375 0.230864 -0.634293 0.230864 -0.634293 -0.584567 -0.3375 -0.230864 -0.634293 -1 -0.79587 0 0 -1 0 -1 0 0 0 0 0.79587 -1 0 0 0.79587 -1 0.79587 -1 0.79587 0 0.79587 0 1.59174 -1 0.79587 0 1.59174 -1 1.59174 -1 1.59174 0 1.59174 0 2.38761 -1 1.59174 0 2.38761 -1 2.38761 -1 2.38761 0 2.38761 0 3.183481 -1 2.38761 0 3.183481 -1 3.183481 -1 3.183481 0 3.183481 0 3.979351 -1 3.183481 0 3.979351 -1 3.979351 -1 3.979351 0 3.979351 0 4.775221 -1 3.979351 0 4.775221 -1 4.775221 -1 4.775221 0 4.775221 0 5.571091 -1 4.775221 0 5.571091 -1 5.571091 -1 -6.366961 0 -6.366961 0 -5.571091 -1 -6.366961 0 -5.571091 -1 -5.571091 -1 -5.571091 0 -5.571091 0 -4.775221 -1 -5.571091 0 -4.775221 -1 -4.775221 -1 -4.775221 0 -4.775221 0 -3.979351 -1 -4.775221 0 -3.979351 -1 -3.979351 -1 -3.979351 0 -3.979351 0 -3.183481 -1 -3.979351 0 -3.183481 -1 -3.183481 -1 -3.183481 0 -3.183481 0 -2.38761 -1 -3.183481 0 -2.38761 -1 -2.38761 -1 -2.38761 0 -2.38761 0 -1.59174 -1 -2.38761 0 -1.59174 -1 -1.59174 -1 -1.59174 0 -1.59174 0 -0.79587 -1 -1.59174 0 -0.79587 -1 -0.79587 -1 -0.79587 0 -0.79587 0 0 0 1.9 -0.7728 1.735736 0.7728 1.735736 0.7728 1.735736 -0.7728 1.735736 1.411975 1.271348 1.411975 1.271348 -0.7728 1.735736 -1.411975 1.271348 1.411975 1.271348 -1.411975 1.271348 1.807007 0.587132 1.807007 0.587132 -1.411975 1.271348 -1.807007 0.587132 1.807007 0.587132 -1.807007 0.587132 1.889592 -0.198604 1.889592 -0.198604 -1.807007 0.587132 -1.889592 -0.198604 1.889592 -0.198604 -1.889592 -0.198604 1.645448 -0.95 1.645448 -0.95 -1.889592 -0.198604 -1.645448 -0.95 1.645448 -0.95 -1.645448 -0.95 1.116792 -1.537132 1.116792 -1.537132 -1.645448 -0.95 -1.116792 -1.537132 1.116792 -1.537132 -1.116792 -1.537132 0.395032 -1.85848 0.395032 -1.85848 -1.116792 -1.537132 -0.395032 -1.85848</float_array>
          <technique_common>
            <accessor source="#MPO-700_DLR_Simu_V2_4_6_MPO-700_DLR_Body_V2_4_6-mesh-map-0-array" count="6780" stride="2">
              <param name="S" type="float"/>
              <param name="T" type="float"/>
            </accessor>
          </technique_common>
        </source>
        <vertices id="MPO-700_DLR_Simu_V2_4_6_MPO-700_DLR_Body_V2_4_6-mesh-vertices">
          <input semantic="POSITION" source="#MPO-700_DLR_Simu_V2_4_6_MPO-700_DLR_Body_V2_4_6-mesh-positions"/>
        </vertices>
        <triangles material="_54_254_255-material" count="60">
          <input semantic="VERTEX" source="#MPO-700_DLR_Simu_V2_4_6_MPO-700_DLR_Body_V2_4_6-mesh-vertices" offset="0"/>
          <input semantic="NORMAL" source="#MPO-700_DLR_Simu_V2_4_6_MPO-700_DLR_Body_V2_4_6-mesh-normals" offset="1"/>
          <input semantic="TEXCOORD" source="#MPO-700_DLR_Simu_V2_4_6_MPO-700_DLR_Body_V2_4_6-mesh-map-0" offset="2" set="0"/>
          <p>235 0 0 236 0 1 904 0 2 904 0 3 236 0 4 905 0 5 236 1 6 233 1 7 905 1 8 905 1 9 233 1 10 902 1 11 233 2 12 232 2 13 902 2 14 902 2 15 232 2 16 901 2 17 243 3 18 247 3 19 242 3 20 242 3 21 247 3 22 246 3 23 242 3 24 246 3 25 240 3 26 240 3 27 246 3 28 239 3 29 239 3 30 246 3 31 238 3 32 238 3 33 246 3 34 229 3 35 229 3 36 246 3 37 219 3 38 229 3 39 219 3 40 228 3 41 228 3 42 219 3 43 227 3 44 227 3 45 219 3 46 223 3 47 223 3 48 219 3 49 220 3 50 223 3 51 220 3 52 224 3 53 241 3 54 234 3 55 246 3 56 246 3 57 234 3 58 231 3 59 246 3 60 231 3 61 219 3 62 219 3 63 231 3 64 226 3 65 226 4 66 231 4 67 230 4 68 241 5 69 237 5 70 234 5 71 897 6 72 896 6 73 901 6 74 901 6 75 896 6 76 904 6 77 901 6 78 904 6 79 905 6 80 898 6 81 900 6 82 896 6 83 896 6 84 900 6 85 908 6 86 896 6 87 908 6 88 904 6 89 904 6 90 908 6 91 909 6 92 898 6 93 899 6 94 900 6 95 900 6 96 903 6 97 908 6 98 908 6 99 903 6 100 907 6 101 907 6 102 903 6 103 906 6 104 905 6 105 902 6 106 901 6 107 220 2 108 219 2 109 897 2 110 897 2 111 219 2 112 896 2 113 896 7 114 219 8 115 898 9 116 898 9 117 219 8 118 226 10 119 898 9 120 226 10 121 899 11 122 899 11 123 226 10 124 230 12 125 899 11 126 230 12 127 900 13 128 900 13 129 230 12 130 231 14 131 231 15 132 234 15 133 900 15 134 900 15 135 234 15 136 903 15 137 903 16 138 234 17 139 906 18 140 906 18 141 234 17 142 237 19 143 906 18 144 237 19 145 907 20 146 907 20 147 237 19 148 241 21 149 907 20 150 241 21 151 908 22 152 908 22 153 241 21 154 246 23 155 246 0 156 247 0 157 908 0 158 908 0 159 247 0 160 909 0 161 232 1 162 224 1 163 901 1 164 901 1 165 224 1 166 897 1 167 897 1 168 224 1 169 220 1 170 235 1 171 904 1 172 243 1 173 243 1 174 904 1 175 909 1 176 243 1 177 909 1 178 247 1 179</p>
        </triangles>
        <triangles material="_91_191_191_001-material" count="2157">
          <input semantic="VERTEX" source="#MPO-700_DLR_Simu_V2_4_6_MPO-700_DLR_Body_V2_4_6-mesh-vertices" offset="0"/>
          <input semantic="NORMAL" source="#MPO-700_DLR_Simu_V2_4_6_MPO-700_DLR_Body_V2_4_6-mesh-normals" offset="1"/>
          <input semantic="TEXCOORD" source="#MPO-700_DLR_Simu_V2_4_6_MPO-700_DLR_Body_V2_4_6-mesh-map-0" offset="2" set="0"/>
          <p>675 1 180 668 1 181 673 1 182 673 1 183 668 1 184 664 1 185 673 1 186 664 1 187 660 1 188 456 24 189 460 25 190 457 26 191 457 26 192 460 25 193 462 27 194 462 27 195 460 25 196 464 28 197 462 27 198 464 28 199 467 29 200 467 30 201 464 31 202 466 32 203 462 27 204 467 29 205 470 33 206 470 33 207 467 29 208 472 34 209 470 33 210 472 34 211 473 35 212 473 35 213 472 34 214 476 36 215 476 36 216 472 34 217 482 37 218 476 36 219 482 37 220 483 38 221 476 36 222 483 38 223 496 39 224 496 39 225 483 38 226 494 40 227 496 39 228 494 40 229 498 41 230 500 42 231 501 43 232 498 41 233 498 41 234 501 43 235 496 39 236 671 6 237 670 6 238 677 6 239 677 6 240 670 6 241 676 6 242 485 3 243 484 3 244 479 3 245 479 3 246 484 3 247 478 3 248 500 1 249 498 1 250 481 1 251 481 1 252 498 1 253 494 1 254 481 1 255 494 1 256 483 1 257 676 44 258 670 45 259 719 46 260 719 46 261 670 45 262 718 47 263 719 46 264 718 47 265 735 48 266 735 48 267 718 47 268 734 49 269 735 48 270 734 49 271 751 50 272 751 50 273 734 49 274 750 51 275 751 50 276 750 51 277 761 52 278 761 52 279 750 51 280 760 53 281 761 52 282 760 53 283 777 54 284 777 54 285 760 53 286 776 55 287 777 54 288 776 55 289 781 56 290 781 56 291 776 55 292 780 57 293 781 56 294 780 57 295 771 58 296 771 58 297 780 57 298 770 59 299 771 58 300 770 59 301 757 60 302 757 60 303 770 59 304 756 61 305 757 60 306 756 61 307 741 62 308 741 62 309 756 61 310 740 63 311 741 62 312 740 63 313 725 64 314 725 64 315 740 63 316 724 65 317 725 64 318 724 65 319 709 66 320 709 66 321 724 65 322 708 67 323 709 66 324 708 67 325 655 68 326 655 68 327 708 67 328 653 69 329 507 3 330 506 3 331 505 3 332 505 3 333 506 3 334 504 3 335 653 6 336 652 6 337 655 6 338 655 6 339 652 6 340 654 6 341 654 70 342 652 71 343 649 72 344 649 72 345 652 71 346 648 73 347 649 72 348 648 73 349 645 74 350 645 74 351 648 73 352 644 75 353 645 74 354 644 75 355 641 76 356 641 76 357 644 75 358 640 77 359 640 15 360 520 15 361 641 15 362 641 15 363 520 15 364 521 15 365 521 78 366 520 79 367 517 80 368 517 80 369 520 79 370 516 81 371 517 80 372 516 81 373 513 82 374 513 82 375 516 81 376 512 83 377 513 82 378 512 83 379 506 84 380 506 84 381 512 83 382 504 85 383 660 86 384 664 87 385 661 88 386 661 88 387 664 87 388 666 89 389 666 89 390 664 87 391 668 90 392 666 89 393 668 90 394 675 91 395 666 89 396 675 91 397 686 92 398 686 92 399 675 91 400 674 93 401 686 94 402 674 95 403 688 96 404 688 96 405 689 97 406 686 94 407 478 98 408 484 99 409 442 100 410 442 100 411 484 99 412 443 101 413 442 100 414 443 101 415 426 102 416 426 102 417 443 101 418 427 103 419 426 102 420 427 103 421 410 104 422 410 104 423 427 103 424 411 105 425 410 104 426 411 105 427 400 106 428 400 106 429 411 105 430 401 107 431 400 106 432 401 107 433 384 108 434 384 108 435 401 107 436 385 109 437 384 108 438 385 109 439 380 110 440 380 110 441 385 109 442 381 111 443 380 110 444 381 111 445 390 112 446 390 112 447 381 111 448 391 113 449 390 112 450 391 113 451 404 114 452 404 114 453 391 113 454 405 115 455 404 114 456 405 115 457 420 116 458 420 116 459 405 115 460 421 117 461 420 116 462 421 117 463 436 118 464 436 118 465 421 117 466 437 119 467 436 118 468 437 119 469 452 120 470 452 120 471 437 119 472 453 121 473 452 120 474 453 121 475 505 122 476 505 122 477 453 121 478 507 123 479 689 97 480 688 96 481 692 124 482 692 124 483 688 96 484 695 125 485 692 124 486 695 125 487 700 126 488 700 126 489 695 125 490 698 127 491 700 126 492 698 127 493 702 128 494 695 125 495 694 129 496 698 127 497 704 130 498 705 131 499 702 128 500 702 128 501 705 131 502 700 126 503 706 132 504 703 133 505 707 134 506 707 134 507 703 133 508 701 135 509 701 135 510 703 133 511 699 136 512 701 135 513 699 136 514 697 137 515 697 138 516 699 139 517 696 140 518 701 135 519 697 137 520 693 141 521 693 141 522 697 137 523 690 142 524 693 141 525 690 142 526 691 143 527 662 1 528 665 1 529 685 1 530 685 1 531 665 1 532 669 1 533 685 1 534 669 1 535 681 1 536 691 143 537 690 142 538 687 144 539 687 144 540 690 142 541 680 145 542 687 144 543 680 145 544 681 146 545 687 144 546 681 146 547 667 147 548 667 147 549 681 146 550 669 148 551 667 147 552 669 148 553 665 149 554 662 150 555 663 151 556 665 149 557 665 149 558 663 151 559 667 147 560 502 152 561 499 153 562 503 154 563 503 154 564 499 153 565 497 155 566 497 155 567 499 153 568 495 156 569 497 155 570 495 156 571 489 157 572 497 155 573 489 157 574 477 158 575 477 158 576 489 157 577 488 159 578 477 160 579 488 161 580 474 162 581 474 162 582 475 163 583 477 160 584 679 6 585 678 6 586 683 6 587 683 6 588 678 6 589 682 6 590 491 3 591 490 3 592 487 3 593 487 3 594 490 3 595 486 3 596 489 1 597 495 1 598 493 1 599 493 1 600 495 1 601 499 1 602 493 1 603 499 1 604 502 1 605 682 44 606 678 45 607 721 46 608 721 46 609 678 45 610 720 47 611 721 46 612 720 47 613 737 48 614 737 48 615 720 47 616 736 49 617 737 48 618 736 49 619 753 50 620 753 50 621 736 49 622 752 51 623 753 50 624 752 51 625 763 52 626 763 52 627 752 51 628 762 53 629 763 52 630 762 53 631 779 54 632 779 54 633 762 53 634 778 55 635 779 54 636 778 55 637 783 164 638 783 164 639 778 55 640 782 165 641 783 164 642 782 165 643 773 166 644 773 166 645 782 165 646 772 167 647 773 166 648 772 167 649 759 60 650 759 60 651 772 167 652 758 61 653 759 60 654 758 61 655 743 168 656 743 168 657 758 61 658 742 169 659 743 168 660 742 169 661 727 170 662 727 170 663 742 169 664 726 171 665 727 170 666 726 171 667 711 172 668 711 172 669 726 171 670 710 173 671 711 172 672 710 173 673 659 174 674 659 174 675 710 173 676 657 175 677 511 3 678 510 3 679 509 3 680 509 3 681 510 3 682 508 3 683 657 6 684 656 6 685 659 6 686 659 6 687 656 6 688 658 6 689 642 77 690 643 176 691 646 177 692 646 177 693 643 176 694 647 178 695 646 177 696 647 178 697 650 179 698 650 179 699 647 178 700 651 180 701 650 179 702 651 180 703 656 71 704 656 71 705 651 180 706 658 70 707 523 15 708 643 15 709 522 15 710 522 15 711 643 15 712 642 15 713 508 85 714 510 84 715 514 181 716 514 181 717 510 84 718 515 182 719 514 181 720 515 182 721 518 183 722 518 183 723 515 182 724 519 184 725 518 183 726 519 184 727 522 185 728 522 185 729 519 184 730 523 78 731 475 163 732 474 162 733 471 186 734 471 186 735 474 162 736 469 187 737 471 186 738 469 187 739 463 188 740 463 188 741 469 187 742 465 189 743 463 188 744 465 189 745 461 190 746 469 187 747 468 191 748 465 189 749 458 192 750 459 193 751 461 190 752 461 190 753 459 193 754 463 188 755 486 98 756 490 99 757 444 100 758 444 100 759 490 99 760 445 101 761 444 100 762 445 101 763 428 102 764 428 102 765 445 101 766 429 103 767 428 102 768 429 103 769 412 104 770 412 104 771 429 103 772 413 105 773 412 104 774 413 105 775 402 106 776 402 106 777 413 105 778 403 107 779 402 106 780 403 107 781 386 108 782 386 108 783 403 107 784 387 109 785 386 108 786 387 109 787 382 194 788 382 194 789 387 109 790 383 195 791 382 194 792 383 195 793 392 196 794 392 196 795 383 195 796 393 197 797 392 196 798 393 197 799 406 114 800 406 114 801 393 197 802 407 115 803 406 114 804 407 115 805 422 198 806 422 198 807 407 115 808 423 199 809 422 198 810 423 199 811 438 200 812 438 200 813 423 199 814 439 201 815 438 200 816 439 201 817 454 202 818 454 202 819 439 201 820 455 203 821 454 202 822 455 203 823 509 204 824 509 204 825 455 203 826 511 205 827 153 206 828 152 207 829 149 208 830 149 208 831 152 207 832 148 209 833 149 208 834 148 209 835 145 210 836 145 210 837 148 209 838 144 211 839 145 210 840 144 211 841 141 212 842 141 212 843 144 211 844 140 213 845 141 212 846 140 213 847 47 214 848 47 214 849 140 213 850 46 215 851 47 214 852 46 215 853 33 216 854 33 216 855 46 215 856 32 217 857 33 216 858 32 217 859 23 218 860 23 218 861 32 217 862 22 219 863 23 218 864 22 219 865 29 220 866 29 220 867 22 219 868 28 221 869 29 220 870 28 221 871 41 222 872 41 222 873 28 221 874 40 223 875 41 222 876 40 223 877 107 224 878 107 224 879 40 223 880 106 225 881 107 224 882 106 225 883 263 226 884 263 226 885 106 225 886 262 227 887 263 226 888 262 227 889 269 228 890 269 228 891 262 227 892 268 229 893 269 228 894 268 229 895 277 230 896 277 230 897 268 229 898 276 231 899 277 230 900 276 231 901 285 232 902 285 232 903 276 231 904 284 233 905 284 2 906 304 2 907 285 2 908 285 2 909 304 2 910 305 2 911 235 6 912 243 6 913 236 6 914 236 6 915 243 6 916 244 6 917 236 6 918 244 6 919 233 6 920 233 6 921 244 6 922 225 6 923 233 6 924 225 6 925 224 6 926 225 6 927 244 6 928 222 6 929 222 6 930 244 6 931 245 6 932 222 6 933 245 6 934 221 6 935 221 6 936 245 6 937 248 6 938 221 6 939 248 6 940 218 6 941 218 6 942 248 6 943 249 6 944 224 6 945 232 6 946 233 6 947 181 0 948 182 0 949 253 0 950 253 0 951 182 0 952 254 0 953 250 234 954 178 235 955 251 236 956 251 236 957 178 235 958 179 237 959 251 236 960 179 237 961 252 238 962 252 238 963 179 237 964 180 239 965 252 238 966 180 239 967 253 240 968 253 240 969 180 239 970 181 241 971 244 242 972 174 243 973 245 244 974 245 244 975 174 243 976 175 245 977 245 244 978 175 245 979 248 246 980 248 246 981 175 245 982 176 247 983 248 246 984 176 247 985 249 248 986 249 248 987 176 247 988 177 249 989 242 0 990 173 0 991 243 0 992 243 0 993 173 0 994 174 0 995 243 0 996 174 0 997 244 0 998 238 250 999 170 251 1000 239 236 1001 239 236 1002 170 251 1003 171 237 1004 239 236 1005 171 237 1006 240 238 1007 240 238 1008 171 237 1009 172 239 1010 240 238 1011 172 239 1012 242 240 1013 242 240 1014 172 239 1015 173 241 1016 169 15 1017 170 15 1018 229 15 1019 229 15 1020 170 15 1021 238 15 1022 223 252 1023 165 253 1024 227 254 1025 227 254 1026 165 253 1027 167 255 1028 227 254 1029 167 255 1030 228 256 1031 228 256 1032 167 255 1033 168 257 1034 228 256 1035 168 257 1036 229 258 1037 229 258 1038 168 257 1039 169 259 1040 225 2 1041 166 2 1042 224 2 1043 224 2 1044 166 2 1045 165 2 1046 224 2 1047 165 2 1048 223 2 1049 218 260 1050 162 261 1051 221 262 1052 221 262 1053 162 261 1054 163 263 1055 221 262 1056 163 263 1057 222 264 1058 222 264 1059 163 263 1060 164 265 1061 222 264 1062 164 265 1063 225 266 1064 225 266 1065 164 265 1066 166 267 1067 213 252 1068 157 268 1069 215 254 1070 215 254 1071 157 268 1072 159 255 1073 215 254 1074 159 255 1075 216 256 1076 216 256 1077 159 255 1078 160 257 1079 216 256 1080 160 257 1081 217 269 1082 217 269 1083 160 257 1084 161 270 1085 158 2 1086 157 2 1087 214 2 1088 214 2 1089 157 2 1090 213 2 1091 214 15 1092 192 15 1093 158 15 1094 158 271 1095 192 271 1096 188 271 1097 158 272 1098 188 272 1099 156 272 1100 212 15 1101 199 15 1102 214 15 1103 214 273 1104 199 273 1105 195 273 1106 214 274 1107 195 274 1108 192 274 1109 212 15 1110 203 15 1111 199 15 1112 214 3 1113 213 3 1114 212 3 1115 212 3 1116 213 3 1117 211 3 1118 211 3 1119 213 3 1120 215 3 1121 211 3 1122 215 3 1123 216 3 1124 216 3 1125 217 3 1126 211 3 1127 927 270 1128 967 269 1129 926 257 1130 926 257 1131 967 269 1132 966 256 1133 926 257 1134 966 256 1135 925 255 1136 925 255 1137 966 256 1138 965 254 1139 925 255 1140 965 254 1141 923 268 1142 923 268 1143 965 254 1144 963 252 1145 931 241 1146 971 240 1147 930 239 1148 930 239 1149 971 240 1150 970 238 1151 930 239 1152 970 238 1153 929 237 1154 929 237 1155 970 238 1156 969 236 1157 929 237 1158 969 236 1159 928 251 1160 928 251 1161 969 236 1162 968 250 1163 972 0 1164 971 0 1165 932 0 1166 932 0 1167 971 0 1168 931 0 1169 963 2 1170 964 2 1171 923 2 1172 923 2 1173 964 2 1174 924 2 1175 964 15 1176 952 15 1177 924 15 1178 924 275 1179 952 275 1180 949 275 1181 924 276 1182 949 276 1183 945 276 1184 962 277 1185 956 277 1186 964 277 1187 964 278 1188 956 278 1189 952 278 1190 941 15 1191 922 15 1192 945 15 1193 945 15 1194 922 15 1195 924 15 1196 932 15 1197 953 15 1198 972 15 1199 972 278 1200 953 278 1201 957 278 1202 972 279 1203 957 279 1204 973 279 1205 934 15 1206 947 15 1207 932 15 1208 932 276 1209 947 276 1210 951 276 1211 932 275 1212 951 275 1213 953 275 1214 934 15 1215 943 15 1216 947 15 1217 924 6 1218 922 6 1219 923 6 1220 923 6 1221 922 6 1222 921 6 1223 923 6 1224 921 6 1225 925 6 1226 925 6 1227 921 6 1228 926 6 1229 926 6 1230 921 6 1231 927 6 1232 932 6 1233 931 6 1234 934 6 1235 934 6 1236 931 6 1237 933 6 1238 933 6 1239 931 6 1240 930 6 1241 933 6 1242 930 6 1243 929 6 1244 929 6 1245 928 6 1246 933 6 1247 103 280 1248 102 281 1249 85 282 1250 85 282 1251 102 281 1252 84 283 1253 85 282 1254 84 283 1255 74 284 1256 66 285 1257 67 286 1258 74 284 1259 74 284 1260 67 286 1261 75 287 1262 74 284 1263 75 287 1264 85 282 1265 66 3 1266 64 3 1267 67 3 1268 67 3 1269 64 3 1270 65 3 1271 74 15 1272 84 15 1273 66 15 1274 66 15 1275 84 15 1276 102 15 1277 66 15 1278 102 15 1279 64 15 1280 64 15 1281 102 15 1282 98 15 1283 98 15 1284 102 15 1285 134 15 1286 134 15 1287 102 15 1288 259 15 1289 259 15 1290 102 15 1291 267 15 1292 259 288 1293 267 288 1294 275 288 1295 259 15 1296 275 15 1297 292 15 1298 292 289 1299 275 289 1300 282 289 1301 292 15 1302 282 15 1303 302 15 1304 302 15 1305 282 15 1306 314 15 1307 314 15 1308 282 15 1309 358 15 1310 358 15 1311 282 15 1312 882 15 1313 358 15 1314 882 15 1315 810 15 1316 810 15 1317 882 15 1318 854 15 1319 854 15 1320 882 15 1321 866 15 1322 866 15 1323 882 15 1324 876 15 1325 876 290 1326 882 290 1327 889 290 1328 876 15 1329 889 15 1330 937 15 1331 937 291 1332 889 291 1333 911 291 1334 937 15 1335 911 15 1336 1028 15 1337 1046 15 1338 1076 15 1339 1028 15 1340 1028 15 1341 1076 15 1342 1074 15 1343 1028 15 1344 1074 15 1345 1036 15 1346 1046 15 1347 1056 15 1348 1076 15 1349 1036 15 1350 1000 15 1351 1028 15 1352 1028 15 1353 1000 15 1354 937 15 1355 358 15 1356 810 15 1357 372 15 1358 372 15 1359 810 15 1360 796 15 1361 372 15 1362 796 15 1363 378 15 1364 378 15 1365 796 15 1366 786 15 1367 378 15 1368 786 15 1369 370 15 1370 370 15 1371 786 15 1372 794 15 1373 370 15 1374 794 15 1375 356 15 1376 356 15 1377 794 15 1378 808 15 1379 356 15 1380 808 15 1381 354 15 1382 354 15 1383 808 15 1384 806 15 1385 354 15 1386 806 15 1387 368 15 1388 368 15 1389 806 15 1390 792 15 1391 368 15 1392 792 15 1393 376 15 1394 376 15 1395 792 15 1396 784 15 1397 376 15 1398 784 15 1399 366 15 1400 366 15 1401 784 15 1402 790 15 1403 366 15 1404 790 15 1405 352 15 1406 352 15 1407 790 15 1408 804 15 1409 352 15 1410 804 15 1411 280 15 1412 280 15 1413 804 15 1414 880 15 1415 880 292 1416 804 292 1417 848 292 1418 880 293 1419 848 293 1420 860 293 1421 808 294 1422 852 294 1423 806 294 1424 806 15 1425 852 15 1426 850 15 1427 850 15 1428 852 15 1429 928 15 1430 850 15 1431 928 15 1432 927 15 1433 927 15 1434 928 15 1435 967 15 1436 967 15 1437 928 15 1438 968 15 1439 852 15 1440 864 15 1441 928 15 1442 928 295 1443 864 295 1444 874 295 1445 928 15 1446 874 15 1447 933 15 1448 933 15 1449 874 15 1450 942 15 1451 942 15 1452 874 15 1453 935 15 1454 942 15 1455 935 15 1456 946 15 1457 946 15 1458 935 15 1459 950 15 1460 950 15 1461 935 15 1462 955 15 1463 955 296 1464 935 296 1465 991 296 1466 991 297 1467 935 297 1468 1008 297 1469 1008 298 1470 935 298 1471 998 298 1472 1008 299 1473 998 299 1474 1013 299 1475 1013 300 1476 998 300 1477 1034 300 1478 1013 15 1479 1034 15 1480 1072 15 1481 1070 15 1482 1042 15 1483 1072 15 1484 1072 15 1485 1042 15 1486 1019 15 1487 1072 15 1488 1019 15 1489 1013 15 1490 1060 15 1491 1052 15 1492 1070 15 1493 1070 15 1494 1052 15 1495 1042 15 1496 921 15 1497 872 15 1498 927 15 1499 927 295 1500 872 295 1501 862 295 1502 927 301 1503 862 301 1504 850 301 1505 921 15 1506 940 15 1507 872 15 1508 872 15 1509 940 15 1510 919 15 1511 919 302 1512 940 302 1513 944 302 1514 919 303 1515 944 303 1516 948 303 1517 948 15 1518 954 15 1519 919 15 1520 919 304 1521 954 304 1522 990 304 1523 919 305 1524 990 305 1525 1006 305 1526 919 306 1527 1006 306 1528 996 306 1529 996 307 1530 1006 307 1531 1012 307 1532 996 15 1533 1012 15 1534 1032 15 1535 1032 15 1536 1012 15 1537 1066 15 1538 1066 15 1539 1012 15 1540 1018 15 1541 1066 15 1542 1018 15 1543 1040 15 1544 1066 15 1545 1040 15 1546 1068 15 1547 1068 15 1548 1040 15 1549 1050 15 1550 1068 15 1551 1050 15 1552 1058 15 1553 860 15 1554 870 15 1555 880 15 1556 880 15 1557 870 15 1558 888 15 1559 888 15 1560 870 15 1561 917 15 1562 888 15 1563 917 15 1564 910 15 1565 910 15 1566 917 15 1567 1026 15 1568 1026 15 1569 917 15 1570 994 15 1571 1026 15 1572 994 15 1573 1030 15 1574 1030 15 1575 1064 15 1576 1026 15 1577 1026 15 1578 1064 15 1579 1062 15 1580 1026 15 1581 1062 15 1582 1044 15 1583 1044 15 1584 1062 15 1585 1054 15 1586 274 15 1587 286 15 1588 280 15 1589 280 308 1590 286 308 1591 296 308 1592 280 309 1593 296 309 1594 308 309 1595 286 15 1596 274 15 1597 207 15 1598 207 288 1599 274 288 1600 266 288 1601 207 15 1602 266 15 1603 100 15 1604 82 15 1605 52 15 1606 100 15 1607 100 15 1608 52 15 1609 54 15 1610 100 15 1611 54 15 1612 92 15 1613 82 15 1614 72 15 1615 52 15 1616 92 15 1617 128 15 1618 100 15 1619 100 15 1620 128 15 1621 207 15 1622 308 15 1623 352 15 1624 280 15 1625 356 310 1626 354 310 1627 218 310 1628 218 311 1629 354 311 1630 310 311 1631 218 312 1632 310 312 1633 298 312 1634 218 313 1635 298 313 1636 217 313 1637 217 314 1638 298 314 1639 288 314 1640 217 15 1641 288 15 1642 211 15 1643 211 15 1644 288 15 1645 202 15 1646 202 15 1647 288 15 1648 209 15 1649 202 15 1650 209 15 1651 198 15 1652 198 15 1653 209 15 1654 194 15 1655 194 15 1656 209 15 1657 190 15 1658 190 315 1659 209 315 1660 138 315 1661 138 316 1662 209 316 1663 120 316 1664 120 317 1665 209 317 1666 130 317 1667 120 318 1668 130 318 1669 116 318 1670 116 319 1671 130 319 1672 94 319 1673 116 15 1674 94 15 1675 56 15 1676 58 15 1677 86 15 1678 56 15 1679 56 15 1680 86 15 1681 110 15 1682 56 15 1683 110 15 1684 116 15 1685 68 15 1686 76 15 1687 58 15 1688 58 15 1689 76 15 1690 86 15 1691 217 15 1692 161 15 1693 218 15 1694 218 15 1695 161 15 1696 162 15 1697 218 320 1698 249 320 1699 356 320 1700 356 15 1701 249 15 1702 312 15 1703 312 15 1704 249 15 1705 300 15 1706 300 313 1707 249 313 1708 250 313 1709 300 15 1710 250 15 1711 290 15 1712 290 15 1713 250 15 1714 255 15 1715 290 15 1716 255 15 1717 204 15 1718 249 15 1719 177 15 1720 250 15 1721 250 15 1722 177 15 1723 178 15 1724 290 15 1725 204 15 1726 257 15 1727 257 321 1728 204 321 1729 200 321 1730 257 322 1731 200 322 1732 196 322 1733 196 15 1734 191 15 1735 257 15 1736 257 323 1737 191 323 1738 139 323 1739 257 324 1740 139 324 1741 122 324 1742 257 325 1743 122 325 1744 132 325 1745 132 326 1746 122 326 1747 117 326 1748 132 15 1749 117 15 1750 96 15 1751 96 15 1752 117 15 1753 62 15 1754 62 15 1755 117 15 1756 111 15 1757 62 15 1758 111 15 1759 88 15 1760 62 15 1761 88 15 1762 60 15 1763 60 15 1764 88 15 1765 78 15 1766 60 15 1767 78 15 1768 70 15 1769 53 327 1770 52 328 1771 73 329 1772 73 329 1773 52 328 1774 72 330 1775 73 329 1776 72 330 1777 82 331 1778 100 332 1779 101 333 1780 82 331 1781 82 331 1782 101 333 1783 83 334 1784 82 331 1785 83 334 1786 73 329 1787 0 335 1788 10 336 1789 1 337 1790 1 337 1791 10 336 1792 14 338 1793 14 338 1794 10 336 1795 18 339 1796 14 338 1797 18 339 1798 26 340 1799 26 340 1800 18 339 1801 38 341 1802 26 340 1803 38 341 1804 50 342 1805 50 342 1806 38 341 1807 101 333 1808 50 342 1809 101 333 1810 206 343 1811 206 343 1812 101 333 1813 100 332 1814 206 343 1815 100 332 1816 266 344 1817 206 343 1818 266 344 1819 272 345 1820 272 345 1821 266 344 1822 274 346 1823 272 345 1824 274 346 1825 281 347 1826 281 347 1827 274 346 1828 280 348 1829 1077 349 1830 1076 350 1831 1057 351 1832 1057 351 1833 1076 350 1834 1056 352 1835 1057 351 1836 1056 352 1837 1046 353 1838 1028 354 1839 1029 355 1840 1046 353 1841 1046 353 1842 1029 355 1843 1047 356 1844 1046 353 1845 1047 356 1846 1057 351 1847 1128 357 1848 1119 358 1849 1129 359 1850 1129 359 1851 1119 358 1852 1115 360 1853 1115 360 1854 1119 358 1855 1111 361 1856 1115 360 1857 1111 361 1858 1103 362 1859 1103 362 1860 1111 361 1861 1091 363 1862 1103 362 1863 1091 363 1864 1079 364 1865 1079 364 1866 1091 363 1867 1029 355 1868 1079 364 1869 1029 355 1870 939 365 1871 939 365 1872 1029 355 1873 1028 354 1874 939 365 1875 1028 354 1876 911 366 1877 939 365 1878 911 366 1879 891 367 1880 891 367 1881 911 366 1882 889 368 1883 891 367 1884 889 368 1885 883 369 1886 883 369 1887 889 368 1888 882 370 1889 1027 371 1890 1026 372 1891 1045 373 1892 1045 373 1893 1026 372 1894 1044 374 1895 1045 373 1896 1044 374 1897 1054 375 1898 1062 376 1899 1063 377 1900 1054 375 1901 1054 375 1902 1063 377 1903 1055 378 1904 1054 375 1905 1055 378 1906 1045 373 1907 1026 372 1908 1027 371 1909 910 379 1910 910 379 1911 1027 371 1912 916 380 1913 910 379 1914 916 380 1915 890 381 1916 916 380 1917 1027 371 1918 1078 382 1919 1078 382 1920 1027 371 1921 1090 383 1922 1078 382 1923 1090 383 1924 1102 384 1925 1102 384 1926 1090 383 1927 1110 385 1928 1102 384 1929 1110 385 1930 1114 386 1931 1114 386 1932 1110 385 1933 1118 387 1934 1114 386 1935 1118 387 1936 1123 388 1937 1123 388 1938 1118 387 1939 1122 389 1940 910 379 1941 890 381 1942 888 390 1943 888 390 1944 890 381 1945 881 391 1946 888 390 1947 881 391 1948 880 392 1949 305 393 1950 304 394 1951 317 395 1952 317 395 1953 304 394 1954 316 396 1955 317 395 1956 316 396 1957 320 397 1958 324 398 1959 325 399 1960 320 397 1961 320 397 1962 325 399 1963 321 400 1964 320 397 1965 321 400 1966 317 395 1967 1062 6 1968 1064 6 1969 1063 6 1970 1063 6 1971 1064 6 1972 1065 6 1973 194 401 1974 195 402 1975 198 403 1976 198 403 1977 195 402 1978 199 404 1979 198 403 1980 199 404 1981 203 405 1982 212 406 1983 211 407 1984 203 405 1985 203 405 1986 211 407 1987 202 408 1988 203 405 1989 202 408 1990 198 403 1991 195 402 1992 194 401 1993 192 409 1994 192 409 1995 194 401 1996 190 410 1997 192 409 1998 190 410 1999 188 411 2000 188 411 2001 190 410 2002 156 412 2003 156 412 2004 190 410 2005 138 413 2006 156 412 2007 138 413 2008 136 414 2009 136 414 2010 138 413 2011 126 415 2012 126 415 2013 138 413 2014 120 416 2015 126 415 2016 120 416 2017 121 417 2018 255 418 2019 256 419 2020 204 420 2021 204 420 2022 256 419 2023 205 421 2024 204 420 2025 205 421 2026 201 422 2027 197 423 2028 196 424 2029 201 422 2030 201 422 2031 196 424 2032 200 425 2033 201 422 2034 200 425 2035 204 420 2036 254 3 2037 256 3 2038 253 3 2039 253 3 2040 256 3 2041 255 3 2042 253 3 2043 255 3 2044 252 3 2045 252 3 2046 255 3 2047 251 3 2048 251 3 2049 255 3 2050 250 3 2051 950 426 2052 951 427 2053 946 428 2054 946 428 2055 951 427 2056 947 429 2057 946 428 2058 947 429 2059 943 430 2060 934 431 2061 933 432 2062 943 430 2063 943 430 2064 933 432 2065 942 433 2066 943 430 2067 942 433 2068 946 428 2069 951 427 2070 950 426 2071 953 434 2072 953 434 2073 950 426 2074 955 435 2075 953 434 2076 955 435 2077 957 436 2078 957 436 2079 955 435 2080 973 437 2081 973 437 2082 955 435 2083 991 438 2084 973 437 2085 991 438 2086 993 439 2087 993 439 2088 991 438 2089 1003 440 2090 1003 440 2091 991 438 2092 1008 441 2093 1003 440 2094 1008 441 2095 1009 442 2096 921 443 2097 922 444 2098 940 445 2099 940 445 2100 922 444 2101 941 446 2102 940 445 2103 941 446 2104 945 447 2105 949 448 2106 948 449 2107 945 447 2108 945 447 2109 948 449 2110 944 450 2111 945 447 2112 944 450 2113 940 445 2114 1017 1 2115 1005 1 2116 1015 1 2117 1015 1 2118 1005 1 2119 1011 1 2120 1011 1 2121 1005 1 2122 1009 1 2123 1009 1 2124 1005 1 2125 1003 1 2126 1003 1 2127 1005 1 2128 974 1 2129 1003 1 2130 974 1 2131 993 1 2132 993 1 2133 974 1 2134 973 1 2135 962 1 2136 960 1 2137 992 1 2138 992 1 2139 960 1 2140 1002 1 2141 1002 1 2142 960 1 2143 1004 1 2144 1002 1 2145 1004 1 2146 1007 1 2147 1007 1 2148 1004 1 2149 1010 1 2150 1010 1 2151 1004 1 2152 1014 1 2153 1014 1 2154 1004 1 2155 1016 1 2156 156 1 2157 136 1 2158 154 1 2159 154 1 2160 136 1 2161 126 1 2162 154 1 2163 126 1 2164 124 1 2165 124 1 2166 126 1 2167 121 1 2168 124 1 2169 121 1 2170 118 1 2171 118 1 2172 114 1 2173 124 1 2174 124 1 2175 114 1 2176 112 1 2177 125 1 2178 127 1 2179 184 1 2180 184 1 2181 127 1 2182 137 1 2183 184 1 2184 137 1 2185 183 1 2186 113 1 2187 115 1 2188 125 1 2189 125 1 2190 115 1 2191 119 1 2192 125 1 2193 119 1 2194 123 1 2195 123 1 2196 127 1 2197 125 1 2198 920 2 2199 873 2 2200 919 2 2201 919 2 2202 873 2 2203 872 2 2204 1066 451 2205 1067 452 2206 1032 453 2207 1032 453 2208 1067 452 2209 1033 454 2210 1032 453 2211 1033 454 2212 996 455 2213 996 455 2214 1033 454 2215 997 456 2216 996 455 2217 997 456 2218 919 457 2219 919 457 2220 997 456 2221 920 458 2222 1069 6 2223 1067 6 2224 1068 6 2225 1068 6 2226 1067 6 2227 1066 6 2228 1040 459 2229 1041 460 2230 1050 461 2231 1050 461 2232 1041 460 2233 1051 462 2234 1050 461 2235 1051 462 2236 1058 463 2237 1058 463 2238 1051 462 2239 1059 464 2240 1058 463 2241 1059 464 2242 1068 465 2243 1068 465 2244 1059 464 2245 1069 466 2246 1007 467 2247 1010 468 2248 1006 469 2249 1006 469 2250 1010 468 2251 1012 470 2252 1012 470 2253 1010 468 2254 1014 471 2255 1012 470 2256 1014 471 2257 1016 472 2258 1012 470 2259 1016 472 2260 1018 473 2261 1018 473 2262 1016 472 2263 1024 474 2264 1018 473 2265 1024 474 2266 1038 475 2267 1041 460 2268 1040 459 2269 1038 475 2270 1038 475 2271 1040 459 2272 1018 473 2273 949 448 2274 952 476 2275 948 449 2276 948 449 2277 952 476 2278 954 477 2279 954 477 2280 952 476 2281 956 478 2282 954 477 2283 956 478 2284 962 479 2285 954 477 2286 962 479 2287 990 480 2288 990 480 2289 962 479 2290 992 481 2291 990 480 2292 992 481 2293 1002 482 2294 1007 467 2295 1006 469 2296 1002 482 2297 1002 482 2298 1006 469 2299 990 480 2300 1043 483 2301 1039 484 2302 1042 485 2303 1042 485 2304 1039 484 2305 1019 486 2306 1019 486 2307 1039 484 2308 1025 487 2309 1019 486 2310 1025 487 2311 1017 488 2312 1019 486 2313 1017 488 2314 1013 489 2315 1013 489 2316 1017 488 2317 1015 490 2318 1013 489 2319 1015 490 2320 1011 491 2321 1009 442 2322 1008 441 2323 1011 491 2324 1011 491 2325 1008 441 2326 1013 489 2327 1070 492 2328 1071 493 2329 1060 494 2330 1060 494 2331 1071 493 2332 1061 495 2333 1060 494 2334 1061 495 2335 1052 496 2336 1052 496 2337 1061 495 2338 1053 497 2339 1052 496 2340 1053 497 2341 1042 485 2342 1042 485 2343 1053 497 2344 1043 483 2345 1073 6 2346 1071 6 2347 1072 6 2348 1072 6 2349 1071 6 2350 1070 6 2351 935 498 2352 936 499 2353 998 500 2354 998 500 2355 936 499 2356 999 501 2357 998 500 2358 999 501 2359 1034 502 2360 1034 502 2361 999 501 2362 1035 503 2363 1034 502 2364 1035 503 2365 1072 504 2366 1072 504 2367 1035 503 2368 1073 505 2369 875 0 2370 936 0 2371 874 0 2372 874 0 2373 936 0 2374 935 0 2375 876 506 2376 877 507 2377 866 508 2378 866 508 2379 877 507 2380 867 509 2381 866 508 2382 867 509 2383 854 510 2384 854 510 2385 867 509 2386 855 511 2387 854 510 2388 855 511 2389 810 512 2390 810 512 2391 855 511 2392 811 513 2393 810 512 2394 811 513 2395 796 514 2396 796 514 2397 811 513 2398 797 515 2399 796 514 2400 797 515 2401 786 516 2402 786 516 2403 797 515 2404 787 517 2405 786 516 2406 787 517 2407 794 518 2408 794 518 2409 787 517 2410 795 519 2411 794 518 2412 795 519 2413 808 520 2414 808 520 2415 795 519 2416 809 521 2417 808 520 2418 809 521 2419 852 522 2420 852 522 2421 809 521 2422 853 523 2423 852 522 2424 853 523 2425 864 524 2426 864 524 2427 853 523 2428 865 525 2429 864 524 2430 865 525 2431 874 526 2432 874 526 2433 865 525 2434 875 527 2435 938 2 2436 877 2 2437 937 2 2438 937 2 2439 877 2 2440 876 2 2441 1074 451 2442 1075 528 2443 1036 529 2444 1036 529 2445 1075 528 2446 1037 530 2447 1036 529 2448 1037 530 2449 1000 531 2450 1000 531 2451 1037 530 2452 1001 532 2453 1000 531 2454 1001 532 2455 937 533 2456 937 533 2457 1001 532 2458 938 534 2459 1077 6 2460 1075 6 2461 1076 6 2462 1076 6 2463 1075 6 2464 1074 6 2465 259 535 2466 260 536 2467 134 537 2468 134 537 2469 260 536 2470 135 538 2471 134 537 2472 135 538 2473 98 539 2474 98 539 2475 135 538 2476 99 540 2477 98 539 2478 99 540 2479 64 541 2480 64 541 2481 99 540 2482 65 542 2483 293 2 2484 260 2 2485 292 2 2486 292 2 2487 260 2 2488 259 2 2489 290 543 2490 291 544 2491 300 545 2492 300 545 2493 291 544 2494 301 546 2495 300 545 2496 301 546 2497 312 547 2498 312 547 2499 301 546 2500 313 548 2501 312 547 2502 313 548 2503 356 549 2504 356 549 2505 313 548 2506 357 550 2507 356 549 2508 357 550 2509 370 551 2510 370 551 2511 357 550 2512 371 552 2513 370 551 2514 371 552 2515 378 553 2516 378 553 2517 371 552 2518 379 554 2519 378 553 2520 379 554 2521 372 555 2522 372 555 2523 379 554 2524 373 556 2525 372 555 2526 373 556 2527 358 557 2528 358 557 2529 373 556 2530 359 558 2531 358 557 2532 359 558 2533 314 559 2534 314 559 2535 359 558 2536 315 560 2537 314 559 2538 315 560 2539 302 561 2540 302 561 2541 315 560 2542 303 562 2543 302 561 2544 303 562 2545 292 563 2546 292 563 2547 303 562 2548 293 564 2549 258 0 2550 291 0 2551 257 0 2552 257 0 2553 291 0 2554 290 0 2555 62 565 2556 63 566 2557 96 567 2558 96 567 2559 63 566 2560 97 568 2561 96 567 2562 97 568 2563 132 569 2564 132 569 2565 97 568 2566 133 570 2567 132 569 2568 133 570 2569 257 571 2570 257 571 2571 133 570 2572 258 572 2573 61 3 2574 63 3 2575 60 3 2576 60 3 2577 63 3 2578 62 3 2579 88 573 2580 89 574 2581 78 575 2582 78 575 2583 89 574 2584 79 576 2585 78 575 2586 79 576 2587 70 577 2588 70 577 2589 79 576 2590 71 578 2591 70 577 2592 71 578 2593 60 579 2594 60 579 2595 71 578 2596 61 580 2597 123 581 2598 119 582 2599 122 583 2600 122 583 2601 119 582 2602 117 584 2603 117 584 2604 119 582 2605 115 585 2606 117 584 2607 115 585 2608 113 586 2609 117 584 2610 113 586 2611 111 587 2612 111 587 2613 113 586 2614 105 588 2615 111 587 2616 105 588 2617 91 589 2618 89 574 2619 88 573 2620 91 589 2621 91 589 2622 88 573 2623 111 587 2624 197 423 2625 193 590 2626 196 424 2627 196 424 2628 193 590 2629 191 591 2630 191 591 2631 193 590 2632 189 592 2633 191 591 2634 189 592 2635 183 593 2636 191 591 2637 183 593 2638 139 594 2639 139 594 2640 183 593 2641 137 595 2642 139 594 2643 137 595 2644 127 596 2645 123 581 2646 122 583 2647 127 596 2648 127 596 2649 122 583 2650 139 594 2651 87 597 2652 90 598 2653 86 599 2654 86 599 2655 90 598 2656 110 600 2657 110 600 2658 90 598 2659 104 601 2660 110 600 2661 104 601 2662 112 602 2663 110 600 2664 112 602 2665 116 603 2666 116 603 2667 112 602 2668 114 604 2669 116 603 2670 114 604 2671 118 605 2672 121 417 2673 120 416 2674 118 605 2675 118 605 2676 120 416 2677 116 603 2678 58 606 2679 59 607 2680 68 608 2681 68 608 2682 59 607 2683 69 609 2684 68 608 2685 69 609 2686 76 610 2687 76 610 2688 69 609 2689 77 611 2690 76 610 2691 77 611 2692 86 599 2693 86 599 2694 77 611 2695 87 597 2696 57 3 2697 59 3 2698 56 3 2699 56 3 2700 59 3 2701 58 3 2702 209 612 2703 210 613 2704 130 614 2705 130 614 2706 210 613 2707 131 615 2708 130 614 2709 131 615 2710 94 616 2711 94 616 2712 131 615 2713 95 617 2714 94 616 2715 95 617 2716 56 618 2717 56 618 2718 95 617 2719 57 542 2720 289 2 2721 210 2 2722 288 2 2723 288 2 2724 210 2 2725 209 2 2726 286 543 2727 287 544 2728 296 545 2729 296 545 2730 287 544 2731 297 546 2732 296 545 2733 297 546 2734 308 547 2735 308 547 2736 297 546 2737 309 548 2738 308 547 2739 309 548 2740 352 549 2741 352 549 2742 309 548 2743 353 550 2744 352 549 2745 353 550 2746 366 551 2747 366 551 2748 353 550 2749 367 552 2750 366 551 2751 367 552 2752 376 553 2753 376 553 2754 367 552 2755 377 554 2756 376 553 2757 377 554 2758 368 555 2759 368 555 2760 377 554 2761 369 556 2762 368 555 2763 369 556 2764 354 557 2765 354 557 2766 369 556 2767 355 558 2768 354 557 2769 355 558 2770 310 559 2771 310 559 2772 355 558 2773 311 560 2774 310 559 2775 311 560 2776 298 561 2777 298 561 2778 311 560 2779 299 562 2780 298 561 2781 299 562 2782 288 563 2783 288 563 2784 299 562 2785 289 564 2786 208 0 2787 287 0 2788 207 0 2789 207 0 2790 287 0 2791 286 0 2792 54 565 2793 55 619 2794 92 620 2795 92 620 2796 55 619 2797 93 621 2798 92 620 2799 93 621 2800 128 622 2801 128 622 2802 93 621 2803 129 623 2804 128 622 2805 129 623 2806 207 624 2807 207 624 2808 129 623 2809 208 625 2810 53 3 2811 55 3 2812 52 3 2813 52 3 2814 55 3 2815 54 3 2816 917 626 2817 918 627 2818 994 628 2819 994 628 2820 918 627 2821 995 629 2822 994 628 2823 995 629 2824 1030 630 2825 1030 630 2826 995 629 2827 1031 631 2828 1030 630 2829 1031 631 2830 1064 632 2831 1064 632 2832 1031 631 2833 1065 505 2834 871 0 2835 918 0 2836 870 0 2837 870 0 2838 918 0 2839 917 0 2840 872 506 2841 873 507 2842 862 508 2843 862 508 2844 873 507 2845 863 509 2846 862 508 2847 863 509 2848 850 510 2849 850 510 2850 863 509 2851 851 511 2852 850 510 2853 851 511 2854 806 512 2855 806 512 2856 851 511 2857 807 513 2858 806 512 2859 807 513 2860 792 514 2861 792 514 2862 807 513 2863 793 515 2864 792 514 2865 793 515 2866 784 516 2867 784 516 2868 793 515 2869 785 517 2870 784 516 2871 785 517 2872 790 518 2873 790 518 2874 785 517 2875 791 519 2876 790 518 2877 791 519 2878 804 520 2879 804 520 2880 791 519 2881 805 521 2882 804 520 2883 805 521 2884 848 522 2885 848 522 2886 805 521 2887 849 523 2888 848 522 2889 849 523 2890 860 524 2891 860 524 2892 849 523 2893 861 525 2894 860 524 2895 861 525 2896 870 526 2897 870 526 2898 861 525 2899 871 527 2900 182 15 2901 193 15 2902 254 15 2903 254 274 2904 193 274 2905 197 274 2906 254 273 2907 197 273 2908 201 273 2909 183 15 2910 189 15 2911 182 15 2912 182 271 2913 189 271 2914 193 271 2915 205 15 2916 256 15 2917 201 15 2918 201 15 2919 256 15 2920 254 15 2921 112 15 2922 104 15 2923 80 15 2924 80 15 2925 104 15 2926 90 15 2927 80 15 2928 90 15 2929 87 15 2930 87 15 2931 77 15 2932 80 15 2933 80 15 2934 77 15 2935 69 15 2936 80 633 2937 69 633 2938 36 633 2939 36 634 2940 69 634 2941 59 634 2942 36 15 2943 59 15 2944 57 15 2945 57 15 2946 95 15 2947 36 15 2948 36 15 2949 95 15 2950 16 15 2951 16 15 2952 95 15 2953 131 15 2954 16 635 2955 131 635 2956 8 635 2957 8 15 2958 131 15 2959 2 15 2960 2 636 2961 131 636 2962 210 636 2963 2 15 2964 210 15 2965 0 15 2966 0 15 2967 210 15 2968 208 15 2969 0 637 2970 208 637 2971 129 637 2972 210 15 2973 289 15 2974 208 15 2975 208 15 2976 289 15 2977 287 15 2978 287 15 2979 289 15 2980 297 15 2981 297 638 2982 289 638 2983 299 638 2984 297 639 2985 299 639 2986 309 639 2987 309 640 2988 299 640 2989 311 640 2990 309 15 2991 311 15 2992 353 15 2993 353 641 2994 311 641 2995 355 641 2996 353 15 2997 355 15 2998 367 15 2999 367 642 3000 355 642 3001 369 642 3002 367 15 3003 369 15 3004 377 15 3005 93 643 3006 18 643 3007 129 643 3008 129 15 3009 18 15 3010 10 15 3011 129 644 3012 10 644 3013 0 644 3014 18 645 3015 93 645 3016 38 645 3017 38 15 3018 93 15 3019 55 15 3020 38 15 3021 55 15 3022 53 15 3023 53 15 3024 73 15 3025 38 15 3026 38 15 3027 73 15 3028 83 15 3029 38 646 3030 83 646 3031 101 646 3032 1051 15 3033 1041 15 3034 1048 15 3035 1048 15 3036 1041 15 3037 1038 15 3038 1048 15 3039 1038 15 3040 1024 15 3041 1024 15 3042 1016 15 3043 1048 15 3044 1051 15 3045 1048 15 3046 1059 15 3047 1059 15 3048 1048 15 3049 1092 15 3050 1059 647 3051 1092 647 3052 1069 648 3053 1069 649 3054 1092 649 3055 1067 649 3056 1067 15 3057 1092 15 3058 1033 15 3059 1033 15 3060 1092 15 3061 1112 15 3062 1033 650 3063 1112 650 3064 997 650 3065 997 651 3066 1112 651 3067 1120 651 3068 997 652 3069 1120 652 3070 1124 652 3071 997 15 3072 1124 15 3073 920 15 3074 920 15 3075 1124 15 3076 1122 15 3077 920 15 3078 1122 15 3079 918 15 3080 918 15 3081 1122 15 3082 995 15 3083 995 653 3084 1122 653 3085 1118 653 3086 995 15 3087 1118 15 3088 1110 15 3089 995 15 3090 1110 15 3091 1031 15 3092 1031 654 3093 1110 654 3094 1090 654 3095 1031 655 3096 1090 655 3097 1065 655 3098 1065 15 3099 1090 15 3100 1063 15 3101 1063 15 3102 1090 15 3103 1055 15 3104 1055 15 3105 1090 15 3106 1045 15 3107 1045 15 3108 1090 15 3109 1027 15 3110 920 15 3111 918 15 3112 873 15 3113 873 15 3114 918 15 3115 871 15 3116 873 656 3117 871 656 3118 861 656 3119 873 657 3120 861 657 3121 863 657 3122 863 658 3123 861 658 3124 849 658 3125 863 15 3126 849 15 3127 851 15 3128 851 659 3129 849 659 3130 805 659 3131 851 660 3132 805 660 3133 807 660 3134 807 661 3135 805 661 3136 791 661 3137 807 15 3138 791 15 3139 793 15 3140 793 15 3141 791 15 3142 785 15 3143 1037 655 3144 1075 655 3145 1091 655 3146 1091 15 3147 1075 15 3148 1077 15 3149 1091 662 3150 1077 662 3151 1057 662 3152 1057 15 3153 1047 15 3154 1091 15 3155 1091 663 3156 1047 663 3157 1029 663 3158 1091 664 3159 1111 664 3160 1037 664 3161 1037 665 3162 1111 665 3163 1001 665 3164 1001 15 3165 1111 15 3166 1119 15 3167 1001 653 3168 1119 653 3169 1128 653 3170 1001 15 3171 1128 15 3172 938 15 3173 938 15 3174 1128 15 3175 1126 15 3176 938 15 3177 1126 15 3178 936 15 3179 936 15 3180 1126 15 3181 999 15 3182 999 652 3183 1126 652 3184 1121 652 3185 999 651 3186 1121 651 3187 1113 651 3188 999 15 3189 1113 15 3190 1035 15 3191 1035 15 3192 1113 15 3193 1093 15 3194 1035 666 3195 1093 666 3196 1073 666 3197 1073 15 3198 1093 15 3199 1071 15 3200 1071 667 3201 1093 647 3202 1061 647 3203 1061 15 3204 1093 15 3205 1049 15 3206 1061 15 3207 1049 15 3208 1053 15 3209 1053 15 3210 1049 15 3211 1043 15 3212 1043 15 3213 1049 15 3214 1039 15 3215 1039 15 3216 1049 15 3217 1025 15 3218 1025 15 3219 1049 15 3220 1017 15 3221 936 15 3222 875 15 3223 938 15 3224 938 15 3225 875 15 3226 877 15 3227 877 15 3228 875 15 3229 867 15 3230 867 668 3231 875 668 3232 865 668 3233 867 669 3234 865 669 3235 853 669 3236 867 15 3237 853 15 3238 855 15 3239 855 659 3240 853 659 3241 809 659 3242 855 660 3243 809 660 3244 811 660 3245 811 670 3246 809 670 3247 795 670 3248 811 15 3249 795 15 3250 797 15 3251 797 15 3252 795 15 3253 787 15 3254 75 671 3255 67 671 3256 39 671 3257 39 15 3258 67 15 3259 65 15 3260 39 15 3261 65 15 3262 99 15 3263 39 672 3264 99 672 3265 19 672 3266 19 673 3267 99 673 3268 135 673 3269 19 15 3270 135 15 3271 11 15 3272 11 15 3273 135 15 3274 6 15 3275 6 637 3276 135 637 3277 260 637 3278 6 15 3279 260 15 3280 4 15 3281 4 15 3282 260 15 3283 258 15 3284 4 636 3285 258 636 3286 133 636 3287 258 15 3288 260 15 3289 291 15 3290 291 15 3291 260 15 3292 293 15 3293 291 15 3294 293 15 3295 301 15 3296 301 674 3297 293 674 3298 303 674 3299 301 675 3300 303 675 3301 313 675 3302 313 676 3303 303 676 3304 315 676 3305 313 15 3306 315 15 3307 357 15 3308 357 641 3309 315 641 3310 359 641 3311 357 15 3312 359 15 3313 371 15 3314 371 677 3315 359 677 3316 373 677 3317 371 15 3318 373 15 3319 379 15 3320 97 678 3321 17 678 3322 133 678 3323 133 679 3324 17 679 3325 9 679 3326 133 680 3327 9 680 3328 4 680 3329 17 15 3330 97 15 3331 37 15 3332 37 15 3333 97 15 3334 63 15 3335 37 15 3336 63 15 3337 61 15 3338 61 681 3339 71 682 3340 37 682 3341 37 683 3342 71 683 3343 81 683 3344 81 15 3345 71 15 3346 79 15 3347 81 15 3348 79 15 3349 89 15 3350 89 15 3351 91 15 3352 81 15 3353 81 15 3354 91 15 3355 105 15 3356 81 15 3357 105 15 3358 113 15 3359 103 15 3360 85 15 3361 39 15 3362 39 15 3363 85 15 3364 75 15 3365 185 1 3366 186 1 3367 45 1 3368 45 1 3369 186 1 3370 142 1 3371 45 1 3372 142 1 3373 48 1 3374 150 1 3375 146 1 3376 186 1 3377 186 1 3378 146 1 3379 142 1 3380 34 684 3381 13 684 3382 48 684 3383 48 1 3384 13 1 3385 21 1 3386 48 685 3387 21 685 3388 45 685 3389 13 686 3390 34 686 3391 5 686 3392 5 687 3393 34 687 3394 24 687 3395 5 1 3396 24 1 3397 7 1 3398 7 1 3399 24 1 3400 30 1 3401 7 1 3402 30 1 3403 15 1 3404 15 688 3405 30 688 3406 42 688 3407 15 1 3408 42 1 3409 27 1 3410 27 1 3411 42 1 3412 108 1 3413 27 1 3414 108 1 3415 51 1 3416 51 689 3417 108 689 3418 264 689 3419 51 1 3420 264 1 3421 261 1 3422 261 1 3423 264 1 3424 270 1 3425 261 1 3426 270 1 3427 273 1 3428 273 1 3429 270 1 3430 278 1 3431 273 1 3432 278 1 3433 283 1 3434 283 1 3435 278 1 3436 294 1 3437 283 1 3438 294 1 3439 330 1 3440 330 1 3441 294 1 3442 306 1 3443 330 1 3444 306 1 3445 326 1 3446 326 1 3447 306 1 3448 318 1 3449 326 1 3450 318 1 3451 322 1 3452 330 1 3453 336 1 3454 283 1 3455 283 1 3456 336 1 3457 342 1 3458 975 1 3459 1085 1 3460 976 1 3461 976 1 3462 1085 1 3463 988 1 3464 976 1 3465 988 1 3466 984 1 3467 988 1 3468 1085 1 3469 1082 1 3470 1082 690 3471 1085 690 3472 1109 690 3473 1082 1 3474 1109 1 3475 1117 1 3476 1082 1 3477 1117 1 3478 1096 1 3479 1096 1 3480 1117 1 3481 1127 1 3482 1096 1 3483 1127 1 3484 1106 1 3485 1106 1 3486 1127 1 3487 1129 1 3488 1106 1 3489 1129 1 3490 1100 1 3491 1100 1 3492 1129 1 3493 1115 1 3494 1100 691 3495 1115 691 3496 1088 691 3497 1088 1 3498 1115 1 3499 1103 1 3500 1088 1 3501 1103 1 3502 1022 1 3503 1022 692 3504 1103 692 3505 1079 692 3506 1022 693 3507 1079 693 3508 914 693 3509 914 1 3510 1079 1 3511 939 1 3512 914 1 3513 939 1 3514 894 1 3515 894 1 3516 939 1 3517 891 1 3518 894 1 3519 891 1 3520 886 1 3521 886 1 3522 891 1 3523 883 1 3524 886 1 3525 883 1 3526 878 1 3527 878 1 3528 883 1 3529 834 1 3530 878 1 3531 834 1 3532 858 1 3533 858 1 3534 834 1 3535 838 1 3536 858 1 3537 838 1 3538 846 1 3539 846 1 3540 838 1 3541 842 1 3542 822 1 3543 828 1 3544 883 1 3545 883 1 3546 828 1 3547 834 1 3548 984 1 3549 980 1 3550 976 1 3551 832 1 3552 856 1 3553 836 1 3554 836 1 3555 856 1 3556 844 1 3557 836 1 3558 844 1 3559 840 1 3560 826 1 3561 881 1 3562 832 1 3563 832 1 3564 881 1 3565 868 1 3566 832 1 3567 868 1 3568 856 1 3569 826 1 3570 820 1 3571 881 1 3572 868 1 3573 881 1 3574 884 1 3575 884 1 3576 881 1 3577 890 1 3578 884 1 3579 890 1 3580 892 1 3581 892 1 3582 890 1 3583 916 1 3584 892 1 3585 916 1 3586 912 1 3587 912 1 3588 916 1 3589 1078 1 3590 912 1 3591 1078 1 3592 1020 1 3593 1020 692 3594 1078 692 3595 1102 692 3596 1020 1 3597 1102 1 3598 1086 1 3599 1086 1 3600 1102 1 3601 1114 1 3602 1086 1 3603 1114 1 3604 1098 1 3605 1098 1 3606 1114 1 3607 1123 1 3608 1098 1 3609 1123 1 3610 1104 1 3611 1104 1 3612 1123 1 3613 1125 1 3614 1104 694 3615 1125 694 3616 1094 694 3617 1094 1 3618 1125 1 3619 1116 1 3620 1094 695 3621 1116 695 3622 1080 695 3623 1080 1 3624 1116 1 3625 1108 1 3626 1080 690 3627 1108 690 3628 1084 690 3629 961 1 3630 958 1 3631 1084 1 3632 1084 1 3633 958 1 3634 986 1 3635 1084 1 3636 986 1 3637 1080 1 3638 978 1 3639 982 1 3640 958 1 3641 958 1 3642 982 1 3643 986 1 3644 340 1 3645 334 1 3646 281 1 3647 281 1 3648 334 1 3649 328 1 3650 281 1 3651 328 1 3652 284 1 3653 284 1 3654 328 1 3655 304 1 3656 304 1 3657 328 1 3658 324 1 3659 304 1 3660 324 1 3661 316 1 3662 316 1 3663 324 1 3664 320 1 3665 284 1 3666 276 1 3667 281 1 3668 281 1 3669 276 1 3670 272 1 3671 272 1 3672 276 1 3673 268 1 3674 272 1 3675 268 1 3676 206 1 3677 206 1 3678 268 1 3679 262 1 3680 206 1 3681 262 1 3682 50 1 3683 50 689 3684 262 689 3685 106 689 3686 50 696 3687 106 696 3688 26 696 3689 26 1 3690 106 1 3691 40 1 3692 26 1 3693 40 1 3694 14 1 3695 14 688 3696 40 688 3697 28 688 3698 14 1 3699 28 1 3700 1 1 3701 1 1 3702 28 1 3703 22 1 3704 1 1 3705 22 1 3706 3 1 3707 3 687 3708 22 687 3709 32 687 3710 3 1 3711 32 1 3712 12 1 3713 12 1 3714 32 1 3715 46 1 3716 12 697 3717 46 697 3718 20 697 3719 20 1 3720 46 1 3721 44 1 3722 44 1 3723 46 1 3724 140 1 3725 44 1 3726 140 1 3727 152 1 3728 152 1 3729 140 1 3730 144 1 3731 152 1 3732 144 1 3733 148 1 3734 152 1 3735 155 1 3736 44 1 3737 184 698 3738 185 699 3739 125 700 3740 125 700 3741 185 699 3742 113 701 3743 113 701 3744 185 699 3745 45 702 3746 113 701 3747 45 702 3748 81 703 3749 81 703 3750 45 702 3751 37 704 3752 37 704 3753 45 702 3754 21 705 3755 37 704 3756 21 705 3757 17 706 3758 17 706 3759 21 705 3760 13 707 3761 17 706 3762 13 707 3763 9 708 3764 9 708 3765 13 707 3766 5 709 3767 9 708 3768 5 709 3769 4 710 3770 960 711 3771 961 712 3772 1004 713 3773 1004 713 3774 961 712 3775 1016 714 3776 1016 714 3777 961 712 3778 1084 715 3779 1016 714 3780 1084 715 3781 1048 716 3782 1048 716 3783 1084 715 3784 1092 717 3785 1092 717 3786 1084 715 3787 1108 718 3788 1092 717 3789 1108 718 3790 1112 719 3791 1112 719 3792 1108 718 3793 1116 720 3794 1112 719 3795 1116 720 3796 1120 721 3797 1120 721 3798 1116 720 3799 1125 722 3800 1120 721 3801 1125 722 3802 1124 723 3803 1125 6 3804 1123 6 3805 1124 6 3806 1124 6 3807 1123 6 3808 1122 6 3809 974 724 3810 1005 725 3811 975 726 3812 975 726 3813 1005 725 3814 1017 727 3815 975 726 3816 1017 727 3817 1085 728 3818 1085 728 3819 1017 727 3820 1049 729 3821 1085 728 3822 1049 729 3823 1093 730 3824 1085 728 3825 1093 730 3826 1109 731 3827 1109 731 3828 1093 730 3829 1113 732 3830 1109 731 3831 1113 732 3832 1117 733 3833 1117 733 3834 1113 732 3835 1121 734 3836 1117 733 3837 1121 734 3838 1127 735 3839 1127 735 3840 1121 734 3841 1126 736 3842 1129 6 3843 1127 6 3844 1128 6 3845 1128 6 3846 1127 6 3847 1126 6 3848 154 737 3849 124 738 3850 155 739 3851 155 739 3852 124 738 3853 112 740 3854 155 739 3855 112 740 3856 44 741 3857 44 741 3858 112 740 3859 80 742 3860 44 741 3861 80 742 3862 36 743 3863 44 741 3864 36 743 3865 20 744 3866 20 744 3867 36 743 3868 16 745 3869 20 744 3870 16 745 3871 12 746 3872 12 746 3873 16 745 3874 8 747 3875 12 746 3876 8 747 3877 3 748 3878 3 748 3879 8 747 3880 2 749 3881 1 3 3882 3 3 3883 0 3 3884 0 3 3885 3 3 3886 2 3 3887 39 750 3888 51 751 3889 103 280 3890 103 280 3891 51 751 3892 261 752 3893 103 280 3894 261 752 3895 267 753 3896 267 753 3897 261 752 3898 273 754 3899 267 753 3900 273 754 3901 275 755 3902 275 755 3903 273 754 3904 283 756 3905 275 755 3906 283 756 3907 282 757 3908 51 751 3909 39 750 3910 27 758 3911 27 758 3912 39 750 3913 19 759 3914 27 758 3915 19 759 3916 15 760 3917 15 760 3918 19 759 3919 11 761 3920 15 760 3921 11 761 3922 7 762 3923 7 762 3924 11 761 3925 6 763 3926 267 753 3927 102 281 3928 103 280 3929 5 3 3930 7 3 3931 4 3 3932 4 3 3933 7 3 3934 6 3 3935 325 399 3936 324 398 3937 329 764 3938 329 764 3939 324 398 3940 328 765 3941 329 764 3942 328 765 3943 334 766 3944 340 767 3945 341 768 3946 334 766 3947 334 766 3948 341 768 3949 335 769 3950 334 766 3951 335 769 3952 329 764 3953 821 770 3954 820 771 3955 827 772 3956 827 772 3957 820 771 3958 826 773 3959 827 772 3960 826 773 3961 832 774 3962 836 775 3963 837 776 3964 832 774 3965 832 774 3966 837 776 3967 833 777 3968 832 774 3969 833 777 3970 827 772 3971 837 776 3972 836 775 3973 841 778 3974 841 778 3975 836 775 3976 840 779 3977 841 778 3978 840 779 3979 844 780 3980 856 781 3981 857 782 3982 844 780 3983 844 780 3984 857 782 3985 845 783 3986 844 780 3987 845 783 3988 841 778 3989 856 2 3990 868 2 3991 857 2 3992 857 2 3993 868 2 3994 869 2 3995 869 784 3996 868 785 3997 885 786 3998 885 786 3999 868 785 4000 884 787 4001 885 786 4002 884 787 4003 893 788 4004 893 788 4005 884 787 4006 892 789 4007 893 788 4008 892 789 4009 913 790 4010 913 790 4011 892 789 4012 912 791 4013 913 790 4014 912 791 4015 1021 792 4016 1021 792 4017 912 791 4018 1020 793 4019 1021 792 4020 1020 793 4021 1087 794 4022 1087 794 4023 1020 793 4024 1086 795 4025 1087 794 4026 1086 795 4027 1099 796 4028 1099 796 4029 1086 795 4030 1098 797 4031 1099 796 4032 1098 797 4033 1105 798 4034 1105 798 4035 1098 797 4036 1104 799 4037 1105 798 4038 1104 799 4039 1095 800 4040 1095 800 4041 1104 799 4042 1094 801 4043 1095 800 4044 1094 801 4045 1081 802 4046 1081 802 4047 1094 801 4048 1080 803 4049 1081 802 4050 1080 803 4051 987 804 4052 987 804 4053 1080 803 4054 986 805 4055 987 804 4056 986 805 4057 983 806 4058 983 806 4059 986 805 4060 982 807 4061 983 806 4062 982 807 4063 979 808 4064 979 808 4065 982 807 4066 978 809 4067 979 808 4068 978 809 4069 959 810 4070 959 810 4071 978 809 4072 958 811 4073 977 812 4074 976 813 4075 981 814 4076 981 814 4077 976 813 4078 980 815 4079 981 814 4080 980 815 4081 985 816 4082 985 816 4083 980 815 4084 984 817 4085 985 816 4086 984 817 4087 989 818 4088 989 818 4089 984 817 4090 988 819 4091 989 818 4092 988 819 4093 1083 820 4094 1083 820 4095 988 819 4096 1082 821 4097 1083 820 4098 1082 821 4099 1097 822 4100 1097 822 4101 1082 821 4102 1096 823 4103 1097 822 4104 1096 823 4105 1107 824 4106 1107 824 4107 1096 823 4108 1106 825 4109 1107 824 4110 1106 825 4111 1101 826 4112 1101 826 4113 1106 825 4114 1100 827 4115 1101 826 4116 1100 827 4117 1089 828 4118 1089 828 4119 1100 827 4120 1088 829 4121 1089 828 4122 1088 829 4123 1023 830 4124 1023 830 4125 1088 829 4126 1022 831 4127 1023 830 4128 1022 831 4129 915 832 4130 915 832 4131 1022 831 4132 914 833 4133 915 832 4134 914 833 4135 895 834 4136 895 834 4137 914 833 4138 894 835 4139 895 834 4140 894 835 4141 887 836 4142 887 836 4143 894 835 4144 886 837 4145 887 836 4146 886 837 4147 879 838 4148 879 838 4149 886 837 4150 878 839 4151 878 0 4152 858 0 4153 879 0 4154 879 0 4155 858 0 4156 859 0 4157 859 840 4158 858 841 4159 847 842 4160 847 842 4161 858 841 4162 846 843 4163 847 842 4164 846 843 4165 842 844 4166 838 845 4167 839 846 4168 842 844 4169 842 844 4170 839 846 4171 843 847 4172 842 844 4173 843 847 4174 847 842 4175 839 846 4176 838 845 4177 835 848 4178 835 848 4179 838 845 4180 834 849 4181 835 848 4182 834 849 4183 828 850 4184 822 851 4185 823 852 4186 828 850 4187 828 850 4188 823 852 4189 829 853 4190 828 850 4191 829 853 4192 835 848 4193 343 854 4194 342 855 4195 337 856 4196 337 856 4197 342 855 4198 336 857 4199 337 856 4200 336 857 4201 330 858 4202 326 859 4203 327 860 4204 330 858 4205 330 858 4206 327 860 4207 331 861 4208 330 858 4209 331 861 4210 337 856 4211 327 860 4212 326 859 4213 323 862 4214 323 862 4215 326 859 4216 322 863 4217 323 862 4218 322 863 4219 318 864 4220 306 865 4221 307 866 4222 318 864 4223 318 864 4224 307 866 4225 319 867 4226 318 864 4227 319 867 4228 323 862 4229 306 0 4230 294 0 4231 307 0 4232 307 0 4233 294 0 4234 295 0 4235 295 868 4236 294 869 4237 279 870 4238 279 870 4239 294 869 4240 278 871 4241 279 870 4242 278 871 4243 271 872 4244 271 872 4245 278 871 4246 270 873 4247 271 872 4248 270 873 4249 265 874 4250 265 874 4251 270 873 4252 264 875 4253 265 874 4254 264 875 4255 109 876 4256 109 876 4257 264 875 4258 108 877 4259 109 876 4260 108 877 4261 43 878 4262 43 878 4263 108 877 4264 42 879 4265 43 878 4266 42 879 4267 31 880 4268 31 880 4269 42 879 4270 30 881 4271 31 880 4272 30 881 4273 25 882 4274 25 882 4275 30 881 4276 24 883 4277 25 882 4278 24 883 4279 35 884 4280 35 884 4281 24 883 4282 34 885 4283 35 884 4284 34 885 4285 49 886 4286 49 886 4287 34 885 4288 48 887 4289 49 886 4290 48 887 4291 143 888 4292 143 888 4293 48 887 4294 142 889 4295 143 888 4296 142 889 4297 147 890 4298 147 890 4299 142 889 4300 146 891 4301 147 890 4302 146 891 4303 151 892 4304 151 892 4305 146 891 4306 150 893 4307 151 892 4308 150 893 4309 187 894 4310 187 894 4311 150 893 4312 186 895 4313 983 1 4314 893 1 4315 987 1 4316 987 896 4317 893 896 4318 913 896 4319 987 1 4320 913 1 4321 1021 1 4322 979 1 4323 869 1 4324 983 1 4325 983 897 4326 869 897 4327 885 897 4328 983 898 4329 885 898 4330 893 898 4331 869 1 4332 979 1 4333 857 1 4334 857 899 4335 979 899 4336 959 899 4337 857 1 4338 959 1 4339 845 1 4340 845 1 4341 959 1 4342 705 1 4343 845 900 4344 705 900 4345 841 900 4346 841 1 4347 705 1 4348 821 1 4349 841 1 4350 821 1 4351 837 1 4352 837 1 4353 821 1 4354 827 1 4355 837 1 4356 827 1 4357 833 1 4358 977 901 4359 701 901 4360 959 901 4361 959 1 4362 701 1 4363 700 1 4364 959 902 4365 700 902 4366 705 902 4367 981 1 4368 859 1 4369 977 1 4370 977 903 4371 859 903 4372 847 903 4373 977 904 4374 847 904 4375 707 904 4376 707 905 4377 847 905 4378 843 905 4379 707 1 4380 843 1 4381 823 1 4382 823 1 4383 843 1 4384 839 1 4385 823 1 4386 839 1 4387 829 1 4388 829 1 4389 839 1 4390 835 1 4391 859 1 4392 981 1 4393 879 1 4394 879 906 4395 981 906 4396 985 906 4397 879 1 4398 985 1 4399 887 1 4400 887 1 4401 985 1 4402 895 1 4403 895 907 4404 985 907 4405 989 907 4406 895 1 4407 989 1 4408 915 1 4409 915 1 4410 989 1 4411 1023 1 4412 1023 908 4413 989 908 4414 1083 908 4415 1023 1 4416 1083 1 4417 1089 1 4418 1089 1 4419 1083 1 4420 1097 1 4421 1089 1 4422 1097 1 4423 1101 1 4424 1101 1 4425 1097 1 4426 1107 1 4427 707 1 4428 701 1 4429 977 1 4430 693 1 4431 471 1 4432 701 1 4433 701 1 4434 471 1 4435 463 1 4436 701 1 4437 463 1 4438 700 1 4439 700 1 4440 463 1 4441 462 1 4442 700 1 4443 462 1 4444 692 1 4445 692 1 4446 462 1 4447 470 1 4448 692 1 4449 470 1 4450 661 1 4451 661 1 4452 470 1 4453 501 1 4454 501 909 4455 470 909 4456 473 909 4457 501 1 4458 473 1 4459 496 1 4460 496 1 4461 473 1 4462 476 1 4463 691 1 4464 663 1 4465 693 1 4466 693 1 4467 663 1 4468 503 1 4469 693 1 4470 503 1 4471 471 1 4472 471 910 4473 503 910 4474 475 910 4475 475 1 4476 503 1 4477 497 1 4478 475 1 4479 497 1 4480 477 1 4481 687 1 4482 667 1 4483 691 1 4484 691 1 4485 667 1 4486 663 1 4487 462 1 4488 463 1 4489 187 1 4490 187 911 4491 463 911 4492 459 911 4493 187 912 4494 459 912 4495 319 912 4496 319 913 4497 459 913 4498 323 913 4499 323 1 4500 459 1 4501 343 1 4502 323 1 4503 343 1 4504 327 1 4505 327 1 4506 343 1 4507 337 1 4508 327 1 4509 337 1 4510 331 1 4511 319 1 4512 307 1 4513 187 1 4514 187 1 4515 307 1 4516 151 1 4517 151 1 4518 307 1 4519 295 1 4520 151 1 4521 295 1 4522 147 1 4523 147 914 4524 295 914 4525 279 914 4526 147 915 4527 279 915 4528 271 915 4529 147 1 4530 271 1 4531 143 1 4532 143 916 4533 271 916 4534 265 916 4535 143 1 4536 265 1 4537 109 1 4538 143 1 4539 109 1 4540 49 1 4541 49 917 4542 109 917 4543 43 917 4544 49 1 4545 43 1 4546 35 1 4547 35 1 4548 43 1 4549 31 1 4550 35 1 4551 31 1 4552 25 1 4553 187 918 4554 153 918 4555 462 918 4556 462 1 4557 153 1 4558 457 1 4559 457 1 4560 153 1 4561 317 1 4562 457 919 4563 317 919 4564 321 919 4565 317 1 4566 153 1 4567 305 1 4568 305 920 4569 153 920 4570 149 920 4571 305 1 4572 149 1 4573 285 1 4574 285 921 4575 149 921 4576 145 921 4577 285 1 4578 145 1 4579 277 1 4580 277 1 4581 145 1 4582 269 1 4583 269 922 4584 145 922 4585 141 922 4586 269 1 4587 141 1 4588 263 1 4589 263 1 4590 141 1 4591 107 1 4592 107 923 4593 141 923 4594 47 923 4595 107 1 4596 47 1 4597 41 1 4598 41 1 4599 47 1 4600 33 1 4601 41 1 4602 33 1 4603 29 1 4604 29 1 4605 33 1 4606 23 1 4607 457 1 4608 321 1 4609 341 1 4610 341 1 4611 321 1 4612 325 1 4613 341 1 4614 325 1 4615 335 1 4616 335 1 4617 325 1 4618 329 1 4619 692 924 4620 661 924 4621 689 924 4622 689 1 4623 661 1 4624 666 1 4625 689 1 4626 666 1 4627 686 1 4628 987 1 4629 1021 1 4630 1081 1 4631 1081 925 4632 1021 925 4633 1087 925 4634 1081 1 4635 1087 1 4636 1095 1 4637 1095 1 4638 1087 1 4639 1099 1 4640 1095 1 4641 1099 1 4642 1105 1 4643 680 926 4644 690 927 4645 717 928 4646 717 928 4647 690 927 4648 697 929 4649 717 928 4650 697 929 4651 723 930 4652 717 928 4653 723 930 4654 733 931 4655 733 931 4656 723 930 4657 739 932 4658 733 931 4659 739 932 4660 749 933 4661 749 933 4662 739 932 4663 755 934 4664 749 933 4665 755 934 4666 769 935 4667 769 935 4668 755 934 4669 775 936 4670 769 935 4671 775 936 4672 801 937 4673 801 937 4674 775 936 4675 803 938 4676 801 937 4677 803 938 4678 817 939 4679 817 939 4680 803 938 4681 819 940 4682 817 939 4683 819 940 4684 831 941 4685 831 941 4686 819 940 4687 825 942 4688 831 941 4689 825 942 4690 816 943 4691 816 943 4692 825 942 4693 813 944 4694 816 943 4695 813 944 4696 800 945 4697 800 945 4698 813 944 4699 789 946 4700 800 945 4701 789 946 4702 768 947 4703 768 947 4704 789 946 4705 765 948 4706 768 947 4707 765 948 4708 748 949 4709 748 949 4710 765 948 4711 745 950 4712 748 949 4713 745 950 4714 732 951 4715 732 951 4716 745 950 4717 729 952 4718 732 951 4719 729 952 4720 716 953 4721 716 953 4722 729 952 4723 713 954 4724 716 953 4725 713 954 4726 683 955 4727 683 955 4728 713 954 4729 679 956 4730 717 957 4731 684 958 4732 680 959 4733 681 6 4734 680 6 4735 685 6 4736 685 6 4737 680 6 4738 684 6 4739 184 3 4740 183 3 4741 185 3 4742 185 3 4743 183 3 4744 182 3 4745 185 3 4746 182 3 4747 177 3 4748 177 3 4749 182 3 4750 181 3 4751 177 3 4752 181 3 4753 178 3 4754 178 3 4755 181 3 4756 180 3 4757 178 3 4758 180 3 4759 179 3 4760 177 3 4761 176 3 4762 185 3 4763 185 3 4764 176 3 4765 163 3 4766 185 3 4767 163 3 4768 155 3 4769 155 960 4770 163 960 4771 162 960 4772 155 3 4773 162 3 4774 158 3 4775 158 3 4776 162 3 4777 157 3 4778 157 3 4779 162 3 4780 161 3 4781 157 3 4782 161 3 4783 159 3 4784 159 3 4785 161 3 4786 160 3 4787 163 3 4788 176 3 4789 164 3 4790 164 3 4791 176 3 4792 175 3 4793 164 3 4794 175 3 4795 166 3 4796 166 3 4797 175 3 4798 174 3 4799 166 3 4800 174 3 4801 169 3 4802 169 3 4803 174 3 4804 170 3 4805 170 3 4806 174 3 4807 173 3 4808 170 3 4809 173 3 4810 172 3 4811 172 3 4812 171 3 4813 170 3 4814 168 3 4815 167 3 4816 169 3 4817 169 3 4818 167 3 4819 165 3 4820 169 3 4821 165 3 4822 166 3 4823 158 3 4824 156 3 4825 155 3 4826 155 3 4827 156 3 4828 154 3 4829 152 3 4830 153 3 4831 155 3 4832 155 3 4833 153 3 4834 187 3 4835 155 3 4836 187 3 4837 185 3 4838 185 3 4839 187 3 4840 186 3 4841 674 6 4842 675 6 4843 672 6 4844 672 6 4845 675 6 4846 673 6 4847 674 961 4848 672 962 4849 688 963 4850 688 963 4851 672 962 4852 715 964 4853 688 963 4854 715 964 4855 695 965 4856 695 966 4857 715 967 4858 722 968 4859 722 968 4860 715 967 4861 731 969 4862 722 968 4863 731 969 4864 738 970 4865 738 970 4866 731 969 4867 747 971 4868 738 970 4869 747 971 4870 754 972 4871 754 972 4872 747 971 4873 767 973 4874 754 972 4875 767 973 4876 774 974 4877 774 974 4878 767 973 4879 799 975 4880 774 974 4881 799 975 4882 802 976 4883 802 976 4884 799 975 4885 815 977 4886 802 976 4887 815 977 4888 818 978 4889 818 978 4890 815 977 4891 830 979 4892 818 978 4893 830 979 4894 824 980 4895 824 980 4896 830 979 4897 814 981 4898 824 980 4899 814 981 4900 812 982 4901 812 982 4902 814 981 4903 798 983 4904 812 982 4905 798 983 4906 788 984 4907 788 984 4908 798 983 4909 766 985 4910 788 984 4911 766 985 4912 764 986 4913 764 986 4914 766 985 4915 746 987 4916 764 986 4917 746 987 4918 744 988 4919 744 988 4920 746 987 4921 730 989 4922 744 988 4923 730 989 4924 728 990 4925 728 990 4926 730 989 4927 714 991 4928 728 990 4929 714 991 4930 712 992 4931 712 992 4932 714 991 4933 671 993 4934 712 992 4935 671 993 4936 677 994 4937 695 0 4938 818 0 4939 694 0 4940 694 995 4941 818 995 4942 824 995 4943 694 996 4944 824 996 4945 812 996 4946 722 0 4947 754 0 4948 695 0 4949 695 997 4950 754 997 4951 774 997 4952 695 998 4953 774 998 4954 802 998 4955 722 999 4956 738 999 4957 754 999 4958 802 0 4959 818 0 4960 695 0 4961 812 0 4962 788 0 4963 694 0 4964 694 0 4965 788 0 4966 677 0 4967 694 0 4968 677 0 4969 637 0 4970 637 0 4971 677 0 4972 676 0 4973 637 0 4974 676 0 4975 484 0 4976 484 0 4977 676 0 4978 507 0 4979 484 0 4980 507 0 4981 381 0 4982 381 0 4983 507 0 4984 391 0 4985 391 1000 4986 507 1000 4987 405 1000 4988 405 0 4989 507 0 4990 421 0 4991 421 0 4992 507 0 4993 437 0 4994 437 0 4995 507 0 4996 453 0 4997 788 1001 4998 764 1001 4999 677 1001 5000 677 1002 5001 764 1002 5002 712 1002 5003 712 1003 5004 764 1003 5005 744 1003 5006 712 0 5007 744 0 5008 728 0 5009 719 0 5010 735 0 5011 676 0 5012 676 1004 5013 735 1004 5014 751 1004 5015 676 0 5016 751 0 5017 761 0 5018 761 0 5019 777 0 5020 676 0 5021 676 1005 5022 777 1005 5023 781 1005 5024 676 0 5025 781 0 5026 655 0 5027 655 1006 5028 781 1006 5029 771 1006 5030 655 1007 5031 771 1007 5032 757 1007 5033 757 0 5034 741 0 5035 655 0 5036 655 1008 5037 741 1008 5038 725 1008 5039 655 0 5040 725 0 5041 709 0 5042 654 0 5043 641 0 5044 655 0 5045 655 0 5046 641 0 5047 521 0 5048 655 0 5049 521 0 5050 507 0 5051 507 0 5052 521 0 5053 506 0 5054 506 0 5055 521 0 5056 513 0 5057 513 0 5058 521 0 5059 517 0 5060 654 0 5061 649 0 5062 641 0 5063 641 0 5064 649 0 5065 645 0 5066 381 0 5067 385 0 5068 484 0 5069 484 1009 5070 385 1009 5071 401 1009 5072 484 0 5073 401 0 5074 411 0 5075 411 1010 5076 427 1010 5077 484 1010 5078 484 0 5079 427 0 5080 443 0 5081 637 1011 5082 484 1011 5083 526 1011 5084 526 0 5085 484 0 5086 485 0 5087 526 0 5088 485 0 5089 466 0 5090 466 0 5091 485 0 5092 374 0 5093 466 1012 5094 374 1012 5095 350 1012 5096 374 1001 5097 485 1001 5098 398 1001 5099 398 1013 5100 485 1013 5101 450 1013 5102 398 0 5103 450 0 5104 418 0 5105 418 0 5106 450 0 5107 434 0 5108 350 0 5109 338 0 5110 466 0 5111 466 995 5112 338 995 5113 344 995 5114 466 0 5115 344 0 5116 467 0 5117 467 1014 5118 344 1014 5119 360 1014 5120 467 998 5121 360 998 5122 388 998 5123 388 0 5124 408 0 5125 467 0 5126 467 0 5127 408 0 5128 440 0 5129 440 999 5130 408 999 5131 424 999 5132 676 0 5133 655 0 5134 507 0 5135 696 2 5136 819 2 5137 697 2 5138 697 1015 5139 819 1015 5140 803 1015 5141 697 1016 5142 803 1016 5143 775 1016 5144 468 2 5145 679 2 5146 696 2 5147 696 2 5148 679 2 5149 789 2 5150 696 1017 5151 789 1017 5152 813 1017 5153 469 2 5154 345 2 5155 468 2 5156 468 1018 5157 345 1018 5158 339 1018 5159 468 1019 5160 339 1019 5161 351 1019 5162 441 2 5163 409 2 5164 469 2 5165 469 1020 5166 409 1020 5167 389 1020 5168 469 1016 5169 389 1016 5170 361 1016 5171 441 1021 5172 425 1021 5173 409 1021 5174 361 2 5175 345 2 5176 469 2 5177 351 2 5178 375 2 5179 468 2 5180 468 2 5181 375 2 5182 487 2 5183 468 2 5184 487 2 5185 679 2 5186 679 2 5187 487 2 5188 486 2 5189 679 2 5190 486 2 5191 678 2 5192 678 2 5193 486 2 5194 657 2 5195 678 2 5196 657 2 5197 782 2 5198 782 2 5199 657 2 5200 772 2 5201 772 1022 5202 657 1022 5203 758 1022 5204 758 2 5205 657 2 5206 742 2 5207 742 2 5208 657 2 5209 726 2 5210 726 2 5211 657 2 5212 710 2 5213 375 1023 5214 399 1023 5215 487 1023 5216 487 1024 5217 399 1024 5218 451 1024 5219 451 1025 5220 399 1025 5221 419 1025 5222 451 2 5223 419 2 5224 435 2 5225 444 2 5226 428 2 5227 486 2 5228 486 1026 5229 428 1026 5230 412 1026 5231 486 2 5232 412 2 5233 402 2 5234 402 2 5235 386 2 5236 486 2 5237 486 1027 5238 386 1027 5239 382 1027 5240 486 2 5241 382 2 5242 509 2 5243 509 1028 5244 382 1028 5245 392 1028 5246 509 1029 5247 392 1029 5248 406 1029 5249 406 2 5250 422 2 5251 509 2 5252 509 1030 5253 422 1030 5254 438 1030 5255 509 2 5256 438 2 5257 454 2 5258 508 2 5259 522 2 5260 509 2 5261 509 2 5262 522 2 5263 657 2 5264 509 2 5265 657 2 5266 486 2 5267 508 2 5268 514 2 5269 522 2 5270 522 2 5271 514 2 5272 518 2 5273 522 2 5274 642 2 5275 657 2 5276 657 2 5277 642 2 5278 656 2 5279 656 2 5280 642 2 5281 650 2 5282 650 2 5283 642 2 5284 646 2 5285 782 2 5286 778 2 5287 678 2 5288 678 1031 5289 778 1031 5290 762 1031 5291 678 2 5292 762 2 5293 752 2 5294 752 1032 5295 736 1032 5296 678 1032 5297 678 2 5298 736 2 5299 720 2 5300 789 1023 5301 679 1023 5302 765 1023 5303 765 1033 5304 679 1033 5305 713 1033 5306 765 2 5307 713 2 5308 745 2 5309 745 2 5310 713 2 5311 729 2 5312 813 2 5313 825 2 5314 696 2 5315 696 1018 5316 825 1018 5317 819 1018 5318 775 2 5319 755 2 5320 697 2 5321 697 2 5322 755 2 5323 723 2 5324 723 1021 5325 755 1021 5326 739 1021 5327 474 1034 5328 492 1035 5329 469 1036 5330 469 1036 5331 492 1035 5332 449 1037 5333 469 1038 5334 449 1039 5335 441 1040 5336 441 1040 5337 449 1039 5338 433 1041 5339 441 1040 5340 433 1041 5341 425 1042 5342 425 1042 5343 433 1041 5344 417 1043 5345 425 1042 5346 417 1043 5347 409 1044 5348 409 1044 5349 417 1043 5350 397 1045 5351 409 1044 5352 397 1045 5353 389 1046 5354 389 1046 5355 397 1045 5356 365 1047 5357 389 1046 5358 365 1047 5359 361 1048 5360 361 1048 5361 365 1047 5362 349 1049 5363 361 1048 5364 349 1049 5365 345 1050 5366 345 1050 5367 349 1049 5368 333 1051 5369 345 1050 5370 333 1051 5371 339 1052 5372 339 1052 5373 333 1051 5374 348 1053 5375 339 1052 5376 348 1053 5377 351 1054 5378 351 1054 5379 348 1053 5380 364 1055 5381 351 1054 5382 364 1055 5383 375 1056 5384 375 1056 5385 364 1055 5386 396 1057 5387 375 1056 5388 396 1057 5389 399 1058 5390 399 1058 5391 396 1057 5392 416 1059 5393 399 1058 5394 416 1059 5395 419 1060 5396 419 1060 5397 416 1059 5398 432 1061 5399 419 1060 5400 432 1061 5401 435 1062 5402 435 1062 5403 432 1061 5404 448 1063 5405 435 1062 5406 448 1063 5407 451 1064 5408 451 1064 5409 448 1063 5410 491 1065 5411 451 1064 5412 491 1065 5413 487 1066 5414 474 1034 5415 488 1067 5416 492 1035 5417 488 3 5418 489 3 5419 492 3 5420 492 3 5421 489 3 5422 493 3 5423 685 0 5424 684 0 5425 662 0 5426 662 0 5427 684 0 5428 492 0 5429 662 1068 5430 492 1068 5431 502 1068 5432 502 0 5433 492 0 5434 493 0 5435 717 0 5436 769 0 5437 684 0 5438 684 1069 5439 769 1069 5440 801 1069 5441 684 1070 5442 801 1070 5443 817 1070 5444 733 1071 5445 749 1071 5446 717 1071 5447 717 0 5448 749 0 5449 769 0 5450 817 0 5451 831 0 5452 684 0 5453 684 0 5454 831 0 5455 683 0 5456 684 0 5457 683 0 5458 491 0 5459 491 0 5460 683 0 5461 490 0 5462 490 0 5463 683 0 5464 682 0 5465 490 0 5466 682 0 5467 511 0 5468 511 0 5469 682 0 5470 659 0 5471 511 0 5472 659 0 5473 523 0 5474 523 0 5475 659 0 5476 643 0 5477 643 0 5478 659 0 5479 658 0 5480 643 1072 5481 658 1072 5482 651 1072 5483 831 0 5484 816 0 5485 683 0 5486 683 1073 5487 816 1073 5488 800 1073 5489 683 1074 5490 800 1074 5491 768 1074 5492 683 1075 5493 768 1075 5494 716 1075 5495 716 0 5496 768 0 5497 748 0 5498 716 1076 5499 748 1076 5500 732 1076 5501 721 0 5502 737 0 5503 682 0 5504 682 1004 5505 737 1004 5506 753 1004 5507 682 0 5508 753 0 5509 763 0 5510 763 1077 5511 779 1077 5512 682 1077 5513 682 1078 5514 779 1078 5515 783 1078 5516 682 0 5517 783 0 5518 659 0 5519 659 1079 5520 783 1079 5521 773 1079 5522 659 1007 5523 773 1007 5524 759 1007 5525 759 1080 5526 743 1080 5527 659 1080 5528 659 1081 5529 743 1081 5530 727 1081 5531 659 0 5532 727 0 5533 711 0 5534 651 0 5535 647 0 5536 643 0 5537 519 0 5538 515 0 5539 523 0 5540 523 1072 5541 515 1072 5542 510 1072 5543 523 0 5544 510 0 5545 511 0 5546 455 0 5547 439 0 5548 511 0 5549 511 1081 5550 439 1081 5551 423 1081 5552 511 1082 5553 423 1082 5554 407 1082 5555 407 1083 5556 393 1083 5557 511 1083 5558 511 1079 5559 393 1079 5560 383 1079 5561 511 0 5562 383 0 5563 490 0 5564 490 1078 5565 383 1078 5566 387 1078 5567 490 1084 5568 387 1084 5569 403 1084 5570 403 0 5571 413 0 5572 490 0 5573 490 1004 5574 413 1004 5575 429 1004 5576 490 0 5577 429 0 5578 445 0 5579 448 0 5580 396 0 5581 491 0 5582 491 1074 5583 396 1074 5584 364 1074 5585 491 1073 5586 364 1073 5587 348 1073 5588 432 1085 5589 416 1085 5590 448 1085 5591 448 0 5592 416 0 5593 396 0 5594 348 0 5595 333 0 5596 491 0 5597 491 0 5598 333 0 5599 492 0 5600 491 0 5601 492 0 5602 684 0 5603 333 0 5604 349 0 5605 492 0 5606 492 1070 5607 349 1070 5608 365 1070 5609 492 1069 5610 365 1069 5611 397 1069 5612 492 1086 5613 397 1086 5614 449 1086 5615 449 0 5616 397 0 5617 417 0 5618 449 1087 5619 417 1087 5620 433 1087 5621 503 0 5622 663 0 5623 502 0 5624 502 0 5625 663 0 5626 662 0 5627 883 0 5628 882 0 5629 822 0 5630 822 0 5631 882 0 5632 706 0 5633 822 0 5634 706 0 5635 823 0 5636 823 0 5637 706 0 5638 707 0 5639 882 0 5640 282 0 5641 706 0 5642 706 0 5643 282 0 5644 458 0 5645 458 0 5646 282 0 5647 342 0 5648 458 0 5649 342 0 5650 459 1088 5651 459 1089 5652 342 0 5653 343 0 5654 282 0 5655 283 1090 5656 342 0 5657 960 6 5658 962 6 5659 961 6 5660 961 6 5661 962 6 5662 964 6 5663 961 6 5664 964 6 5665 972 6 5666 972 6 5667 964 6 5668 968 6 5669 972 6 5670 968 6 5671 971 6 5672 971 6 5673 968 6 5674 970 6 5675 970 6 5676 968 6 5677 969 6 5678 968 6 5679 964 6 5680 967 6 5681 967 6 5682 964 6 5683 963 6 5684 967 6 5685 963 6 5686 965 6 5687 965 6 5688 966 6 5689 967 6 5690 961 6 5691 972 6 5692 975 6 5693 975 6 5694 972 6 5695 973 6 5696 975 6 5697 973 6 5698 974 6 5699 976 6 5700 977 6 5701 975 6 5702 975 6 5703 977 6 5704 959 6 5705 975 6 5706 959 6 5707 961 6 5708 961 6 5709 959 6 5710 958 6 5711 638 2 5712 880 2 5713 704 2 5714 704 2 5715 880 2 5716 820 2 5717 704 2 5718 820 2 5719 705 1091 5720 705 1092 5721 820 2 5722 821 2 5723 639 2 5724 528 2 5725 638 2 5726 638 2 5727 528 2 5728 527 2 5729 638 1093 5730 527 1093 5731 280 1093 5732 280 1094 5733 527 1094 5734 456 1094 5735 280 2 5736 456 2 5737 340 2 5738 340 2 5739 456 2 5740 341 2 5741 341 2 5742 456 2 5743 457 2 5744 340 2 5745 281 2 5746 280 2 5747 280 2 5748 880 2 5749 638 2 5750 880 2 5751 881 1095 5752 820 2 5753 563 1096 5754 571 1096 5755 566 1096 5756 566 1097 5757 571 1097 5758 568 1097 5759 566 2 5760 568 2 5761 564 2 5762 564 1098 5763 568 1098 5764 572 1098 5765 564 2 5766 572 2 5767 554 2 5768 554 1099 5769 572 1099 5770 584 1099 5771 554 2 5772 584 2 5773 549 2 5774 549 1100 5775 584 1100 5776 587 1100 5777 549 1101 5778 587 1101 5779 579 1101 5780 571 2 5781 563 2 5782 583 2 5783 583 2 5784 563 2 5785 553 2 5786 583 1102 5787 553 1102 5788 619 1102 5789 619 2 5790 553 2 5791 520 2 5792 619 2 5793 520 2 5794 640 2 5795 553 1103 5796 545 1103 5797 520 1103 5798 520 2 5799 545 2 5800 505 2 5801 520 2 5802 505 2 5803 504 2 5804 545 2 5805 533 2 5806 505 2 5807 505 1104 5808 533 1104 5809 530 1104 5810 505 1105 5811 530 1105 5812 534 1105 5813 546 2 5814 478 2 5815 534 2 5816 534 1106 5817 478 1106 5818 384 1106 5819 534 1107 5820 384 1107 5821 380 1107 5822 554 1108 5823 549 1108 5824 546 1108 5825 546 1109 5826 549 1109 5827 541 1109 5828 546 2 5829 541 2 5830 478 2 5831 478 1110 5832 541 1110 5833 537 1110 5834 478 2 5835 537 2 5836 538 2 5837 557 2 5838 575 2 5839 560 2 5840 560 2 5841 575 2 5842 576 2 5843 560 2 5844 576 2 5845 558 2 5846 558 1111 5847 576 1111 5848 580 1111 5849 558 1112 5850 580 1112 5851 550 1112 5852 550 1113 5853 580 1113 5854 588 1113 5855 550 1114 5856 588 1114 5857 524 1114 5858 524 1115 5859 588 1115 5860 635 1115 5861 635 1116 5862 588 1116 5863 596 1116 5864 635 1117 5865 596 1117 5866 598 1117 5867 575 2 5868 557 2 5869 579 2 5870 579 1118 5871 557 1118 5872 549 1118 5873 542 1119 5874 524 1119 5875 538 1119 5876 538 1120 5877 524 1120 5878 479 1120 5879 538 2 5880 479 2 5881 478 2 5882 542 2 5883 550 2 5884 524 2 5885 601 2 5886 611 2 5887 604 2 5888 604 2 5889 611 2 5890 607 2 5891 604 2 5892 607 2 5893 602 2 5894 602 2 5895 607 2 5896 608 2 5897 602 2 5898 608 2 5899 592 2 5900 592 2 5901 608 2 5902 612 2 5903 592 2 5904 612 2 5905 584 2 5906 584 1121 5907 612 1121 5908 587 1121 5909 601 2 5910 591 2 5911 611 2 5912 611 1122 5913 591 1122 5914 615 1122 5915 615 1123 5916 591 1123 5917 619 1123 5918 619 1124 5919 591 1124 5920 583 1124 5921 595 1125 5922 620 1125 5923 598 1125 5924 598 1126 5925 620 1126 5926 624 1126 5927 598 2 5928 624 2 5929 635 2 5930 635 1127 5931 624 1127 5932 670 1127 5933 635 2 5934 670 2 5935 671 2 5936 595 2 5937 587 2 5938 620 2 5939 620 1128 5940 587 1128 5941 616 1128 5942 616 1129 5943 587 1129 5944 612 1129 5945 632 2 5946 634 2 5947 653 2 5948 653 1130 5949 634 1130 5950 631 1130 5951 653 1131 5952 631 1131 5953 627 1131 5954 653 2 5955 627 2 5956 640 2 5957 640 1132 5958 627 1132 5959 623 1132 5960 640 1133 5961 623 1133 5962 619 1133 5963 624 2 5964 628 2 5965 670 2 5966 670 1134 5967 628 1134 5968 632 1134 5969 670 2 5970 632 2 5971 776 2 5972 776 2 5973 632 2 5974 780 2 5975 780 2 5976 632 2 5977 770 2 5978 770 1135 5979 632 1135 5980 653 1135 5981 770 1022 5982 653 1022 5983 756 1022 5984 756 1136 5985 653 1136 5986 740 1136 5987 740 1137 5988 653 1137 5989 724 1137 5990 724 2 5991 653 2 5992 708 2 5993 635 2 5994 672 2 5995 636 2 5996 636 2 5997 672 2 5998 660 2 5999 636 2 6000 660 2 6001 661 2 6002 525 2 6003 480 2 6004 524 2 6005 524 1138 6006 480 1138 6007 347 1138 6008 524 1139 6009 347 1139 6010 332 1139 6011 636 1140 6012 501 1140 6013 525 1140 6014 525 2 6015 501 2 6016 500 2 6017 525 2 6018 500 2 6019 480 2 6020 480 2 6021 500 2 6022 481 2 6023 661 2 6024 501 2 6025 636 2 6026 447 2 6027 395 2 6028 480 2 6029 480 1141 6030 395 1141 6031 363 1141 6032 480 1142 6033 363 1142 6034 347 1142 6035 431 1143 6036 415 1143 6037 447 1143 6038 447 2 6039 415 2 6040 395 2 6041 332 2 6042 346 2 6043 524 2 6044 524 1144 6045 346 1144 6046 479 1144 6047 346 2 6048 362 2 6049 479 2 6050 479 1145 6051 362 1145 6052 394 1145 6053 479 1146 6054 394 1146 6055 446 1146 6056 446 2 6057 394 2 6058 414 2 6059 446 1147 6060 414 1147 6061 430 1147 6062 442 2 6063 426 2 6064 478 2 6065 478 1026 6066 426 1026 6067 410 1026 6068 478 2 6069 410 2 6070 400 2 6071 400 1148 6072 384 1148 6073 478 1148 6074 380 2 6075 390 2 6076 534 2 6077 534 1149 6078 390 1149 6079 505 1149 6080 390 1022 6081 404 1022 6082 505 1022 6083 505 1150 6084 404 1150 6085 420 1150 6086 505 1137 6087 420 1137 6088 436 1137 6089 436 2 6090 452 2 6091 505 2 6092 504 2 6093 512 2 6094 520 2 6095 520 2 6096 512 2 6097 516 2 6098 644 2 6099 648 2 6100 640 2 6101 640 1151 6102 648 1151 6103 652 1151 6104 640 2 6105 652 2 6106 653 2 6107 776 1148 6108 760 1148 6109 670 1148 6110 670 2 6111 760 2 6112 750 2 6113 670 1026 6114 750 1026 6115 734 1026 6116 734 2 6117 718 2 6118 670 2 6119 714 2 6120 766 2 6121 671 2 6122 671 1145 6123 766 1145 6124 798 1145 6125 671 1152 6126 798 1152 6127 814 1152 6128 730 1153 6129 746 1153 6130 714 1153 6131 714 2 6132 746 2 6133 766 2 6134 814 2 6135 830 2 6136 671 2 6137 671 2 6138 830 2 6139 672 2 6140 671 2 6141 672 2 6142 635 2 6143 830 2 6144 815 2 6145 672 2 6146 672 1142 6147 815 1142 6148 799 1142 6149 672 1141 6150 799 1141 6151 767 1141 6152 672 1154 6153 767 1154 6154 715 1154 6155 715 2 6156 767 2 6157 747 2 6158 715 1155 6159 747 1155 6160 731 1155 6161 672 2 6162 673 2 6163 660 2 6164 483 3 6165 482 3 6166 481 3 6167 481 3 6168 482 3 6169 480 3 6170 482 1156 6171 472 1157 6172 480 1158 6173 480 1158 6174 472 1157 6175 467 1159 6176 480 1158 6177 467 1159 6178 447 1160 6179 447 1160 6180 467 1159 6181 440 1161 6182 447 1160 6183 440 1161 6184 431 1162 6185 431 1162 6186 440 1161 6187 424 1163 6188 431 1162 6189 424 1163 6190 415 1164 6191 415 1164 6192 424 1163 6193 408 1165 6194 415 1164 6195 408 1165 6196 395 1166 6197 395 1166 6198 408 1165 6199 388 1167 6200 395 1166 6201 388 1167 6202 363 1168 6203 363 1168 6204 388 1167 6205 360 1169 6206 363 1168 6207 360 1169 6208 347 1170 6209 347 1170 6210 360 1169 6211 344 1171 6212 347 1170 6213 344 1171 6214 332 1172 6215 332 1172 6216 344 1171 6217 338 1173 6218 332 1172 6219 338 1173 6220 346 1174 6221 346 1174 6222 338 1173 6223 350 1175 6224 346 1174 6225 350 1175 6226 362 1176 6227 362 1176 6228 350 1175 6229 374 1177 6230 362 1176 6231 374 1177 6232 394 1178 6233 394 1178 6234 374 1177 6235 398 1179 6236 394 1178 6237 398 1179 6238 414 1180 6239 414 1180 6240 398 1179 6241 418 1181 6242 414 1180 6243 418 1181 6244 430 1182 6245 430 1182 6246 418 1181 6247 434 1183 6248 430 1182 6249 434 1183 6250 446 1184 6251 446 1184 6252 434 1183 6253 450 1185 6254 446 1184 6255 450 1185 6256 479 1186 6257 479 1186 6258 450 1185 6259 485 1187 6260 526 15 6261 464 15 6262 527 15 6263 527 15 6264 464 15 6265 460 15 6266 527 15 6267 460 15 6268 456 15 6269 526 15 6270 466 15 6271 464 15 6272 468 15 6273 696 15 6274 465 15 6275 465 15 6276 696 15 6277 699 15 6278 465 15 6279 699 15 6280 461 15 6281 461 15 6282 699 15 6283 703 15 6284 461 15 6285 703 15 6286 458 15 6287 458 15 6288 703 15 6289 706 15 6290 635 3 6291 636 3 6292 637 3 6293 637 3 6294 636 3 6295 639 3 6296 637 3 6297 639 3 6298 638 3 6299 636 15 6300 525 15 6301 639 15 6302 639 15 6303 525 15 6304 528 15 6305 524 6 6306 526 6 6307 525 6 6308 525 6 6309 526 6 6310 528 6 6311 528 6 6312 526 6 6313 527 6 6314 637 1 6315 526 1 6316 635 1 6317 635 1 6318 526 1 6319 524 1 6320 694 15 6321 637 15 6322 698 15 6323 698 15 6324 637 15 6325 638 15 6326 698 15 6327 638 15 6328 702 15 6329 702 15 6330 638 15 6331 704 15 6332 561 1188 6333 563 1189 6334 565 1190 6335 565 1190 6336 563 1189 6337 566 1191 6338 565 1190 6339 566 1191 6340 562 1192 6341 562 1192 6342 566 1191 6343 564 1193 6344 562 1192 6345 564 1193 6346 552 1194 6347 552 1194 6348 564 1193 6349 554 1195 6350 552 1194 6351 554 1195 6352 544 1196 6353 544 1196 6354 554 1195 6355 546 1197 6356 544 1196 6357 546 1197 6358 532 1198 6359 532 1198 6360 546 1197 6361 534 1199 6362 532 1198 6363 534 1199 6364 529 1200 6365 529 1200 6366 534 1199 6367 530 1201 6368 529 1200 6369 530 1201 6370 531 1202 6371 531 1202 6372 530 1201 6373 533 1203 6374 531 1202 6375 533 1203 6376 543 1204 6377 543 1204 6378 533 1203 6379 545 1205 6380 543 1204 6381 545 1205 6382 551 1206 6383 551 1206 6384 545 1205 6385 553 1207 6386 551 1206 6387 553 1207 6388 561 1188 6389 561 1188 6390 553 1207 6391 563 1189 6392 555 1208 6393 560 1209 6394 559 1210 6395 559 1210 6396 560 1209 6397 558 1211 6398 559 1210 6399 558 1211 6400 556 1212 6401 556 1212 6402 558 1211 6403 550 1213 6404 556 1212 6405 550 1213 6406 548 1214 6407 548 1214 6408 550 1213 6409 542 1215 6410 548 1214 6411 542 1215 6412 540 1216 6413 540 1216 6414 542 1215 6415 538 1217 6416 540 1216 6417 538 1217 6418 536 1218 6419 536 1218 6420 538 1217 6421 537 1219 6422 536 1218 6423 537 1219 6424 535 1220 6425 535 1220 6426 537 1219 6427 541 1221 6428 535 1220 6429 541 1221 6430 539 1222 6431 539 1222 6432 541 1221 6433 549 1223 6434 539 1222 6435 549 1223 6436 547 1224 6437 547 1224 6438 549 1223 6439 557 1225 6440 547 1224 6441 557 1225 6442 555 1208 6443 555 1208 6444 557 1225 6445 560 1209 6446 562 2 6447 529 2 6448 565 2 6449 565 1226 6450 529 1226 6451 531 1226 6452 565 2 6453 531 2 6454 561 2 6455 561 1227 6456 531 1227 6457 543 1227 6458 561 2 6459 543 2 6460 551 2 6461 529 2 6462 562 2 6463 532 2 6464 532 1228 6465 562 1228 6466 552 1228 6467 532 2 6468 552 2 6469 544 2 6470 599 1188 6471 601 1229 6472 603 1230 6473 603 1230 6474 601 1229 6475 604 1231 6476 603 1230 6477 604 1231 6478 600 1232 6479 600 1232 6480 604 1231 6481 602 1233 6482 600 1232 6483 602 1233 6484 590 1194 6485 590 1194 6486 602 1233 6487 592 1234 6488 590 1194 6489 592 1234 6490 582 1235 6491 582 1235 6492 592 1234 6493 584 1236 6494 582 1235 6495 584 1236 6496 570 1237 6497 570 1237 6498 584 1236 6499 572 1199 6500 570 1237 6501 572 1199 6502 567 1200 6503 567 1200 6504 572 1199 6505 568 1201 6506 567 1200 6507 568 1201 6508 569 1238 6509 569 1238 6510 568 1201 6511 571 1239 6512 569 1238 6513 571 1239 6514 581 1240 6515 581 1240 6516 571 1239 6517 583 1205 6518 581 1240 6519 583 1205 6520 589 1206 6521 589 1206 6522 583 1205 6523 591 1207 6524 589 1206 6525 591 1207 6526 599 1188 6527 599 1188 6528 591 1207 6529 601 1229 6530 559 2 6531 556 2 6532 555 2 6533 555 2 6534 556 2 6535 547 2 6536 547 2 6537 556 2 6538 548 2 6539 547 2 6540 548 2 6541 539 2 6542 539 2 6543 548 2 6544 540 2 6545 539 2 6546 540 2 6547 535 2 6548 535 2 6549 540 2 6550 536 2 6551 593 1241 6552 598 1242 6553 597 1243 6554 597 1243 6555 598 1242 6556 596 1211 6557 597 1243 6558 596 1211 6559 594 1212 6560 594 1212 6561 596 1211 6562 588 1244 6563 594 1212 6564 588 1244 6565 586 1245 6566 586 1245 6567 588 1244 6568 580 1246 6569 586 1245 6570 580 1246 6571 578 1216 6572 578 1216 6573 580 1246 6574 576 1217 6575 578 1216 6576 576 1217 6577 574 1218 6578 574 1218 6579 576 1217 6580 575 1219 6581 574 1218 6582 575 1219 6583 573 1220 6584 573 1220 6585 575 1219 6586 579 1221 6587 573 1220 6588 579 1221 6589 577 1222 6590 577 1222 6591 579 1221 6592 587 1247 6593 577 1222 6594 587 1247 6595 585 1248 6596 585 1248 6597 587 1247 6598 595 1225 6599 585 1248 6600 595 1225 6601 593 1241 6602 593 1241 6603 595 1225 6604 598 1242 6605 600 2 6606 567 2 6607 603 2 6608 603 1249 6609 567 1249 6610 569 1249 6611 603 2 6612 569 2 6613 599 2 6614 599 1250 6615 569 1250 6616 581 1250 6617 599 2 6618 581 2 6619 589 2 6620 567 2 6621 600 2 6622 570 2 6623 570 2 6624 600 2 6625 590 2 6626 570 1251 6627 590 1251 6628 582 1251 6629 597 2 6630 594 2 6631 593 2 6632 593 2 6633 594 2 6634 585 2 6635 585 2 6636 594 2 6637 586 2 6638 585 2 6639 586 2 6640 577 2 6641 577 2 6642 586 2 6643 578 2 6644 577 2 6645 578 2 6646 573 2 6647 573 2 6648 578 2 6649 574 2 6650</p>
        </triangles>
        <triangles material="__0_0-material" count="43">
          <input semantic="VERTEX" source="#MPO-700_DLR_Simu_V2_4_6_MPO-700_DLR_Body_V2_4_6-mesh-vertices" offset="0"/>
          <input semantic="NORMAL" source="#MPO-700_DLR_Simu_V2_4_6_MPO-700_DLR_Body_V2_4_6-mesh-normals" offset="1"/>
          <input semantic="TEXCOORD" source="#MPO-700_DLR_Simu_V2_4_6_MPO-700_DLR_Body_V2_4_6-mesh-map-0" offset="2" set="0"/>
          <p>629 1252 6651 634 1253 6652 633 1254 6653 633 1254 6654 634 1253 6655 632 1255 6656 633 1254 6657 632 1255 6658 630 1256 6659 630 1256 6660 632 1255 6661 628 1257 6662 630 1256 6663 628 1257 6664 626 1258 6665 626 1258 6666 628 1257 6667 624 1259 6668 626 1258 6669 624 1259 6670 622 1260 6671 622 1260 6672 624 1259 6673 620 1261 6674 622 1260 6675 620 1261 6676 618 1262 6677 618 1262 6678 620 1261 6679 616 1263 6680 618 1262 6681 616 1263 6682 614 1264 6683 614 1264 6684 616 1263 6685 612 1265 6686 614 1264 6687 612 1265 6688 610 1266 6689 610 1266 6690 612 1265 6691 608 1267 6692 610 1266 6693 608 1267 6694 606 1268 6695 606 1268 6696 608 1267 6697 607 1269 6698 606 1268 6699 607 1269 6700 605 1270 6701 605 1270 6702 607 1269 6703 611 1271 6704 605 1270 6705 611 1271 6706 609 1272 6707 609 1272 6708 611 1271 6709 615 1273 6710 609 1272 6711 615 1273 6712 613 1274 6713 613 1274 6714 615 1273 6715 619 1275 6716 613 1274 6717 619 1275 6718 617 1276 6719 617 1276 6720 619 1275 6721 623 1277 6722 617 1276 6723 623 1277 6724 621 1278 6725 621 1278 6726 623 1277 6727 627 1279 6728 621 1278 6729 627 1279 6730 625 1280 6731 625 1280 6732 627 1279 6733 631 1281 6734 625 1280 6735 631 1281 6736 629 1252 6737 629 1252 6738 631 1281 6739 634 1253 6740 633 2 6741 630 2 6742 629 2 6743 629 2 6744 630 2 6745 625 2 6746 625 2 6747 630 2 6748 626 2 6749 625 2 6750 626 2 6751 621 2 6752 621 2 6753 626 2 6754 622 2 6755 621 2 6756 622 2 6757 617 2 6758 617 2 6759 622 2 6760 618 2 6761 617 2 6762 618 2 6763 613 2 6764 613 2 6765 618 2 6766 614 2 6767 613 2 6768 614 2 6769 609 2 6770 609 2 6771 614 2 6772 610 2 6773 609 2 6774 610 2 6775 605 2 6776 605 2 6777 610 2 6778 606 2 6779</p>
        </triangles>
      </mesh>
    </geometry>
  </library_geometries>
  <library_visual_scenes>
    <visual_scene id="Scene" name="Scene">
      <node id="MPO-700_DLR_Simu_V2_4_6_MPO-700_DLR_Body_V2_4_6" name="MPO-700 DLR Simu V2.4.6_MPO-700 DLR Body V2.4.6" type="NODE">
        <matrix sid="transform">1 0 0 0 0 1 0 0 0 0 1 0 0 0 0 1</matrix>
        <instance_geometry url="#MPO-700_DLR_Simu_V2_4_6_MPO-700_DLR_Body_V2_4_6-mesh" name="MPO-700 DLR Simu V2.4.6_MPO-700 DLR Body V2.4.6">
          <bind_material>
            <technique_common>
              <instance_material symbol="_54_254_255-material" target="#_54_254_255-material">
                <bind_vertex_input semantic="MPO-700_DLR_Simu_V2_4_6_MPO-700_DLR_Body_V2_4_6-mesh-map-0" input_semantic="TEXCOORD" input_set="0"/>
              </instance_material>
              <instance_material symbol="_91_191_191_001-material" target="#_91_191_191_001-material">
                <bind_vertex_input semantic="MPO-700_DLR_Simu_V2_4_6_MPO-700_DLR_Body_V2_4_6-mesh-map-0" input_semantic="TEXCOORD" input_set="0"/>
              </instance_material>
              <instance_material symbol="__0_0-material" target="#__0_0-material">
                <bind_vertex_input semantic="MPO-700_DLR_Simu_V2_4_6_MPO-700_DLR_Body_V2_4_6-mesh-map-0" input_semantic="TEXCOORD" input_set="0"/>
              </instance_material>
            </technique_common>
          </bind_material>
        </instance_geometry>
      </node>
    </visual_scene>
  </library_visual_scenes>
  <scene>
    <instance_visual_scene url="#Scene"/>
  </scene>
</COLLADA>