<?xml version="1.0" encoding="utf-8"?>
<COLLADA xmlns="http://www.collada.org/2005/11/COLLADASchema" version="1.4.1" xmlns:xsi="http://www.w3.org/2001/XMLSchema-instance">
  <asset>
    <contributor>
      <author>Blender User</author>
      <authoring_tool>Blender 4.5.6 LTS commit date:2026-01-19, commit time:19:36, hash:a78963ed6435</authoring_tool>
    </contributor>
    <created>2026-02-16T15:53:15</created>
    <modified>2026-02-16T15:53:15</modified>
    <unit name="meter" meter="1"/>
    <up_axis>Z_UP</up_axis>
  </asset>
  <library_effects>
    <effect id="_91_191_191-effect">
      <profile_COMMON>
        <technique sid="common">
          <lambert>
            <emission>
              <color sid="emission">0 0 0 1</color>
            </emission>
            <diffuse>
              <color sid="diffuse">0.74902 0.74902 0.74902 1</color>
            </diffuse>
            <index_of_refraction>
              <float sid="ior">1.5</float>
            </index_of_refraction>
          </lambert>
        </technique>
      </profile_COMMON>
    </effect>
  </library_effects>
  <library_images/>
  <library_materials>
    <material id="_91_191_191-material" name="191,191,191">
      <instance_effect url="#_91_191_191-effect"/>
    </material>
  </library_materials>
  <library_geometries>
    <geometry id="MPO-700_DLR_Simu_V2_4_6_MPO-700_DLR_Gearbox_V2_4_6-mesh" name="MPO-700_DLR_Simu_V2.4.6_MPO-700_DLR_Gearbox_V2.4.6">
      <mesh>
        <source id="MPO-700_DLR_Simu_V2_4_6_MPO-700_DLR_Gearbox_V2_4_6-mesh-positions">
          <float_array id="MPO-700_DLR_Simu_V2_4_6_MPO-700_DLR_Gearbox_V2_4_6-mesh-positions-array" count="1284">-40.27516 -23.36761 149.8858 -40.27516 -23.42551 154.4847 -40.27516 -22.35482 145.3995 -40.27516 -22.52599 158.9951 -40.27516 -20.43137 141.2217 -40.27516 -20.70833 163.22 -40.27516 -17.68137 137.5352 -40.27516 -18.05202 166.9746 -40.27516 -14.225 134.501 -40.27516 -14.67313 170.0949 -40.27516 -10.2133 132.2516 -40.27516 -10.71933 172.4445 -40.27516 -5.821591 130.8856 -40.27516 -6.363409 173.9207 -40.27516 -1.24185 130.4625 -40.27516 -1.795773 174.4589 -40.27516 3.325786 131.0008 -40.27516 2.783967 174.0358 -40.27516 7.681706 132.477 -40.27516 7.175673 172.6698 -40.27516 11.6355 134.8265 -40.27516 11.18737 170.4205 -40.27516 15.0144 137.9468 -40.27516 14.64375 167.3862 -40.27516 17.67073 141.7014 -40.27516 17.39377 163.6997 -40.27516 19.48837 145.9263 -40.27516 19.31719 159.5219 -40.27516 20.38789 150.4367 -40.27516 20.32999 155.0356 -30.27516 -23.36761 149.8858 -30.27516 -23.42551 154.4847 -30.27516 -22.35482 145.3995 -30.27516 -22.52599 158.9951 -30.27516 -20.43137 141.2217 -30.27516 -20.70833 163.22 -30.27516 -17.68137 137.5352 -30.27516 -18.05202 166.9746 -30.27516 -16.49988 153.214 -30.27516 -16.21657 149.4647 -30.27516 -15.84187 156.916 -30.27516 -15.00975 145.9037 -30.27516 -14.225 134.501 -30.27516 -14.67313 170.0949 -30.27516 -14.28391 160.338 -30.27516 -12.95524 142.7546 -30.27516 -11.92387 163.2651 -30.27516 -10.2133 132.2516 -30.27516 -10.71933 172.4445 -30.27516 -10.18211 140.2154 -30.27516 -8.910037 165.5133 -30.27516 -6.864664 138.4456 -30.27516 -5.821591 130.8856 -30.27516 -6.363409 173.9207 -30.27516 -5.431767 166.9413 -30.27516 -3.211319 137.5565 -30.27516 -1.24185 130.4625 -30.27516 -1.707648 167.4595 -30.27516 -1.795773 174.4589 -30.27516 0.5483925 137.6038 -30.27516 2.028336 167.0353 -30.27516 3.325786 131.0008 -30.27516 2.783967 174.0358 -30.27516 4.178193 138.5847 -30.27516 5.541439 165.6952 -30.27516 7.450035 140.4374 -30.27516 7.681706 132.477 -30.27516 7.175673 172.6698 -30.27516 8.610921 163.5236 -30.27516 10.15833 143.0456 -30.27516 11.04392 160.6569 -30.27516 11.6355 134.8265 -30.27516 11.18737 170.4205 -30.27516 12.13292 146.2454 -30.27516 12.68756 157.2752 -30.27516 13.24972 149.8357 -30.27516 13.43854 153.591 -30.27516 15.0144 137.9468 -30.27516 14.64375 167.3862 -30.27516 17.67073 141.7014 -30.27516 17.39377 163.6997 -30.27516 19.48837 145.9263 -30.27516 19.31719 159.5219 -30.27516 20.38789 150.4367 -30.27516 20.32999 155.0356 -28.97516 -55.46955 68.7749 -28.97516 -56.51445 151.7683 -28.97516 -56.13434 158.9526 -28.97516 -54.81972 166.0258 -28.97516 -52.59314 172.8669 -28.97516 -49.49264 179.3589 -28.97516 -45.57129 185.3906 -28.97516 -40.8962 190.8589 -28.97516 -35.54735 195.6702 -28.97516 -29.61627 199.7421 -28.97516 -23.20442 203.0051 -28.97516 -16.49988 153.214 -28.97516 -16.21657 149.4647 -28.97516 -15.84187 156.916 -28.97516 -16.42154 205.4032 -28.97516 -15.00975 145.9037 -28.97516 -14.28391 160.338 -28.97516 -12.95524 142.7546 -28.97516 -11.92387 163.2651 -28.97516 -10.18211 140.2154 -28.97516 -8.910037 165.5133 -28.97516 -9.383678 206.8955 -28.97516 -6.864664 138.4456 -28.97516 -5.431767 166.9413 -28.97516 -3.211319 137.5565 -28.97516 -0.2598975 52.46865 -28.97516 -0.4739135 69.4673 -28.97516 -1.707648 167.4595 -28.97516 -2.211213 207.4564 -28.97516 0.5483925 137.6038 -28.97516 2.028336 167.0353 -28.97516 4.178193 138.5847 -28.97516 4.973081 207.0762 -28.97516 5.541439 165.6952 -28.97516 7.450035 140.4374 -28.97516 8.610921 163.5236 -28.97516 10.15833 143.0456 -28.97516 11.04392 160.6569 -28.97516 12.13292 146.2454 -28.97516 12.0463 205.7616 -28.97516 12.68756 157.2752 -28.97516 13.24972 149.8357 -28.97516 13.43854 153.591 -28.97516 18.88742 203.535 -28.97516 25.37937 200.4345 -28.97516 31.41109 196.5132 -28.97516 36.87937 191.8381 -28.97516 41.69065 186.4893 -28.97516 45.7626 180.5582 -28.97516 49.02556 174.1463 -28.97516 51.42369 167.3634 -28.97516 52.91595 160.3256 -28.97516 54.52172 70.15971 -28.97516 53.47683 153.1531 -28.48138 -5.588212 52.40156 -28.48138 -5.802227 69.40022 -28.48138 5.068415 52.53573 -28.48138 4.8544 69.53439 -27.01686 -10.73508 52.33677 -27.01686 -10.9491 69.33542 -27.01686 10.21528 52.60053 -27.01686 10.00127 69.59919 -24.97516 0.3947375 0.4727707 -24.97516 -0.2598975 52.46865 -24.63146 -15.52523 52.27646 -24.63146 -15.73924 69.27511 -24.63146 15.00543 52.66084 -24.63146 14.79142 69.6595 -24.4948 -4.482134 0.4113693 -24.4948 -5.136769 52.40725 -24.4948 5.271608 0.5341721 -24.4948 4.616973 52.53005 -23.07214 -9.171584 0.3523331 -23.07214 -9.826219 52.34821 -23.07214 9.961071 0.5932083 -23.07214 9.306436 52.58909 -21.40642 -19.79552 52.22269 -21.40642 -20.00954 69.22135 -21.40642 19.27573 52.71461 -21.40642 19.06171 69.71326 -20.7619 -13.49341 0.2979202 -20.7619 -14.14805 52.2938 -20.7619 14.28289 0.6476212 -20.7619 13.62825 52.6435 -17.65283 -17.28153 0.2502213 -17.65283 -17.93617 52.2461 -17.65283 18.07101 0.6953201 -17.65283 17.41638 52.6912 -17.45157 -23.40055 52.17731 -17.45157 -23.61457 69.17596 -17.45157 22.88077 52.75999 -17.45157 22.66676 69.75865 -13.86441 -20.39036 0.2110824 -13.86441 -21.04499 52.20696 -13.86441 21.17984 0.7344589 -13.86441 20.5252 52.73034 -12.90157 -26.21759 52.14184 -12.90157 -26.4316 69.14049 -12.90157 25.69778 52.79546 -12.90157 25.48376 69.79412 -9.542253 -22.70042 0.1819992 -9.542253 -23.35505 52.17788 -9.542253 23.48989 0.7635422 -9.542253 22.83526 52.75942 -7.911393 -28.15063 52.1175 -7.911393 -28.36465 69.11616 -7.911393 27.63084 52.8198 -7.911393 27.41682 69.81845 -4.852418 -24.12294 0.1640853 -4.852418 -24.77758 52.15997 -4.852418 24.91243 0.781456 -4.852418 24.2578 52.77733 -2.650941 -29.13389 52.10512 -2.650941 -29.3479 69.10378 -2.650941 28.61411 52.83218 -2.650941 28.4001 69.83083 0.02483999 -24.60328 0.1580429 0.02483999 -25.25791 52.15392 0.02483999 25.39276 0.7874985 0.02483999 24.73812 52.78338 2.700622 -29.13389 52.10512 2.700622 -29.3479 69.10378 2.700622 28.61411 52.83218 2.700622 28.4001 69.83083 4.902099 -24.12294 0.1640853 4.902099 -24.77758 52.15997 4.902099 24.91243 0.781456 4.902099 24.2578 52.77733 7.961074 -28.15063 52.1175 7.961074 -28.36465 69.11616 7.961074 27.63084 52.8198 7.961074 27.41682 69.81845 9.591934 -22.70042 0.1819992 9.591934 -23.35505 52.17788 9.591934 23.48989 0.7635422 9.591934 22.83526 52.75942 12.95125 -26.21759 52.14184 12.95125 -26.4316 69.14049 12.95125 25.69778 52.79546 12.95125 25.48376 69.79412 13.91409 -20.39036 0.2110824 13.91409 -21.04499 52.20696 13.91409 21.17984 0.7344589 13.91409 20.5252 52.73034 17.50125 -23.40055 52.17731 17.50125 -23.61457 69.17596 17.50125 22.88077 52.75999 17.50125 22.66676 69.75865 17.70252 -17.28153 0.2502213 17.70252 -17.93617 52.2461 17.70252 18.07101 0.6953201 17.70252 17.41638 52.6912 20.81159 -13.49341 0.2979202 20.81159 -14.14805 52.2938 20.81159 14.28289 0.6476212 20.81159 13.62825 52.6435 21.4561 -19.79552 52.22269 21.4561 -20.00954 69.22135 21.4561 19.27573 52.71461 21.4561 19.06171 69.71326 23.12183 -9.171584 0.3523331 23.12183 -9.826219 52.34821 23.12183 9.961071 0.5932083 23.12183 9.306436 52.58909 24.54448 -4.482134 0.4113693 24.54448 -5.136769 52.40725 24.54448 5.271608 0.5341721 24.54448 4.616973 52.53005 24.68114 -15.52523 52.27646 24.68114 -15.73924 69.27511 24.68114 15.00543 52.66084 24.68114 14.79142 69.6595 25.02484 0.3947375 0.4727707 25.02484 -0.2598975 52.46865 27.06654 -10.73508 52.33677 27.06654 -10.9491 69.33542 27.06654 10.21528 52.60053 27.06654 10.00127 69.59919 28.53107 -5.588212 52.40156 28.53107 -5.802227 69.40022 28.53107 5.068415 52.53573 28.53107 4.8544 69.53439 29.02484 -0.2598975 52.46865 29.02484 -0.4739135 69.4673 45.02484 -55.46955 68.7749 45.02484 -56.51445 151.7683 45.02484 -56.13434 158.9526 45.02484 -54.81972 166.0258 45.02484 -52.59314 172.8669 45.02484 -49.49264 179.3589 45.02484 -45.57129 185.3906 45.02484 -40.8962 190.8589 45.02484 -35.54735 195.6702 45.02484 -29.61627 199.7421 45.02484 -23.20442 203.0051 45.02484 -16.42154 205.4032 45.02484 -9.383678 206.8955 45.02484 -2.211213 207.4564 45.02484 4.973081 207.0762 45.02484 12.0463 205.7616 45.02484 18.88742 203.535 45.02484 25.37937 200.4345 45.02484 31.41109 196.5132 45.02484 36.87937 191.8381 45.02484 41.69065 186.4893 45.02484 45.7626 180.5582 45.02484 49.02556 174.1463 45.02484 51.42369 167.3634 45.02484 52.91595 160.3256 45.02484 54.52172 70.15971 45.02484 53.47683 153.1531 48.11502 -54.98015 68.78106 48.11502 -56.02505 151.7745 48.11502 -55.64832 158.8948 48.11502 -54.34542 165.9051 48.11502 -52.13864 172.6853 48.11502 -49.06571 179.1195 48.11502 -45.1793 185.0976 48.11502 -40.5458 190.5172 48.11502 -35.24454 195.2857 48.11502 -29.36623 199.3214 48.11502 -23.01145 202.5553 48.11502 -16.28892 204.9321 48.11502 -9.31367 206.4111 48.11502 -2.205052 206.967 48.11502 4.915306 206.5902 48.11502 11.92558 205.2873 48.11502 18.70582 203.0805 48.11502 25.14001 200.0076 48.11502 31.11806 196.1212 48.11502 36.53767 191.4877 48.11502 41.30614 186.1864 48.11502 45.34186 180.3081 48.11502 48.57577 173.9534 48.11502 50.95257 167.2308 48.11502 52.43155 160.2556 48.11502 54.03232 70.15354 48.11502 52.98743 153.1469 50.90269 -53.55989 68.79895 50.90269 -54.60478 151.7924 50.90269 -54.23786 158.7272 50.90269 -52.96889 165.5548 50.90269 -50.81961 172.1584 50.90269 -47.82679 178.4249 50.90269 -44.04161 184.2472 50.90269 -39.52884 189.5256 50.90269 -34.36574 194.1698 50.90269 -28.6406 198.1003 50.90269 -22.45143 201.25 50.90269 -15.90406 203.5648 50.90269 -9.110561 205.0053 50.90269 -2.18717 205.5467 50.90269 4.747654 205.1797 50.90269 11.57527 203.9108 50.90269 18.17882 201.7615 50.90269 24.44536 198.7687 50.90269 30.26763 194.9835 50.90269 35.54603 190.4708 50.90269 40.19024 185.3076 50.90269 44.1208 179.5825 50.90269 47.27045 173.3933 50.90269 49.5853 166.846 50.90269 51.02575 160.0525 50.90269 52.61205 70.13566 50.90269 51.56716 153.1291 53.11502 -51.34772 68.8268 53.11502 -52.39262 151.8202 53.11502 -52.04101 158.4661 53.11502 -50.82492 165.0092 53.11502 -48.7652 171.3375 53.11502 -45.8971 177.3429 53.11502 -42.26963 182.9226 53.11502 -37.94494 187.981 53.11502 -32.99697 192.4317 53.11502 -27.51042 196.1985 53.11502 -21.57914 199.2169 53.11502 -15.3046 201.4353 53.11502 -8.794215 202.8157 53.11502 -2.159319 203.3345 53.11502 4.486534 202.9829 53.11502 11.02961 201.7668 53.11502 17.358 199.7071 53.11502 23.3634 196.839 53.11502 28.94306 193.2115 53.11502 34.0015 188.8868 53.11502 38.45219 183.9389 53.11502 42.21895 178.4523 53.11502 45.23735 172.5211 53.11502 47.45574 166.2465 53.11502 48.83617 159.7361 53.11502 50.3999 70.10781 53.11502 49.35501 153.1012 54.5354 -48.56028 68.86189 54.5354 -49.60518 151.8553 54.5354 -49.2728 158.137 54.5354 -48.12336 164.3216 54.5354 -46.1765 170.3032 54.5354 -43.46553 175.9796 54.5354 -40.03683 181.2535 54.5354 -35.94909 186.0348 54.5354 -31.27225 190.2416 54.5354 -26.08628 193.802 54.5354 -20.48 196.655 54.5354 -14.54926 198.7519 54.5354 -8.395588 200.0567 54.5354 -2.124224 200.5471 54.5354 4.15748 200.2147 54.5354 10.34207 199.0653 54.5354 16.32371 197.1184 54.5354 22.00007 194.4074 54.5354 27.274 190.9787 54.5354 32.05528 186.891 54.5354 36.26211 182.2141 54.5354 39.82249 177.0282 54.5354 42.6755 171.4219 54.5354 44.77235 165.4912 54.5354 46.07714 159.3375 54.5354 47.61245 70.07272 54.5354 46.56755 153.0661 55.02484 -45.47035 68.90079 55.02484 -46.51524 151.8942 55.02484 -46.09709 158.6069 55.02484 -44.68315 165.1823 55.02484 -42.30501 171.4735 55.02484 -39.01575 177.34 55.02484 -34.88886 182.6508 55.02484 -30.01654 187.2871 55.02484 -24.50764 191.1455 55.02484 -18.4852 194.1397 55.02484 -12.08375 196.2029 55.02484 -5.446325 197.289 55.02484 1.278849 197.3737 55.02484 7.941531 196.455 55.02484 14.39289 194.5537 55.02484 20.48879 191.712 55.02484 26.09309 187.9936 55.02484 31.08058 183.4813 55.02484 35.33985 178.2762 55.02484 38.77577 172.4944 55.02484 41.31157 166.265 55.02484 42.89062 159.7273 55.02484 44.52252 70.03382 55.02484 43.47762 153.0272</float_array>
          <technique_common>
            <accessor source="#MPO-700_DLR_Simu_V2_4_6_MPO-700_DLR_Gearbox_V2_4_6-mesh-positions-array" count="428" stride="3">
              <param name="X" type="float"/>
              <param name="Y" type="float"/>
              <param name="Z" type="float"/>
            </accessor>
          </technique_common>
        </source>
        <source id="MPO-700_DLR_Simu_V2_4_6_MPO-700_DLR_Gearbox_V2_4_6-mesh-normals">
          <float_array id="MPO-700_DLR_Simu_V2_4_6_MPO-700_DLR_Gearbox_V2_4_6-mesh-normals-array" count="2103">1 -2.33029e-7 0 1 0 0 1 0 0 1 1.89808e-7 0 1 3.57874e-7 0 1 -3.17921e-7 0 1 7.42248e-7 0 1 -3.94863e-7 0 1 3.49627e-7 0 1 -3.97461e-7 0 1 4.42231e-7 0 1 0 0 1 2.88736e-7 0 1 -4.76565e-7 0 1 -7.48374e-7 0 1 0 0 1 -7.82488e-7 0 1 -2.07808e-7 0 1 -4.22229e-7 0 1 0 0 1 2.35126e-7 0 1 0 0 1 3.01699e-7 0 1 -4.66795e-7 0 1 2.38283e-7 0 1 1.44901e-7 0 1 -8.00105e-7 0 1 3.97294e-7 0 1 -3.46889e-7 0 1 0 0 1 3.24025e-7 0 1 0 0 1 4.47429e-7 0 1 0 0 1 0 0 1 2.25469e-7 0 1 0 0 1 1.85402e-7 0 1 -2.20546e-7 0 1 0 0 1 -2.20546e-7 0 1 3.45763e-7 0 1 1.71877e-7 0 1 4.76565e-7 0 1 -2.25468e-7 0 1 0 0 1 1.26105e-7 0 1 3.33505e-7 0 1 3.97126e-7 0 1 -3.9262e-7 0 1 0 0 1 -3.57875e-7 0 0 -0.2202065 0.9754534 0 -0.2202106 0.9754524 0 -0.01258766 0.9999209 0 -0.01259195 0.9999207 0 0.1955815 0.9806875 0 0.1955773 0.9806883 0 0.3952046 0.9185932 0 0.3952006 0.918595 0 0.5775567 0.8163507 0 0.5775532 0.8163532 0 0.7346626 0.6784327 0 0.7346597 0.6784359 0 0.8596626 0.5108622 0 0.8596606 0.5108658 0 0.9470921 0.3209621 0 0.947091 0.3209655 0 0.9931275 0.1170381 0 0.9931269 0.1170421 0 0.9957589 -0.09200179 0 0.9957593 -0.09199726 0 0.9548707 -0.2970221 0 0.954872 -0.2970177 0 0.8722494 -0.4890615 0 0.8722516 -0.4890576 0 0.7515084 -0.6597236 0 0.751511 -0.6597206 0 0.5979226 -0.8015539 0 0.5979259 -0.8015515 0 0.4182021 -0.9083541 0 0.4182059 -0.9083523 0 0.2202065 -0.9754534 0 0.2202107 -0.9754524 0 0.01258766 -0.9999208 0 0.01259195 -0.9999207 0 -0.1955814 -0.9806875 0 -0.1955773 -0.9806883 0 -0.3952071 -0.918592 0 -0.3952032 -0.9185938 0 -0.5775572 -0.8163503 0 -0.5775537 -0.8163527 0 -0.7346633 -0.6784319 0 -0.7346606 -0.6784349 0 -0.859663 -0.5108618 0 -0.8596609 -0.5108651 0 -0.9470911 -0.3209649 0 -0.9470899 -0.3209685 0 -0.9931275 -0.1170378 0 -0.9931269 -0.1170423 0 -0.9957588 0.09200173 0 -0.9957593 0.09199744 0 -0.9548702 0.2970233 0 -0.9548714 0.2970197 0 -0.8722503 0.4890598 0 -0.8722523 0.4890563 0 -0.7515091 0.6597228 0 -0.7515118 0.6597197 0 -0.5979208 0.8015552 0 -0.5979242 0.8015528 0 -0.418202 0.9083541 0 -0.4182058 0.9083523 -1 -1.99729e-7 0 -1 -1.5977e-7 0 -1 -5.80156e-7 0 -1 2.00349e-7 0 -1 0 0 -1 0 0 -1 2.56722e-7 0 -1 3.34981e-7 0 -1 -1.01938e-6 0 -1 0 0 -1 0 0 -1 -9.53133e-7 0 -1 -4.23718e-7 0 -1 0 0 -1 -2.94077e-6 0 -1 1.19427e-6 0 -1 -4.27902e-6 0 -1 6.93905e-6 0 -1 -2.56721e-7 0 -1 -3.00389e-7 0 -1 4.49886e-7 0 -1 0 0 -1 -1.46707e-6 0 -1 9.25619e-7 0 -1 4.42041e-7 0 -1 2.8866e-7 0 -1 2.89795e-6 0 -1 -2.30842e-6 0 -1 4.27901e-6 0 -1 -6.93905e-6 0 0 -0.26086 0.9653767 0 -0.2608664 0.965375 0 -0.01258689 0.9999209 0 -0.01259362 0.9999207 0 0.2364804 0.9716362 0 0.2364739 0.9716379 0 0.4706867 0.8823004 0 0.4706805 0.8823037 0 0.6753177 0.7375271 0 0.6753128 0.7375316 0 0.8375168 0.5464118 0 0.8375132 0.5464172 0 0.9470919 0.3209626 0 0.9470897 0.3209689 0 0.9971575 0.07534623 0 0.9971569 0.07535296 0 0.9845678 -0.1750039 0 0.984569 -0.1749971 0 0.9101132 -0.4143597 0 0.910116 -0.4143537 0 0.7784748 -0.627676 0 0.7784788 -0.627671 0 0.5979219 -0.8015545 0 0.5979272 -0.8015505 0 0.379796 -0.9250704 0 0.3798021 -0.9250679 0 0.1378121 -0.9904584 0 0.1378186 -0.9904575 0 -0.1128344 -0.9936139 0 -0.1128278 -0.9936146 0 -0.3563955 -0.9343352 0 -0.3563893 -0.9343376 0 -0.5775563 -0.8163509 0 -0.5775508 -0.8163548 0 -0.7624285 -0.6470726 0 -0.7624241 -0.6470779 0 -0.8993968 -0.4371332 0 -0.8993939 -0.4371393 0 -0.9798516 -0.1997272 0 -0.9798502 -0.1997337 0 -0.9987379 0.05022573 0 -0.9987383 0.05021911 0 -0.9548706 0.2970222 0 -0.9548725 0.297016 0 -0.8510057 0.5251566 0 -0.8510091 0.525151 0 -0.6936691 0.7202938 0 -0.6936739 0.7202892 0 -0.4927437 0.8701746 0 -0.4927495 0.8701713 -0.9807853 -0.1950756 -0.002456009 -0.9807854 -0.1950749 -0.002456009 -1 -6.4819e-7 0 -1 3.76522e-7 0 -0.9807854 0.1950744 0.002456009 -0.9807853 0.1950755 0.002456009 -0.9238796 0.3826534 0.004817664 -0.923879 0.3826544 0.004817664 -0.8314706 0.555525 0.006994128 -0.8314698 0.555526 0.006994068 -0.7071075 0.7070502 0.008901834 -0.7071067 0.707051 0.008901834 -0.5555702 0.8314039 0.01046741 -0.5555692 0.8314045 0.01046746 -0.3826845 0.9238058 0.01163077 -0.3826833 0.9238064 0.01163077 -0.1950911 0.9807075 0.01234722 -0.1950898 0.9807077 0.01234716 -6.10062e-7 0.9999208 0.01258909 5.90997e-7 0.9999208 0.01258909 0.1950898 0.9807077 0.01234716 0.195091 0.9807074 0.01234722 0.3826833 0.9238063 0.01163077 0.3826846 0.9238059 0.01163083 0.555569 0.8314046 0.01046746 0.5555703 0.8314039 0.01046746 0.7071065 0.7070512 0.008901834 0.7071073 0.7070503 0.008901774 0.83147 0.5555257 0.006994128 0.8314703 0.5555251 0.006994068 0.9238792 0.3826541 0.004817664 0.9238795 0.3826534 0.004817605 0.9807851 0.1950756 0.002456009 0.9807855 0.1950743 0.002456009 1 6.29126e-7 0 1 -9.19858e-7 0 0.9807855 -0.1950743 -0.002456009 0.9807851 -0.1950761 -0.002456009 0.9238799 -0.3826526 -0.004817605 0.9238792 -0.3826543 -0.004817664 0.8314706 -0.555525 -0.006994128 0.8314699 -0.5555258 -0.006994128 0.707107 -0.7070506 -0.008901834 0.7071062 -0.7070513 -0.008901834 0.5555704 -0.8314037 -0.01046746 0.5555691 -0.8314046 -0.01046746 0.3826832 -0.9238065 -0.01163077 0.3826819 -0.923807 -0.01163083 0.1950909 -0.9807074 -0.01234716 0.1950897 -0.9807078 -0.01234722 6.10061e-7 -0.9999208 -0.01258903 -6.38659e-7 -0.9999208 -0.01258915 -0.1950897 -0.9807078 -0.01234716 -0.1950909 -0.9807074 -0.01234728 -0.3826819 -0.923807 -0.01163077 -0.3826832 -0.9238065 -0.01163083 -0.5555694 -0.8314044 -0.01046746 -0.5555703 -0.8314037 -0.01046746 -0.7071063 -0.7070513 -0.008901834 -0.7071071 -0.7070505 -0.008901834 -0.83147 -0.5555259 -0.006994128 -0.8314705 -0.555525 -0.006994128 -0.9238794 -0.3826538 -0.004817664 -0.9238796 -0.3826532 -0.004817605 0 0.01258879 -0.9999209 0 0.01258879 -0.9999209 0 0.01258927 -0.9999209 0 0.01258927 -0.9999209 0 0.01258879 -0.9999209 0 0.01258879 -0.9999209 0 0.01258856 -0.9999209 0 0.01258856 -0.9999209 0 0.01258963 -0.9999209 0 0.01258963 -0.9999209 0 0.01259022 -0.9999209 0 0.01258862 -0.9999209 0 0.01258862 -0.9999209 0 0.01258909 -0.9999209 0 0.01258915 -0.9999209 0 0.01259148 -0.9999207 0 0.01259154 -0.9999208 0 0.01257854 -0.999921 0 0.0125885 -0.9999209 0 0.01258969 -0.9999209 0 0.01258969 -0.9999209 0 0.01259016 -0.9999209 0 0.01259016 -0.9999209 0 0.01258862 -0.9999209 0 0.01258862 -0.9999209 0 0.01258915 -0.9999209 0 0.01258909 -0.9999209 0 0.01259142 -0.9999207 0 0.01259136 -0.9999207 0 0.01257896 -0.9999209 -0.9829738 -0.1837317 -0.002313196 -0.9829729 -0.1837366 -0.002313256 -1 2.3437e-6 0 -1 -2.31512e-6 0 -0.9829729 0.1837366 0.002313256 -0.9829738 0.1837318 0.002313196 -0.9324712 0.3612157 0.004547715 -0.9324731 0.361211 0.004547655 -0.8502154 0.5263934 0.006627321 -0.8502179 0.5263893 0.006627202 -0.7390078 0.6736435 0.008481204 -0.7390107 0.6736403 0.008481204 -0.6026329 0.7979554 0.01004642 -0.6026363 0.7979528 0.01004642 -0.4457359 0.8950936 0.01126933 -0.4457401 0.8950915 0.01126939 -0.2736616 0.9617499 0.01210874 -0.2736662 0.9617486 0.01210856 -0.09226632 0.9956555 0.01253557 -0.09227102 0.9956551 0.01253533 0.09227097 0.9956551 0.01253551 0.09226638 0.9956555 0.01253551 0.273666 0.9617486 0.0121085 0.2736617 0.9617498 0.01210862 0.44574 0.8950917 0.01126933 0.4457359 0.8950936 0.01126939 0.6026366 0.7979527 0.0100463 0.6026326 0.7979556 0.01004636 0.7390108 0.6736402 0.008481204 0.7390076 0.6736438 0.008481323 0.8502178 0.5263895 0.006627261 0.8502154 0.5263934 0.006627261 0.9324731 0.3612111 0.004547655 0.9324712 0.3612158 0.004547715 0.9829738 0.1837317 0.002313196 0.9829729 0.1837366 0.002313256 1 -2.34847e-6 0 1 2.53425e-6 0 0.9829728 -0.1837365 -0.002313256 0.9829738 -0.1837317 -0.002313196 0.9324712 -0.3612158 -0.004547715 0.9324731 -0.3612111 -0.004547655 0.8502153 -0.5263934 -0.006627321 0.8502179 -0.5263894 -0.006627261 0.7390068 -0.6736447 -0.008481323 0.73901 -0.6736412 -0.008481204 0.6026337 -0.7979548 -0.01004642 0.6026373 -0.797952 -0.01004618 0.4457369 -0.8950931 -0.01126933 0.4457409 -0.8950911 -0.01126927 0.2736591 -0.9617506 -0.01210856 0.2736636 -0.9617493 -0.01210868 0.09226495 -0.9956556 -0.01253551 0.09226971 -0.9956552 -0.01253551 -0.09226959 -0.9956552 -0.01253551 -0.09226495 -0.9956556 -0.01253533 -0.2736636 -0.9617493 -0.01210844 -0.273659 -0.9617506 -0.0121085 -0.4457412 -0.8950909 -0.01126945 -0.4457369 -0.8950931 -0.01126939 -0.6026375 -0.797952 -0.01004648 -0.6026337 -0.7979547 -0.01004624 -0.7390098 -0.6736413 -0.008481204 -0.7390068 -0.6736446 -0.008481204 -0.8502177 -0.5263895 -0.006627321 -0.8502154 -0.5263934 -0.006627321 -0.9324731 -0.3612109 -0.004547655 -0.9324713 -0.3612155 -0.004547715 3.31563e-7 0.01258891 -0.9999209 0 0.01258891 -0.9999209 0 0.01258933 -0.9999209 0 0.01258933 -0.9999209 0 0.01258891 -0.9999209 -8.28102e-7 0.01258891 -0.9999209 0 0.01258897 -0.9999209 -2.15779e-7 0.01258909 -0.9999209 6.53033e-7 0.01258909 -0.9999209 -1.18507e-6 0.01258891 -0.9999209 -6.19061e-7 0.01258879 -0.9999209 -2.57821e-7 0.01258879 -0.9999209 9.84379e-7 0.01258897 -0.9999209 5.3776e-7 0.01258939 -0.9999209 5.43367e-7 0.01258945 -0.9999209 5.06787e-7 0.01258933 -0.9999209 7.58087e-7 0.01258903 -0.9999208 7.30615e-7 0.01258873 -0.9999209 0 0.01258862 -0.9999208 -2.74002e-7 0.01258873 -0.9999209 -2.2748e-7 0.01258903 -0.9999208 0 0.01258933 -0.9999209 -5.43367e-7 0.01258945 -0.9999209 -3.31478e-7 0.01258939 -0.9999209 -7.26731e-7 0.01258897 -0.9999209 1.46435e-7 0.01258879 -0.9999209 0 0.01258879 -0.9999209 5.92534e-7 0.01258891 -0.9999209 -6.53033e-7 0.01258909 -0.9999209 2.1578e-7 0.01258909 -0.9999209 0 0.01258897 -0.9999209 8.28102e-7 0.01258891 -0.9999209 -3.31563e-7 0.01258891 -0.9999209 0 0.01258891 -0.9999209 0 0.01258927 -0.9999208 0 0.01258891 -0.9999209 0 0.01258891 -0.9999209 0 0.01258891 -0.9999209 3.48111e-7 0.01258891 -0.9999209 4.98671e-7 0.01258927 -0.9999209 0 0.01258933 -0.9999209 1.55898e-7 0.01258951 -0.9999209 -9.94794e-7 0.01258945 -0.9999209 -2.69881e-7 0.01258921 -0.9999209 -1.3585e-6 0.01258927 -0.9999209 -2.68881e-7 0.01258921 -0.9999209 3.73168e-7 0.01258915 -0.9999209 3.10066e-7 0.01258915 -0.9999209 0 0.01258921 -0.9999209 -6.62114e-7 0.01258909 -0.9999209 0 0.01258891 -0.9999208 6.62114e-7 0.01258909 -0.9999209 0 0.01258921 -0.9999209 -3.10066e-7 0.01258915 -0.9999209 -3.73168e-7 0.01258909 -0.9999209 2.68881e-7 0.01258915 -0.9999209 1.3585e-6 0.01258927 -0.9999209 6.62644e-7 0.01258921 -0.9999209 1.49713e-6 0.01258945 -0.9999209 0 0.01258951 -0.9999209 -4.07138e-7 0.01258933 -0.9999209 -8.53895e-7 0.01258927 -0.9999209 0 0.01258891 -0.9999209 4.47987e-7 0.01258891 -0.9999209 0 0.01258891 -0.9999209 -2.01779e-5 0.01259005 -0.9999209 -7.68737e-6 0.01258683 -0.9999209 -1.75112e-6 0.01258891 -0.9999209 2.47674e-6 0.01258784 -0.9999209 6.09212e-7 0.01258987 -0.9999209 -3.40775e-7 0.01258915 -0.9999209 -6.85144e-7 0.01258921 -0.9999209 -1.84219e-6 0.01258891 -0.9999209 0 0.01258897 -0.9999208 0 0.01258921 -0.9999209 -2.37118e-7 0.01258921 -0.9999209 -3.61125e-7 0.01258844 -0.9999209 0 0.01258903 -0.9999208 6.29739e-7 0.01258903 -0.9999209 6.34721e-6 0.01258897 -0.9999209 8.16141e-7 0.01258909 -0.9999209 -5.70529e-7 0.01258903 -0.9999209 -1.56844e-6 0.01258903 -0.9999209 1.25493e-7 0.01258867 -0.9999209 5.91205e-7 0.01258903 -0.9999209 0 0.01258915 -0.9999209 6.50716e-7 0.01258915 -0.9999209 0 0.01258903 -0.9999209 -3.72901e-7 0.01258915 -0.9999209 1.40687e-7 0.01258921 -0.9999209 -1.46317e-7 0.01258909 -0.9999209 1.34308e-6 0.01258939 -0.9999209 1.90299e-6 0.01258921 -0.9999209 -5.92865e-7 0.01258873 -0.9999209 -2.47637e-7 0.01258897 -0.9999209 4.88926e-7 0.01258814 -0.9999209 3.20629e-7 0.01258921 -0.9999209 -1.74785e-6 0.01258927 -0.9999209 9.65701e-7 0.01258933 -0.9999209 -6.00512e-7 0.0125885 -0.9999209 -4.1587e-7 0.01258903 -0.9999209 0 0.01258921 -0.9999208 5.97193e-7 0.01258909 -0.9999209 1.97297e-7 0.01258879 -0.9999209 -6.69756e-7 0.01258927 -0.9999209 2.46189e-6 0.01258921 -0.9999209 -1.31615e-6 0.01258921 -0.9999209 1.28412e-6 0.01258903 -0.9999209 -3.03542e-6 0.01258915 -0.9999209 -1.67776e-5 0.01258915 -0.9999209 -1.79795e-5 0.01258915 -0.9999208 1.54488e-6 0.01258826 -0.9999209 1.25727e-5 0.01259005 -0.9999209 -1.00891e-5 0.01258891 -0.9999208 1 1.81273e-5 4.0934e-6 1 3.56495e-5 -2.96218e-5 0.9510602 0.3089812 0.003884851 0.9510563 0.3089935 0.003890216 0.809027 0.5877249 0.007416129 0.8090174 0.5877382 0.007399678 0.5877726 0.8089616 0.01021826 0.5877834 0.8089543 0.01018482 0.3089964 0.9509872 0.01202678 0.3090155 0.9509817 0.0119729 3.78122e-5 0.9999204 0.01262515 2.66284e-5 0.9999209 0.01258903 2.14387e-5 -0.9999207 -0.01259577 0.3089945 -0.9509886 -0.01196622 3.15234e-5 -0.9930137 0.1179994 0.3089299 -0.9444314 0.1123024 2.84463e-5 -0.9691168 0.2466027 0.3089296 -0.9216974 0.2345982 3.05101e-5 -0.9286269 0.371015 0.3089317 -0.8831909 0.3528953 3.43248e-5 -0.8722463 0.489067 0.3089298 -0.8296035 0.4651026 2.61292e-5 -0.8009844 0.5986853 0.3088772 -0.7618162 0.5694128 2.54661e-5 -0.7159992 0.6981011 0.3088294 -0.6809397 0.6640373 2.81259e-5 -0.6187173 0.7856138 0.3089774 -0.5884029 0.7472047 2.8789e-5 -0.5108677 0.8596593 0.3089745 -0.4858905 0.8175851 3.08082e-5 -0.3942888 0.9189866 0.3090249 -0.3750006 0.8740013 2.63453e-5 -0.2709941 0.9625811 0.3089718 -0.2576994 0.9154931 2.81408e-5 -0.1430074 0.9897217 0.3089318 -0.1360019 0.9413101 2.7962e-5 -0.01259428 0.9999208 0.3089797 -0.01199918 0.950993 2.82526e-5 0.1180003 0.9930136 0.3089292 0.112302 0.9444316 2.61962e-5 0.2466031 0.9691166 0.3089274 0.2345986 0.9216981 3.00929e-5 0.3710165 0.9286264 0.3088823 0.3529006 0.883206 2.80738e-5 0.489067 0.8722462 0.3089251 0.4651045 0.8296043 2.75597e-5 0.5986848 0.8009849 0.3089783 0.5693932 0.7617899 3.016e-5 0.6981013 0.7159991 0.3089787 0.6640043 0.6809042 3.10168e-5 0.785614 0.618717 0.3089753 0.7472049 0.5884039 3.02419e-5 0.8596593 0.510868 0.3089783 0.8175836 0.4858906 2.91839e-5 0.9189864 0.3942894 0.3089287 0.8740304 0.3750118 2.72021e-5 0.9625812 0.2709938 0.3089775 0.9154914 0.2576984 2.87294e-5 0.9897223 0.1430034 0.3089796 0.9412949 0.1359987 0.5877795 0.8007053 0.1157004 0.8089633 0.5818121 0.08410185 0.9510743 0.3057847 0.04419916 1 2.69189e-5 8.18074e-6 0.9510527 0.2974795 0.08369421 1 2.33203e-6 2.24449e-6 0.9510611 0.2839871 0.1217951 1 1.16676e-5 3.04542e-6 0.9510376 0.2656986 0.1578983 1 -2.29478e-6 3.25218e-6 0.9510297 0.2428405 0.1912359 1 1.60113e-5 1.4171e-5 0.951054 0.2156947 0.2212963 1 2.77087e-5 3.18214e-5 0.9510603 0.1850023 0.2475044 1 1.55345e-6 3.47942e-6 0.9510723 0.1511033 0.2694983 0.9510442 0.1146935 0.2869851 0.8089948 0.2875038 0.5127077 0.8090242 0.2180781 0.5458222 0.587737 0.3956916 0.7056865 0.5877777 0.3001644 0.7512782 0.5877739 -0.8089611 -0.01019591 0.5877786 -0.8033659 0.09549641 0.5877797 -0.7840353 0.1995092 0.5877787 -0.7512682 0.3001872 0.5877774 -0.7056604 0.3956783 0.5877829 -0.647982 0.4843868 0.5877802 -0.5792185 0.5648189 0.5878217 -0.5004915 0.6355894 0.5877766 -0.4132943 0.6954903 0.5877369 -0.3190033 0.7435069 0.5877786 -0.2191902 0.7787632 0.5877815 -0.1157009 0.8007037 0.5877808 -0.01019853 0.808956 0.5877804 0.09549659 0.8033647 0.5877792 0.1995095 0.7840355 0.8090271 -0.587725 -0.007375836 0.8089938 -0.5837059 0.06940144 0.8089932 -0.5696504 0.1450124 0.809023 -0.5458132 0.2181051 0.8089944 -0.5127079 0.2875044 0.8089944 -0.4708282 0.351922 0.8089634 -0.420896 0.410396 0.8089939 -0.363696 0.4617943 0.8089926 -0.3003093 0.5053171 0.8089956 -0.2317927 0.5401837 0.8089947 -0.1593053 0.5658175 0.8089627 -0.08410143 0.5818131 0.8089626 -0.007397592 0.5878137 0.8089923 0.06940084 0.5837081 0.8089929 0.1450122 0.5696508 0.9510589 -0.3089849 -0.003903329 0.9510279 -0.3069425 0.03650248 0.951053 -0.2994871 0.07619613 0.9510285 -0.2870302 0.1147101 0.9510691 -0.2695091 0.1511048 0.9510602 -0.2475042 0.1850033 0.9510536 -0.2211973 0.2157982 0.9510436 -0.1912067 0.2428087 0.9510729 -0.1578869 0.2655791 0.9510586 -0.1217984 0.2839941 0.9510508 -0.0836966 0.2974854 0.9510293 -0.04420363 0.3059239 0.9510527 -0.003899931 0.3090042 0.9510767 0.03649938 0.3067915 0.9510512 0.0761981 0.2994922 1 -2.23666e-5 -7.88085e-6 1 -3.21667e-5 1.38395e-6 1 -2.41213e-6 -4.58583e-6 1 -1.192e-5 -3.96743e-6 1 -7.28294e-7 1.54227e-6 1 -1.6598e-5 1.31652e-5 1 -2.37292e-5 3.49805e-5 1 -3.02494e-6 2.94298e-6 1 -1.30385e-5 2.71145e-5 1 -4.27291e-6 -3.26149e-6 1 -9.84594e-6 1.04532e-5 1 2.65613e-6 1.9636e-5 1 -2.87592e-6 -1.62795e-6 1 1.30683e-5 2.68891e-5 0.8089934 0.3519229 0.470829 0.8089644 0.4103964 0.4208939 0.8089941 0.4617947 0.3636956 0.8089933 0.505316 0.3003094 0.8089923 0.5401872 0.2317955 0.8089928 0.5658202 0.1593053 0.5877798 0.4843885 0.6479836 0.5877787 0.5648196 0.5792194 0.5877759 0.6356155 0.5005121 0.5877797 0.695488 0.4132936 0.587736 0.7435077 0.3190028 0.5877794 0.7787626 0.2191902 3.48389e-5 -0.9999209 -0.01258897 0.3090172 -0.9509811 -0.0119729 0.5877862 -0.8089523 -0.0101847 0.8090187 -0.5877364 -0.007399559 0.9510566 -0.3089926 -0.003890156 1 -1.01551e-5 -1.23051e-7 0 -0.9999208 -0.01258909 0 -0.999921 -0.01257514 0 -0.9930096 0.1180337 0 -0.9691078 0.2466377 0 -0.9286248 0.3710206 0 -0.872251 0.4890586 0 -0.8009529 0.5987274 0 -0.7159534 0.6981482 0 -0.6187016 0.7856262 0 -0.510863 0.8596622 0 -0.3942834 0.918989 0 -0.2709588 0.9625909 0 -0.1430015 0.9897226 0 -0.01258957 0.9999209 0 0.1180367 0.9930093 0 0.2466375 0.9691078 0 0.3710216 0.9286242 0 0.4890585 0.8722511 0 0.5987254 0.8009544 0 0.698148 0.7159535 0 0.7856265 0.6187012 0 0.8596619 0.5108636 0 0.9189884 0.394285 0 0.9625908 0.2709599 0 0.989723 0.142998 1.12817e-5 0.9999204 0.01262038 0 0.9999209 0.01258915 -1 -7.3381e-7 0 -1 0 0 -1 0 0 -1 0 0 -1 0 0 -1 0 0 -1 -3.67526e-7 0 -1 0 0 -1 2.97137e-7 0 -1 -1.99751e-7 0 -1 -2.07664e-7 0 -1 2.02753e-7 0 -1 -2.00396e-7 0 -1 -2.10307e-7 0 -1 1.86731e-7 0 -1 0 0 -1 0 0 -1 1.27507e-7 0 -1 0 0 -1 0 0 -1 0 0 -1 0 0 -1 0 0 -1 0 0 -1 0 0 -1 -3.38065e-7 0 -1 0 0 -1 -6.23636e-7 0 -1 0 0 -1 -3.20831e-7 0 -1 0 0 -1 0 0 -1 0 0 -1 -1.43661e-7 0 -1 0 0 -1 -1.3827e-7 0 -1 0 0 -1 0 0 -1 0 0 -1 0 0 -1 -2.43335e-7 0 -1 0 0 -1 -2.06689e-7 0 -1 0 0 -1 -2.66541e-7 0 -1 0 0 -1 0 0</float_array>
          <technique_common>
            <accessor source="#MPO-700_DLR_Simu_V2_4_6_MPO-700_DLR_Gearbox_V2_4_6-mesh-normals-array" count="701" stride="3">
              <param name="X" type="float"/>
              <param name="Y" type="float"/>
              <param name="Z" type="float"/>
            </accessor>
          </technique_common>
        </source>
        <source id="MPO-700_DLR_Simu_V2_4_6_MPO-700_DLR_Gearbox_V2_4_6-mesh-map-0">
          <float_array id="MPO-700_DLR_Simu_V2_4_6_MPO-700_DLR_Gearbox_V2_4_6-mesh-map-0-array" count="5112">-2.151925 0.457406 -2.2 0 -1.5 0 -1.5 0 -2.2 0 -2.151925 -0.457406 -1.5 0 -2.151925 -0.457406 -1.452875 -0.373035 -1.452875 -0.373035 -2.151925 -0.457406 -2.0098 -0.894821 -1.452875 -0.373035 -2.0098 -0.894821 -1.31446 -0.722631 -1.31446 -0.722631 -2.0098 -0.894821 -1.779837 -1.293128 -1.31446 -0.722631 -1.779837 -1.293128 -1.093453 -1.026821 -1.093453 -1.026821 -1.779837 -1.293128 -1.472087 -1.634919 -1.093453 -1.026821 -1.472087 -1.634919 -0.80374 -1.266492 -0.80374 -1.266492 -1.472087 -1.634919 -1.1 -1.905256 -0.80374 -1.266492 -1.1 -1.905256 -0.463526 -1.426585 -0.463526 -1.426585 -1.1 -1.905256 -0.679837 -2.092324 -0.463526 -1.426585 -0.679837 -2.092324 -0.229963 -2.187948 -0.463526 -1.426585 -0.229963 -2.187948 -0.094186 -1.49704 -0.094186 -1.49704 -0.229963 -2.187948 0.229963 -2.187948 -0.094186 -1.49704 0.229963 -2.187948 0.281072 -1.473431 0.281072 -1.473431 0.229963 -2.187948 0.679837 -2.092324 0.281072 -1.473431 0.679837 -2.092324 0.638669 -1.357241 0.638669 -1.357241 0.679837 -2.092324 1.1 -1.905256 0.638669 -1.357241 1.1 -1.905256 0.956136 -1.15577 0.956136 -1.15577 1.1 -1.905256 1.472087 -1.634919 0.956136 -1.15577 1.472087 -1.634919 1.213526 -0.881678 1.213526 -0.881678 1.472087 -1.634919 1.779837 -1.293128 1.213526 -0.881678 1.779837 -1.293128 2.0098 -0.894821 1.213526 -0.881678 2.0098 -0.894821 1.394665 -0.552187 1.394665 -0.552187 2.0098 -0.894821 2.151925 -0.457406 1.394665 -0.552187 2.151925 -0.457406 1.488172 -0.188 1.488172 -0.188 2.151925 -0.457406 2.2 0 1.488172 -0.188 2.2 0 1.488172 0.188 1.488172 0.188 2.2 0 2.151925 0.457406 1.488172 0.188 2.151925 0.457406 1.394665 0.552187 1.394665 0.552187 2.151925 0.457406 2.0098 0.894821 1.394665 0.552187 2.0098 0.894821 1.213526 0.881678 1.213526 0.881678 2.0098 0.894821 1.779837 1.293128 1.213526 0.881678 1.779837 1.293128 1.472087 1.634919 1.213526 0.881678 1.472087 1.634919 0.956136 1.15577 0.956136 1.15577 1.472087 1.634919 1.1 1.905256 0.956136 1.15577 1.1 1.905256 0.638669 1.357241 0.638669 1.357241 1.1 1.905256 0.679837 2.092324 0.638669 1.357241 0.679837 2.092324 0.281072 1.473431 0.281072 1.473431 0.679837 2.092324 0.229963 2.187948 0.281072 1.473431 0.229963 2.187948 -0.094186 1.49704 -0.094186 1.49704 0.229963 2.187948 -0.229963 2.187948 -0.094186 1.49704 -0.229963 2.187948 -0.463526 1.426585 -0.463526 1.426585 -0.229963 2.187948 -0.679837 2.092324 -0.463526 1.426585 -0.679837 2.092324 -1.1 1.905256 -0.463526 1.426585 -1.1 1.905256 -0.80374 1.266492 -0.80374 1.266492 -1.1 1.905256 -1.472087 1.634919 -0.80374 1.266492 -1.472087 1.634919 -1.093453 1.026821 -1.093453 1.026821 -1.472087 1.634919 -1.779837 1.293128 -1.093453 1.026821 -1.779837 1.293128 -1.31446 0.722631 -1.31446 0.722631 -1.779837 1.293128 -2.0098 0.894821 -1.31446 0.722631 -2.0098 0.894821 -1.452875 0.373035 -1.452875 0.373035 -2.0098 0.894821 -2.151925 0.457406 -1.452875 0.373035 -2.151925 0.457406 -1.5 0 -1 6.450737 0 6.450737 -1 6.911504 -1 6.911504 0 6.450737 0 6.911504 -1 -6.911504 0 -6.911504 -1 -6.450737 -1 -6.450737 0 -6.911504 0 -6.450737 -1 -6.450737 0 -6.450737 -1 -5.98997 -1 -5.98997 0 -6.450737 0 -5.98997 -1 -5.98997 0 -5.98997 -1 -5.529203 -1 -5.529203 0 -5.98997 0 -5.529203 -1 -5.529203 0 -5.529203 -1 -5.068437 -1 -5.068437 0 -5.529203 0 -5.068437 -1 -5.068437 0 -5.068437 -1 -4.607669 -1 -4.607669 0 -5.068437 0 -4.607669 -1 -4.607669 0 -4.607669 -1 -4.146903 -1 -4.146903 0 -4.607669 0 -4.146903 -1 -4.146903 0 -4.146903 -1 -3.686136 -1 -3.686136 0 -4.146903 0 -3.686136 -1 -3.686136 0 -3.686136 -1 -3.225368 -1 -3.225368 0 -3.686136 0 -3.225368 -1 -3.225368 0 -3.225368 -1 -2.764602 -1 -2.764602 0 -3.225368 0 -2.764602 -1 -2.764602 0 -2.764602 -1 -2.303835 -1 -2.303835 0 -2.764602 0 -2.303835 -1 -2.303835 0 -2.303835 -1 -1.843068 -1 -1.843068 0 -2.303835 0 -1.843068 -1 -1.843068 0 -1.843068 -1 -1.382301 -1 -1.382301 0 -1.843068 0 -1.382301 -1 -1.382301 0 -1.382301 -1 -0.921534 -1 -0.921534 0 -1.382301 0 -0.921534 -1 -0.921534 0 -0.921534 -1 -0.460767 -1 -0.460767 0 -0.921534 0 -0.460767 -1 -0.460767 0 -0.460767 -1 0 -1 0 0 -0.460767 0 0 -1 0 0 0 -1 0.460767 -1 0.460767 0 0 0 0.460767 -1 0.460767 0 0.460767 -1 0.921534 -1 0.921534 0 0.460767 0 0.921534 -1 0.921534 0 0.921534 -1 1.382301 -1 1.382301 0 0.921534 0 1.382301 -1 1.382301 0 1.382301 -1 1.843068 -1 1.843068 0 1.382301 0 1.843068 -1 1.843068 0 1.843068 -1 2.303835 -1 2.303835 0 1.843068 0 2.303835 -1 2.303835 0 2.303835 -1 2.764602 -1 2.764602 0 2.303835 0 2.764602 -1 2.764602 0 2.764602 -1 3.225368 -1 3.225368 0 2.764602 0 3.225368 -1 3.225368 0 3.225368 -1 3.686136 -1 3.686136 0 3.225368 0 3.686136 -1 3.686136 0 3.686136 -1 4.146903 -1 4.146903 0 3.686136 0 4.146903 -1 4.146903 0 4.146903 -1 4.607669 -1 4.607669 0 4.146903 0 4.607669 -1 4.607669 0 4.607669 -1 5.068437 -1 5.068437 0 4.607669 0 5.068437 -1 5.068437 0 5.068437 -1 5.529203 -1 5.529203 0 5.068437 0 5.529203 -1 5.529203 0 5.529203 -1 5.98997 -1 5.98997 0 5.529203 0 5.98997 -1 5.98997 0 5.98997 -1 6.450737 -1 6.450737 0 5.98997 0 6.450737 2.151925 0.457406 -2.151925 0.457406 2.2 0 2.2 0 -2.151925 0.457406 -2.2 0 2.2 0 -2.2 0 2.151925 -0.457406 2.151925 -0.457406 -2.2 0 -2.151925 -0.457406 2.151925 -0.457406 -2.151925 -0.457406 2.0098 -0.894821 2.0098 -0.894821 -2.151925 -0.457406 -2.0098 -0.894821 2.0098 -0.894821 -2.0098 -0.894821 1.779837 -1.293128 1.779837 -1.293128 -2.0098 -0.894821 -1.779837 -1.293128 1.779837 -1.293128 -1.779837 -1.293128 1.472087 -1.634919 1.472087 -1.634919 -1.779837 -1.293128 -1.472087 -1.634919 1.472087 -1.634919 -1.472087 -1.634919 1.1 -1.905256 1.1 -1.905256 -1.472087 -1.634919 -1.1 -1.905256 1.1 -1.905256 -1.1 -1.905256 0.679837 -2.092324 0.679837 -2.092324 -1.1 -1.905256 -0.679837 -2.092324 0.679837 -2.092324 -0.679837 -2.092324 0.229963 -2.187948 0.229963 -2.187948 -0.679837 -2.092324 -0.229963 -2.187948 -2.151925 0.457406 2.151925 0.457406 -2.0098 0.894821 -2.0098 0.894821 2.151925 0.457406 2.0098 0.894821 -2.0098 0.894821 2.0098 0.894821 -1.779837 1.293128 -1.779837 1.293128 2.0098 0.894821 1.779837 1.293128 -1.779837 1.293128 1.779837 1.293128 -1.472087 1.634919 -1.472087 1.634919 1.779837 1.293128 1.472087 1.634919 -1.472087 1.634919 1.472087 1.634919 -1.1 1.905256 -1.1 1.905256 1.472087 1.634919 1.1 1.905256 -1.1 1.905256 1.1 1.905256 -0.679837 2.092324 -0.679837 2.092324 1.1 1.905256 0.679837 2.092324 -0.679837 2.092324 0.679837 2.092324 -0.229963 2.187948 -0.229963 2.187948 0.679837 2.092324 0.229963 2.187948 -0.1299999 4.335398 0 4.335398 -0.1299999 4.712389 -0.1299999 4.712389 0 4.335398 0 4.712389 -0.1299999 -4.712389 0 -4.712389 -0.1299999 -4.335398 -0.1299999 -4.335398 0 -4.712389 0 -4.335398 -0.1299999 -4.335398 0 -4.335398 -0.1299999 -3.958406 -0.1299999 -3.958406 0 -4.335398 0 -3.958406 -0.1299999 -3.958406 0 -3.958406 -0.1299999 -3.581416 -0.1299999 -3.581416 0 -3.958406 0 -3.581416 -0.1299999 -3.581416 0 -3.581416 -0.1299999 -3.204424 -0.1299999 -3.204424 0 -3.581416 0 -3.204424 -0.1299999 -3.204424 0 -3.204424 -0.1299999 -2.827434 -0.1299999 -2.827434 0 -3.204424 0 -2.827434 -0.1299999 -2.827434 0 -2.827434 -0.1299999 -2.450442 -0.1299999 -2.450442 0 -2.827434 0 -2.450442 -0.1299999 -2.450442 0 -2.450442 -0.1299999 -2.073451 -0.1299999 -2.073451 0 -2.450442 0 -2.073451 -0.1299999 -2.073451 0 -2.073451 -0.1299999 -1.69646 -0.1299999 -1.69646 0 -2.073451 0 -1.69646 -0.1299999 -1.69646 0 -1.69646 -0.1299999 -1.319469 -0.1299999 -1.319469 0 -1.69646 0 -1.319469 -0.1299999 -1.319469 0 -1.319469 -0.1299999 -0.942478 -0.1299999 -0.942478 0 -1.319469 0 -0.942478 -0.1299999 -0.942478 0 -0.942478 -0.1299999 -0.565487 -0.1299999 -0.565487 0 -0.942478 0 -0.565487 -0.1299999 -0.565487 0 -0.565487 -0.1299999 -0.1884959 -0.1299999 -0.1884959 0 -0.565487 0 -0.1884959 -0.1299999 -0.1884959 0 -0.1884959 -0.1299999 0.1884959 -0.1299999 0.1884959 0 -0.1884959 0 0.1884959 -0.1299999 0.1884959 0 0.1884959 -0.1299999 0.565487 -0.1299999 0.565487 0 0.1884959 0 0.565487 -0.1299999 0.565487 0 0.565487 -0.1299999 0.942478 -0.1299999 0.942478 0 0.565487 0 0.942478 -0.1299999 0.942478 0 0.942478 -0.1299999 1.319469 -0.1299999 1.319469 0 0.942478 0 1.319469 -0.1299999 1.319469 0 1.319469 -0.1299999 1.69646 -0.1299999 1.69646 0 1.319469 0 1.69646 -0.1299999 1.69646 0 1.69646 -0.1299999 2.073451 -0.1299999 2.073451 0 1.69646 0 2.073451 -0.1299999 2.073451 0 2.073451 -0.1299999 2.450442 -0.1299999 2.450442 0 2.073451 0 2.450442 -0.1299999 2.450442 0 2.450442 -0.1299999 2.827434 -0.1299999 2.827434 0 2.450442 0 2.827434 -0.1299999 2.827434 0 2.827434 -0.1299999 3.204424 -0.1299999 3.204424 0 2.827434 0 3.204424 -0.1299999 3.204424 0 3.204424 -0.1299999 3.581416 -0.1299999 3.581416 0 3.204424 0 3.581416 -0.1299999 3.581416 0 3.581416 -0.1299999 3.958406 -0.1299999 3.958406 0 3.581416 0 3.958406 -0.1299999 3.958406 0 3.958406 -0.1299999 4.335398 -0.1299999 4.335398 0 3.958406 0 4.335398 -5.2 7.363108 0 7.363108 -5.2 7.853982 -5.2 7.853982 0 7.363108 0 7.853982 -5.2 -7.853982 0 -7.853982 -5.2 -7.363108 -5.2 -7.363108 0 -7.853982 0 -7.363108 -5.2 -7.363108 0 -7.363108 -5.2 -6.872234 -5.2 -6.872234 0 -7.363108 0 -6.872234 -5.2 -6.872234 0 -6.872234 -5.2 -6.38136 -5.2 -6.38136 0 -6.872234 0 -6.38136 -5.2 -6.38136 0 -6.38136 -5.2 -5.890486 -5.2 -5.890486 0 -6.38136 0 -5.890486 -5.2 -5.890486 0 -5.890486 -5.2 -5.399612 -5.2 -5.399612 0 -5.890486 0 -5.399612 -5.2 -5.399612 0 -5.399612 -5.2 -4.908739 -5.2 -4.908739 0 -5.399612 0 -4.908739 -5.2 -4.908739 0 -4.908739 -5.2 -4.417865 -5.2 -4.417865 0 -4.908739 0 -4.417865 -5.2 -4.417865 0 -4.417865 -5.2 -3.926991 -5.2 -3.926991 0 -4.417865 0 -3.926991 -5.2 -3.926991 0 -3.926991 -5.2 -3.436117 -5.2 -3.436117 0 -3.926991 0 -3.436117 -5.2 -3.436117 0 -3.436117 -5.2 -2.945243 -5.2 -2.945243 0 -3.436117 0 -2.945243 -5.2 -2.945243 0 -2.945243 -5.2 -2.454369 -5.2 -2.454369 0 -2.945243 0 -2.454369 -5.2 -2.454369 0 -2.454369 -5.2 -1.963495 -5.2 -1.963495 0 -2.454369 0 -1.963495 -5.2 -1.963495 0 -1.963495 -5.2 -1.472622 -5.2 -1.472622 0 -1.963495 0 -1.472622 -5.2 -1.472622 0 -1.472622 -5.2 -0.981748 -5.2 -0.981748 0 -1.472622 0 -0.981748 -5.2 -0.981748 0 -0.981748 -5.2 -0.490874 -5.2 -0.490874 0 -0.981748 0 -0.490874 -5.2 -0.490874 0 -0.490874 -5.2 0 -5.2 0 0 -0.490874 0 0 -5.2 0 0 0 -5.2 0.490874 -5.2 0.490874 0 0 0 0.490874 -5.2 0.490874 0 0.490874 -5.2 0.981748 -5.2 0.981748 0 0.490874 0 0.981748 -5.2 0.981748 0 0.981748 -5.2 1.472622 -5.2 1.472622 0 0.981748 0 1.472622 -5.2 1.472622 0 1.472622 -5.2 1.963495 -5.2 1.963495 0 1.472622 0 1.963495 -5.2 1.963495 0 1.963495 -5.2 2.454369 -5.2 2.454369 0 1.963495 0 2.454369 -5.2 2.454369 0 2.454369 -5.2 2.945243 -5.2 2.945243 0 2.454369 0 2.945243 -5.2 2.945243 0 2.945243 -5.2 3.436117 -5.2 3.436117 0 2.945243 0 3.436117 -5.2 3.436117 0 3.436117 -5.2 3.926991 -5.2 3.926991 0 3.436117 0 3.926991 -5.2 3.926991 0 3.926991 -5.2 4.417865 -5.2 4.417865 0 3.926991 0 4.417865 -5.2 4.417865 0 4.417865 -5.2 4.908739 -5.2 4.908739 0 4.417865 0 4.908739 -5.2 4.908739 0 4.908739 -5.2 5.399612 -5.2 5.399612 0 4.908739 0 5.399612 -5.2 5.399612 0 5.399612 -5.2 5.890486 -5.2 5.890486 0 5.399612 0 5.890486 -5.2 5.890486 0 5.890486 -5.2 6.38136 -5.2 6.38136 0 5.890486 0 6.38136 -5.2 6.38136 0 6.38136 -5.2 6.872234 -5.2 6.872234 0 6.38136 0 6.872234 -5.2 6.872234 0 6.872234 -5.2 7.363108 -5.2 7.363108 0 6.872234 0 7.363108 2.451963 0.487726 -2.451963 0.487726 2.5 0 2.5 0 -2.451963 0.487726 -2.5 0 2.5 0 -2.5 0 2.451963 -0.487726 2.451963 -0.487726 -2.5 0 -2.451963 -0.487726 2.451963 -0.487726 -2.451963 -0.487726 2.309699 -0.956709 2.309699 -0.956709 -2.451963 -0.487726 -2.309699 -0.956709 2.309699 -0.956709 -2.309699 -0.956709 2.078674 -1.388926 2.078674 -1.388926 -2.309699 -0.956709 -2.078674 -1.388926 2.078674 -1.388926 -2.078674 -1.388926 1.767767 -1.767767 1.767767 -1.767767 -2.078674 -1.388926 -1.767767 -1.767767 1.767767 -1.767767 -1.767767 -1.767767 1.388926 -2.078674 1.388926 -2.078674 -1.767767 -1.767767 -1.388926 -2.078674 1.388926 -2.078674 -1.388926 -2.078674 0.956709 -2.309699 0.956709 -2.309699 -1.388926 -2.078674 -0.956709 -2.309699 0.956709 -2.309699 -0.956709 -2.309699 0.487726 -2.451963 0.487726 -2.451963 -0.956709 -2.309699 -0.487726 -2.451963 0.487726 -2.451963 -0.487726 -2.451963 0 -2.5 -2.451963 0.487726 2.451963 0.487726 -2.309699 0.956709 -2.309699 0.956709 2.451963 0.487726 2.309699 0.956709 -2.309699 0.956709 2.309699 0.956709 -2.078674 1.388926 -2.078674 1.388926 2.309699 0.956709 2.078674 1.388926 -2.078674 1.388926 2.078674 1.388926 -1.767767 1.767767 -1.767767 1.767767 2.078674 1.388926 1.767767 1.767767 -1.767767 1.767767 1.767767 1.767767 -1.388926 2.078674 -1.388926 2.078674 1.767767 1.767767 1.388926 2.078674 -1.388926 2.078674 1.388926 2.078674 -0.956709 2.309699 -0.956709 2.309699 1.388926 2.078674 0.956709 2.309699 -0.956709 2.309699 0.956709 2.309699 -0.487726 2.451963 -0.487726 2.451963 0.956709 2.309699 0.487726 2.451963 -0.487726 2.451963 0.487726 2.451963 0 2.5 -1.7 8.574701 0 8.574701 -1.7 9.11062 -1.7 9.11062 0 8.574701 0 9.11062 -1.7 -9.11062 0 -9.11062 -1.7 -8.574701 -1.7 -8.574701 0 -9.11062 0 -8.574701 -1.7 -8.574701 0 -8.574701 -1.7 -8.038782 -1.7 -8.038782 0 -8.574701 0 -8.038782 -1.7 -8.038782 0 -8.038782 -1.7 -7.502863 -1.7 -7.502863 0 -8.038782 0 -7.502863 -1.7 -7.502863 0 -7.502863 -1.7 -6.966944 -1.7 -6.966944 0 -7.502863 0 -6.966944 -1.7 -6.966944 0 -6.966944 -1.7 -6.431026 -1.7 -6.431026 0 -6.966944 0 -6.431026 -1.7 -6.431026 0 -6.431026 -1.7 -5.895106 -1.7 -5.895106 0 -6.431026 0 -5.895106 -1.7 -5.895106 0 -5.895106 -1.7 -5.359188 -1.7 -5.359188 0 -5.895106 0 -5.359188 -1.7 -5.359188 0 -5.359188 -1.7 -4.823269 -1.7 -4.823269 0 -5.359188 0 -4.823269 -1.7 -4.823269 0 -4.823269 -1.7 -4.28735 -1.7 -4.28735 0 -4.823269 0 -4.28735 -1.7 -4.28735 0 -4.28735 -1.7 -3.751431 -1.7 -3.751431 0 -4.28735 0 -3.751431 -1.7 -3.751431 0 -3.751431 -1.7 -3.215513 -1.7 -3.215513 0 -3.751431 0 -3.215513 -1.7 -3.215513 0 -3.215513 -1.7 -2.679594 -1.7 -2.679594 0 -3.215513 0 -2.679594 -1.7 -2.679594 0 -2.679594 -1.7 -2.143675 -1.7 -2.143675 0 -2.679594 0 -2.143675 -1.7 -2.143675 0 -2.143675 -1.7 -1.607756 -1.7 -1.607756 0 -2.143675 0 -1.607756 -1.7 -1.607756 0 -1.607756 -1.7 -1.071838 -1.7 -1.071838 0 -1.607756 0 -1.071838 -1.7 -1.071838 0 -1.071838 -1.7 -0.535919 -1.7 -0.535919 0 -1.071838 0 -0.535919 -1.7 -0.535919 0 -0.535919 -1.7 0 -1.7 0 0 -0.535919 0 0 -1.7 0 0 0 -1.7 0.535919 -1.7 0.535919 0 0 0 0.535919 -1.7 0.535919 0 0.535919 -1.7 1.071838 -1.7 1.071838 0 0.535919 0 1.071838 -1.7 1.071838 0 1.071838 -1.7 1.607756 -1.7 1.607756 0 1.071838 0 1.607756 -1.7 1.607756 0 1.607756 -1.7 2.143675 -1.7 2.143675 0 1.607756 0 2.143675 -1.7 2.143675 0 2.143675 -1.7 2.679594 -1.7 2.679594 0 2.143675 0 2.679594 -1.7 2.679594 0 2.679594 -1.7 3.215513 -1.7 3.215513 0 2.679594 0 3.215513 -1.7 3.215513 0 3.215513 -1.7 3.751431 -1.7 3.751431 0 3.215513 0 3.751431 -1.7 3.751431 0 3.751431 -1.7 4.28735 -1.7 4.28735 0 3.751431 0 4.28735 -1.7 4.28735 0 4.28735 -1.7 4.823269 -1.7 4.823269 0 4.28735 0 4.823269 -1.7 4.823269 0 4.823269 -1.7 5.359188 -1.7 5.359188 0 4.823269 0 5.359188 -1.7 5.359188 0 5.359188 -1.7 5.895106 -1.7 5.895106 0 5.359188 0 5.895106 -1.7 5.895106 0 5.895106 -1.7 6.431026 -1.7 6.431026 0 5.895106 0 6.431026 -1.7 6.431026 0 6.431026 -1.7 6.966944 -1.7 6.966944 0 6.431026 0 6.966944 -1.7 6.966944 0 6.966944 -1.7 7.502863 -1.7 7.502863 0 6.966944 0 7.502863 -1.7 7.502863 0 7.502863 -1.7 8.038782 -1.7 8.038782 0 7.502863 0 8.038782 -1.7 8.038782 0 8.038782 -1.7 8.574701 -1.7 8.574701 0 8.038782 0 8.574701 2.451963 -0.487726 2.850622 -0.532874 2.5 0 2.5 0 2.850622 -0.532874 2.9 0 2.5 0 2.9 0 2.850622 0.532874 2.850622 -0.532874 2.451963 -0.487726 2.70417 -1.047601 2.70417 -1.047601 2.451963 -0.487726 2.309699 -0.956709 2.70417 -1.047601 2.309699 -0.956709 2.46563 -1.526653 2.46563 -1.526653 2.309699 -0.956709 2.078674 -1.388926 2.46563 -1.526653 2.078674 -1.388926 2.143126 -1.953717 2.143126 -1.953717 2.078674 -1.388926 1.767767 -1.767767 2.143126 -1.953717 1.767767 -1.767767 1.74764 -2.31425 1.74764 -2.31425 1.767767 -1.767767 1.388926 -2.078674 1.74764 -2.31425 1.388926 -2.078674 1.292641 -2.595973 1.292641 -2.595973 1.388926 -2.078674 0.956709 -2.309699 1.292641 -2.595973 0.956709 -2.309699 0.793623 -2.789294 0.793623 -2.789294 0.956709 -2.309699 0.487726 -2.451963 0.793623 -2.789294 0.487726 -2.451963 0.267578 -2.887629 0.267578 -2.887629 0.487726 -2.451963 0 -2.5 0.267578 -2.887629 0 -2.5 -0.267578 -2.887629 -0.267578 -2.887629 0 -2.5 -0.487726 -2.451963 -0.267578 -2.887629 -0.487726 -2.451963 -0.793623 -2.789294 -0.793623 -2.789294 -0.487726 -2.451963 -0.956709 -2.309699 -0.793623 -2.789294 -0.956709 -2.309699 -1.292641 -2.595973 -1.292641 -2.595973 -0.956709 -2.309699 -1.388926 -2.078674 -1.292641 -2.595973 -1.388926 -2.078674 -1.74764 -2.31425 -1.74764 -2.31425 -1.388926 -2.078674 -1.767767 -1.767767 -1.74764 -2.31425 -1.767767 -1.767767 -2.143126 -1.953717 -2.143126 -1.953717 -1.767767 -1.767767 -2.078674 -1.388926 -2.143126 -1.953717 -2.078674 -1.388926 -2.46563 -1.526653 -2.46563 -1.526653 -2.078674 -1.388926 -2.309699 -0.956709 -2.46563 -1.526653 -2.309699 -0.956709 -2.70417 -1.047601 -2.70417 -1.047601 -2.309699 -0.956709 -2.451963 -0.487726 -2.70417 -1.047601 -2.451963 -0.487726 -2.850622 -0.532874 -2.850622 -0.532874 -2.451963 -0.487726 -2.5 0 -2.850622 -0.532874 -2.5 0 -2.9 0 -2.9 0 -2.5 0 -2.850622 0.532874 -2.850622 0.532874 -2.5 0 -2.451963 0.487726 -2.850622 0.532874 -2.451963 0.487726 -2.70417 1.047601 -2.70417 1.047601 -2.451963 0.487726 -2.309699 0.956709 -2.70417 1.047601 -2.309699 0.956709 -2.46563 1.526653 -2.46563 1.526653 -2.309699 0.956709 -2.078674 1.388926 -2.46563 1.526653 -2.078674 1.388926 -2.143126 1.953717 -2.143126 1.953717 -2.078674 1.388926 -1.767767 1.767767 -2.143126 1.953717 -1.767767 1.767767 -1.74764 2.31425 -1.74764 2.31425 -1.767767 1.767767 -1.388926 2.078674 -1.74764 2.31425 -1.388926 2.078674 -1.292641 2.595973 -1.292641 2.595973 -1.388926 2.078674 -0.956709 2.309699 -1.292641 2.595973 -0.956709 2.309699 -0.793623 2.789294 -0.793623 2.789294 -0.956709 2.309699 -0.487726 2.451963 -0.793623 2.789294 -0.487726 2.451963 -0.267578 2.887629 -0.267578 2.887629 -0.487726 2.451963 0 2.5 -0.267578 2.887629 0 2.5 0.267578 2.887629 0.267578 2.887629 0 2.5 0.487726 2.451963 0.267578 2.887629 0.487726 2.451963 0.793623 2.789294 0.793623 2.789294 0.487726 2.451963 0.956709 2.309699 0.793623 2.789294 0.956709 2.309699 1.292641 2.595973 1.292641 2.595973 0.956709 2.309699 1.388926 2.078674 1.292641 2.595973 1.388926 2.078674 1.74764 2.31425 1.74764 2.31425 1.388926 2.078674 1.767767 1.767767 1.74764 2.31425 1.767767 1.767767 2.143126 1.953717 2.143126 1.953717 1.767767 1.767767 2.078674 1.388926 2.143126 1.953717 2.078674 1.388926 2.46563 1.526653 2.46563 1.526653 2.078674 1.388926 2.309699 0.956709 2.46563 1.526653 2.309699 0.956709 2.70417 1.047601 2.70417 1.047601 2.309699 0.956709 2.451963 0.487726 2.70417 1.047601 2.451963 0.487726 2.850622 0.532874 2.850622 0.532874 2.451963 0.487726 2.5 0 -4.151056 -4.809017 -4.009017 -5.087785 -4.2 -4.5 -4.2 -4.5 -4.009017 -5.087785 -3.787785 -5.309017 -4.2 -4.5 -3.787785 -5.309017 -3.509017 -5.451056 -3.509017 -5.451056 -3.2 -5.5 -4.2 -4.5 -4.2 -4.5 -3.2 -5.5 -1.16563 -1.526653 -4.2 -4.5 -1.16563 -1.526653 -1.404169 -1.047601 4.2 -5.5 1.032422 -2.887629 -3.2 -5.5 -3.2 -5.5 1.032422 -2.887629 0.506377 -2.789294 -3.2 -5.5 0.506377 -2.789294 0.007358968 -2.595973 4.2 0 4.150622 -0.532874 4.2 -5.5 4.2 -5.5 4.150622 -0.532874 4.004169 -1.047601 4.2 -5.5 4.004169 -1.047601 3.76563 -1.526653 3.76563 -1.526653 3.443126 -1.953717 4.2 -5.5 4.2 -5.5 3.443126 -1.953717 3.047641 -2.31425 4.2 -5.5 3.047641 -2.31425 2.592641 -2.595973 2.592641 -2.595973 2.093623 -2.789294 4.2 -5.5 4.2 -5.5 2.093623 -2.789294 1.567578 -2.887629 4.2 -5.5 1.567578 -2.887629 1.032422 -2.887629 0.007358968 -2.595973 -0.44764 -2.31425 -3.2 -5.5 -3.2 -5.5 -0.44764 -2.31425 -0.843126 -1.953717 -3.2 -5.5 -0.843126 -1.953717 -1.16563 -1.526653 -1.404169 -1.047601 -1.550622 -0.532874 -4.2 -4.5 -4.2 -4.5 -1.550622 -0.532874 -1.6 0 -4.2 -4.5 -1.6 0 -4.2 4.5 -4.2 4.5 -1.6 0 -1.550622 0.532874 -4.2 4.5 -1.550622 0.532874 -1.404169 1.047601 -1.404169 1.047601 -1.16563 1.526653 -4.2 4.5 -4.2 4.5 -1.16563 1.526653 -3.2 5.5 -4.2 4.5 -3.2 5.5 -3.509017 5.451056 -1.16563 1.526653 -0.843126 1.953717 -3.2 5.5 -3.2 5.5 -0.843126 1.953717 -0.44764 2.31425 -3.2 5.5 -0.44764 2.31425 0.007358968 2.595973 0.007358968 2.595973 0.506377 2.789294 -3.2 5.5 -3.2 5.5 0.506377 2.789294 1.032422 2.887629 -3.2 5.5 1.032422 2.887629 4.2 5.5 4.2 5.5 1.032422 2.887629 1.567578 2.887629 4.2 5.5 1.567578 2.887629 2.093623 2.789294 2.093623 2.789294 2.592641 2.595973 4.2 5.5 4.2 5.5 2.592641 2.595973 3.047641 2.31425 4.2 5.5 3.047641 2.31425 3.443126 1.953717 3.443126 1.953717 3.76563 1.526653 4.2 5.5 4.2 5.5 3.76563 1.526653 4.004169 1.047601 4.2 5.5 4.004169 1.047601 4.150622 0.532874 4.150622 0.532874 4.2 0 4.2 5.5 -3.509017 5.451056 -3.787785 5.309017 -4.2 4.5 -4.2 4.5 -3.787785 5.309017 -4.009017 5.087785 -4.2 4.5 -4.009017 5.087785 -4.151056 4.809017 -8.300001 -0.785398 0 -0.785398 -8.300001 -0.471239 -8.300001 -0.471239 0 -0.785398 0 -0.471239 -8.300001 -0.471239 0 -0.471239 -8.300001 -0.1570799 -8.300001 -0.1570799 0 -0.471239 0 -0.1570799 -8.300001 -0.1570799 0 -0.1570799 -8.300001 0.1570799 -8.300001 0.1570799 0 -0.1570799 0 0.1570799 -8.300001 0.1570799 0 0.1570799 -8.300001 0.471239 -8.300001 0.471239 0 0.1570799 0 0.471239 -8.300001 0.471239 0 0.471239 -8.300001 0.785398 -8.300001 0.785398 0 0.471239 0 0.785398 0 -8.179305 0.314159 -8.179305 0 -7.497695 0 -7.497695 0.314159 -8.179305 0.314159 -7.497695 0 -7.497695 0.314159 -7.497695 0 -6.816086 0 -6.816086 0.314159 -7.497695 0.314159 -6.816086 0 -6.816086 0.314159 -6.816086 0 -6.134478 0 -6.134478 0.314159 -6.816086 0.314159 -6.134478 0 -6.134478 0.314159 -6.134478 0 -5.452869 0 -5.452869 0.314159 -6.134478 0.314159 -5.452869 0 -5.452869 0.314159 -5.452869 0 -4.771261 0 -4.771261 0.314159 -5.452869 0.314159 -4.771261 0 -4.771261 0.314159 -4.771261 0 -4.089652 0 -4.089652 0.314159 -4.771261 0.314159 -4.089652 0 -4.089652 0.314159 -4.089652 0 -3.408043 0 -3.408043 0.314159 -4.089652 0.314159 -3.408043 0 -3.408043 0.314159 -3.408043 0 -2.726435 0 -2.726435 0.314159 -3.408043 0.314159 -2.726435 0 -2.726435 0.314159 -2.726435 0 -2.044826 0 -2.044826 0.314159 -2.726435 0.314159 -2.044826 0 -2.044826 0.314159 -2.044826 0 -1.363217 0 -1.363217 0.314159 -2.044826 0.314159 -1.363217 0 -1.363217 0.314159 -1.363217 0 -0.681609 0 -0.681609 0.314159 -1.363217 0.314159 -0.681609 0 -0.681609 0.314159 -0.681609 0 0 0 0 0.314159 -0.681609 0.314159 0 0 0 0.314159 0 0 0.681609 0 0.681609 0.314159 0 0.314159 0.681609 0 0.681609 0.314159 0.681609 0 1.363217 0 1.363217 0.314159 0.681609 0.314159 1.363217 0 1.363217 0.314159 1.363217 0 2.044826 0 2.044826 0.314159 1.363217 0.314159 2.044826 0 2.044826 0.314159 2.044826 0 2.726435 0 2.726435 0.314159 2.044826 0.314159 2.726435 0 2.726435 0.314159 2.726435 0 3.408043 0 3.408043 0.314159 2.726435 0.314159 3.408043 0 3.408043 0.314159 3.408043 0 4.089652 0 4.089652 0.314159 3.408043 0.314159 4.089652 0 4.089652 0.314159 4.089652 0 4.771261 0 4.771261 0.314159 4.089652 0.314159 4.771261 0 4.771261 0.314159 4.771261 0 5.452869 0 5.452869 0.314159 4.771261 0.314159 5.452869 0 5.452869 0.314159 5.452869 0 6.134478 0 6.134478 0.314159 5.452869 0.314159 6.134478 0 6.134478 0.314159 6.134478 0 6.816086 0 6.816086 0.314159 6.134478 0.314159 6.816086 0 6.816086 0.314159 6.816086 0 7.497695 0 7.497695 0.314159 6.816086 0.314159 7.497695 0 7.497695 0.314159 7.497695 0 8.179305 0 8.179305 0.314159 7.497695 0.314159 8.179305 0.314159 8.179305 0.314159 7.497695 0.628319 7.497695 0.314159 8.179305 0.628319 7.497695 0.628319 8.179305 0.628319 8.179305 0.628319 7.497695 0.942478 7.497695 0.628319 8.179305 0.942478 7.497695 0.942478 8.179305 0.942478 8.179305 0.942478 7.497695 1.256637 7.497695 0.942478 8.179305 1.256637 7.497695 1.256637 8.179305 1.256637 8.179305 1.256637 7.497695 1.570796 8.179305 1.570796 8.179305 1.256637 7.497695 1.570796 7.400323 1.570796 7.400323 1.256637 7.497695 1.256637 6.816086 1.570796 7.400323 1.256637 6.816086 1.570796 6.621341 1.570796 6.621341 1.256637 6.816086 1.256637 6.134478 1.570796 6.621341 1.256637 6.134478 1.570796 5.84236 1.570796 5.84236 1.256637 6.134478 1.256637 5.452869 1.570796 5.84236 1.256637 5.452869 1.570796 5.063379 1.570796 5.063379 1.256637 5.452869 1.256637 4.771261 1.570796 5.063379 1.256637 4.771261 1.570796 4.284397 1.570796 4.284397 1.256637 4.771261 1.256637 4.089652 1.570796 4.284397 1.256637 4.089652 1.570796 3.505416 1.570796 3.505416 1.256637 4.089652 1.256637 3.408043 1.570796 3.505416 1.256637 3.408043 1.570796 2.726435 1.570796 2.726435 1.256637 3.408043 1.256637 2.726435 1.570796 2.726435 1.256637 2.726435 1.256637 2.044826 1.256637 2.044826 1.256637 2.726435 0.942478 2.726435 1.256637 2.044826 0.942478 2.726435 0.942478 2.044826 0.942478 2.044826 0.942478 2.726435 0.628319 2.726435 0.942478 2.044826 0.628319 2.726435 0.628319 2.044826 0.628319 2.044826 0.628319 2.726435 0.314159 2.726435 0.628319 2.044826 0.314159 2.726435 0.314159 2.044826 0.314159 -8.179305 0.628319 -8.179305 0.314159 -7.497695 0.314159 -7.497695 0.628319 -8.179305 0.628319 -7.497695 0.314159 -7.497695 0.628319 -7.497695 0.314159 -6.816086 0.314159 -6.816086 0.628319 -7.497695 0.628319 -6.816086 0.314159 -6.816086 0.628319 -6.816086 0.314159 -6.134478 0.314159 -6.134478 0.628319 -6.816086 0.628319 -6.134478 0.314159 -6.134478 0.628319 -6.134478 0.314159 -5.452869 0.314159 -5.452869 0.628319 -6.134478 0.628319 -5.452869 0.314159 -5.452869 0.628319 -5.452869 0.314159 -4.771261 0.314159 -4.771261 0.628319 -5.452869 0.628319 -4.771261 0.314159 -4.771261 0.628319 -4.771261 0.314159 -4.089652 0.314159 -4.089652 0.628319 -4.771261 0.628319 -4.089652 0.314159 -4.089652 0.628319 -4.089652 0.314159 -3.408043 0.314159 -3.408043 0.628319 -4.089652 0.628319 -3.408043 0.314159 -3.408043 0.628319 -3.408043 0.314159 -2.726435 0.314159 -2.726435 0.628319 -3.408043 0.628319 -2.726435 0.314159 -2.726435 0.628319 -2.726435 0.314159 -2.044826 0.314159 -2.044826 0.628319 -2.726435 0.628319 -2.044826 0.314159 -2.044826 0.628319 -2.044826 0.314159 -1.363217 0.314159 -1.363217 0.628319 -2.044826 0.628319 -1.363217 0.314159 -1.363217 0.628319 -1.363217 0.314159 -0.681609 0.314159 -0.681609 0.628319 -1.363217 0.628319 -0.681609 0.314159 -0.681609 0.628319 -0.681609 0.314159 0 0.314159 0 0.628319 -0.681609 0.628319 0 0.314159 0 0.628319 0 0.314159 0.681609 0.314159 0.681609 0.628319 0 0.628319 0.681609 0.314159 0.681609 0.628319 0.681609 0.314159 1.363217 0.314159 1.363217 0.628319 0.681609 0.628319 1.363217 0.314159 1.363217 0.628319 1.363217 0.314159 2.044826 0.314159 2.044826 0.628319 1.363217 0.628319 2.044826 0.628319 -8.179305 0.942478 -8.179305 0.628319 -7.497695 0.628319 -7.497695 0.942478 -8.179305 0.942478 -7.497695 0.628319 -7.497695 0.942478 -7.497695 0.628319 -6.816086 0.628319 -6.816086 0.942478 -7.497695 0.942478 -6.816086 0.628319 -6.816086 0.942478 -6.816086 0.628319 -6.134478 0.628319 -6.134478 0.942478 -6.816086 0.942478 -6.134478 0.628319 -6.134478 0.942478 -6.134478 0.628319 -5.452869 0.628319 -5.452869 0.942478 -6.134478 0.942478 -5.452869 0.628319 -5.452869 0.942478 -5.452869 0.628319 -4.771261 0.628319 -4.771261 0.942478 -5.452869 0.942478 -4.771261 0.628319 -4.771261 0.942478 -4.771261 0.628319 -4.089652 0.628319 -4.089652 0.942478 -4.771261 0.942478 -4.089652 0.628319 -4.089652 0.942478 -4.089652 0.628319 -3.408043 0.628319 -3.408043 0.942478 -4.089652 0.942478 -3.408043 0.628319 -3.408043 0.942478 -3.408043 0.628319 -2.726435 0.628319 -2.726435 0.942478 -3.408043 0.942478 -2.726435 0.628319 -2.726435 0.942478 -2.726435 0.628319 -2.044826 0.628319 -2.044826 0.942478 -2.726435 0.942478 -2.044826 0.628319 -2.044826 0.942478 -2.044826 0.628319 -1.363217 0.628319 -1.363217 0.942478 -2.044826 0.942478 -1.363217 0.628319 -1.363217 0.942478 -1.363217 0.628319 -0.681609 0.628319 -0.681609 0.942478 -1.363217 0.942478 -0.681609 0.628319 -0.681609 0.942478 -0.681609 0.628319 0 0.628319 0 0.942478 -0.681609 0.942478 0 0.628319 0 0.942478 0 0.628319 0.681609 0.628319 0.681609 0.942478 0 0.942478 0.681609 0.628319 0.681609 0.942478 0.681609 0.628319 1.363217 0.628319 1.363217 0.942478 0.681609 0.942478 1.363217 0.628319 1.363217 0.942478 1.363217 0.628319 2.044826 0.628319 2.044826 0.942478 1.363217 0.942478 2.044826 0.942478 -8.179305 1.256637 -8.179305 0.942478 -7.497695 0.942478 -7.497695 1.256637 -8.179305 1.256637 -7.497695 0.942478 -7.497695 1.256637 -7.497695 0.942478 -6.816086 0.942478 -6.816086 1.256637 -7.497695 1.256637 -6.816086 0.942478 -6.816086 1.256637 -6.816086 0.942478 -6.134478 0.942478 -6.134478 1.256637 -6.816086 1.256637 -6.134478 0.942478 -6.134478 1.256637 -6.134478 0.942478 -5.452869 0.942478 -5.452869 1.256637 -6.134478 1.256637 -5.452869 0.942478 -5.452869 1.256637 -5.452869 0.942478 -4.771261 0.942478 -4.771261 1.256637 -5.452869 1.256637 -4.771261 0.942478 -4.771261 1.256637 -4.771261 0.942478 -4.089652 0.942478 -4.089652 1.256637 -4.771261 1.256637 -4.089652 0.942478 -4.089652 1.256637 -4.089652 0.942478 -3.408043 0.942478 -3.408043 1.256637 -4.089652 1.256637 -3.408043 0.942478 -3.408043 1.256637 -3.408043 0.942478 -2.726435 0.942478 -2.726435 1.256637 -3.408043 1.256637 -2.726435 0.942478 -2.726435 1.256637 -2.726435 0.942478 -2.044826 0.942478 -2.044826 1.256637 -2.726435 1.256637 -2.044826 0.942478 -2.044826 1.256637 -2.044826 0.942478 -1.363217 0.942478 -1.363217 1.256637 -2.044826 1.256637 -1.363217 0.942478 -1.363217 1.256637 -1.363217 0.942478 -0.681609 0.942478 -0.681609 1.256637 -1.363217 1.256637 -0.681609 0.942478 -0.681609 1.256637 -0.681609 0.942478 0 0.942478 0 1.256637 -0.681609 1.256637 0 0.942478 0 1.256637 0 0.942478 0.681609 0.942478 0.681609 1.256637 0 1.256637 0.681609 0.942478 0.681609 1.256637 0.681609 0.942478 1.363217 0.942478 1.363217 1.256637 0.681609 1.256637 1.363217 0.942478 1.363217 1.256637 1.363217 0.942478 2.044826 0.942478 2.044826 1.256637 1.363217 1.256637 2.044826 1.256637 -8.179305 1.570796 -8.179305 1.256637 -7.497695 1.256637 -7.497695 1.570796 -8.179305 1.570796 -7.400323 1.256637 -7.497695 1.570796 -7.400323 1.256637 -6.816086 1.256637 -6.816086 1.570796 -7.400323 1.570796 -6.621341 1.256637 -6.816086 1.570796 -6.621341 1.256637 -6.134478 1.256637 -6.134478 1.570796 -6.621341 1.570796 -5.84236 1.256637 -6.134478 1.570796 -5.84236 1.256637 -5.452869 1.256637 -5.452869 1.570796 -5.84236 1.570796 -5.063379 1.256637 -5.452869 1.570796 -5.063379 1.256637 -4.771261 1.256637 -4.771261 1.570796 -5.063379 1.570796 -4.284397 1.256637 -4.771261 1.570796 -4.284397 1.256637 -4.089652 1.256637 -4.089652 1.570796 -4.284397 1.570796 -3.505416 1.256637 -4.089652 1.570796 -3.505416 1.256637 -3.408043 1.256637 -3.408043 1.570796 -3.505416 1.570796 -2.726435 1.256637 -3.408043 1.570796 -2.726435 1.256637 -2.726435 1.256637 -2.726435 1.570796 -2.726435 1.256637 -2.044826 1.570796 -2.726435 1.570796 -1.947453 1.256637 -2.044826 1.256637 -2.044826 1.570796 -1.947453 1.256637 -1.363217 1.570796 -1.947453 1.570796 -1.168472 1.256637 -1.363217 1.256637 -1.363217 1.570796 -1.168472 1.256637 -0.681609 1.570796 -1.168472 1.570796 -0.389491 1.256637 -0.681609 1.256637 -0.681609 1.570796 -0.389491 1.256637 0 1.570796 -0.389491 1.570796 0.389491 1.256637 0 1.256637 0 1.570796 0.389491 1.256637 0.681609 1.570796 0.389491 1.570796 1.168472 1.256637 0.681609 1.256637 0.681609 1.570796 1.168472 1.256637 1.363217 1.570796 1.168472 1.570796 1.947453 1.256637 1.363217 1.256637 1.363217 1.570796 1.947453 1.256637 2.044826 1.570796 1.947453 1.570796 2.726435 1.256637 2.044826 0.942478 2.726435 1.256637 2.726435 0.942478 3.408043 0.942478 3.408043 1.256637 2.726435 1.256637 3.408043 0.942478 3.408043 1.256637 3.408043 0.942478 4.089652 0.942478 4.089652 1.256637 3.408043 1.256637 4.089652 0.942478 4.089652 1.256637 4.089652 0.942478 4.771261 0.942478 4.771261 1.256637 4.089652 1.256637 4.771261 0.942478 4.771261 1.256637 4.771261 0.942478 5.452869 0.942478 5.452869 1.256637 4.771261 1.256637 5.452869 0.942478 5.452869 1.256637 5.452869 0.942478 6.134478 0.942478 6.134478 1.256637 5.452869 1.256637 6.134478 0.942478 6.134478 1.256637 6.134478 0.942478 6.816086 0.942478 6.816086 1.256637 6.134478 1.256637 6.816086 0.942478 6.816086 1.256637 6.816086 0.942478 7.497695 0.942478 7.497695 1.256637 6.816086 1.256637 7.497695 0.628319 2.726435 0.942478 2.726435 0.628319 3.408043 0.628319 3.408043 0.942478 2.726435 0.942478 3.408043 0.628319 3.408043 0.942478 3.408043 0.628319 4.089652 0.628319 4.089652 0.942478 3.408043 0.942478 4.089652 0.628319 4.089652 0.942478 4.089652 0.628319 4.771261 0.628319 4.771261 0.942478 4.089652 0.942478 4.771261 0.628319 4.771261 0.942478 4.771261 0.628319 5.452869 0.628319 5.452869 0.942478 4.771261 0.942478 5.452869 0.628319 5.452869 0.942478 5.452869 0.628319 6.134478 0.628319 6.134478 0.942478 5.452869 0.942478 6.134478 0.628319 6.134478 0.942478 6.134478 0.628319 6.816086 0.628319 6.816086 0.942478 6.134478 0.942478 6.816086 0.628319 6.816086 0.942478 6.816086 0.628319 7.497695 0.628319 7.497695 0.942478 6.816086 0.942478 7.497695 0.314159 2.726435 0.628319 2.726435 0.314159 3.408043 0.314159 3.408043 0.628319 2.726435 0.628319 3.408043 0.314159 3.408043 0.628319 3.408043 0.314159 4.089652 0.314159 4.089652 0.628319 3.408043 0.628319 4.089652 0.314159 4.089652 0.628319 4.089652 0.314159 4.771261 0.314159 4.771261 0.628319 4.089652 0.628319 4.771261 0.314159 4.771261 0.628319 4.771261 0.314159 5.452869 0.314159 5.452869 0.628319 4.771261 0.628319 5.452869 0.314159 5.452869 0.628319 5.452869 0.314159 6.134478 0.314159 6.134478 0.628319 5.452869 0.628319 6.134478 0.314159 6.134478 0.628319 6.134478 0.314159 6.816086 0.314159 6.816086 0.628319 6.134478 0.628319 6.816086 0.314159 6.816086 0.628319 6.816086 0.314159 7.497695 0.314159 7.497695 0.628319 6.816086 0.628319 7.497695 -8.300001 -0.785398 0 -0.785398 -8.300001 -0.471239 -8.300001 -0.471239 0 -0.785398 0 -0.471239 -8.300001 -0.471239 0 -0.471239 -8.300001 -0.1570799 -8.300001 -0.1570799 0 -0.471239 0 -0.1570799 -8.300001 -0.1570799 0 -0.1570799 -8.300001 0.1570799 -8.300001 0.1570799 0 -0.1570799 0 0.1570799 -8.300001 0.1570799 0 0.1570799 -8.300001 0.471239 -8.300001 0.471239 0 0.1570799 0 0.471239 -8.300001 0.471239 0 0.471239 -8.300001 0.785398 -8.300001 0.785398 0 0.471239 0 0.785398 0 -1 -8.300001 -1 0 -8.4 0 -8.4 -8.300001 -1 -8.300001 -8.4 2.1 12.95907 -5.3 12.95907 2.1 12.23912 2.1 12.23912 -5.3 12.95907 -5.3 12.23912 2.1 12.23912 -5.3 12.23912 2.1 11.51917 2.1 11.51917 -5.3 12.23912 -5.3 11.51917 2.1 11.51917 -5.3 11.51917 2.1 10.79922 2.1 10.79922 -5.3 11.51917 -5.3 10.79922 2.1 10.79922 -5.3 10.79922 2.1 10.07928 2.1 10.07928 -5.3 10.79922 -5.3 10.07928 2.1 10.07928 -5.3 10.07928 2.1 9.359329 2.1 9.359329 -5.3 10.07928 -5.3 9.359329 2.1 9.359329 -5.3 9.359329 2.1 8.639381 2.1 8.639381 -5.3 9.359329 -5.3 8.639381 2.1 8.639381 -5.3 8.639381 2.1 7.919431 2.1 7.919431 -5.3 8.639381 -5.3 7.919431 2.1 7.919431 -5.3 7.919431 2.1 7.199483 2.1 7.199483 -5.3 7.919431 -5.3 7.199483 2.1 7.199483 -5.3 7.199483 2.1 6.479535 2.1 6.479535 -5.3 7.199483 -5.3 6.479535 2.1 6.479535 -5.3 6.479535 2.1 5.759587 2.1 5.759587 -5.3 6.479535 -5.3 5.759587 2.1 5.759587 -5.3 5.759587 2.1 5.039638 2.1 5.039638 -5.3 5.759587 -5.3 5.039638 2.1 5.039638 -5.3 5.039638 2.1 4.31969 2.1 4.31969 -5.3 5.039638 -5.3 4.31969 2.1 4.31969 -5.3 4.31969 2.1 3.599741 2.1 3.599741 -5.3 4.31969 -5.3 3.599741 2.1 3.599741 -5.3 3.599741 2.1 2.879793 2.1 2.879793 -5.3 3.599741 -5.3 2.879793 2.1 2.879793 -5.3 2.879793 2.1 2.159845 2.1 2.159845 -5.3 2.879793 -5.3 2.159845 2.1 2.159845 -5.3 2.159845 2.1 1.439897 2.1 1.439897 -5.3 2.159845 -5.3 1.439897 2.1 1.439897 -5.3 1.439897 2.1 0.719948 2.1 0.719948 -5.3 1.439897 -5.3 0.719948 2.1 0.719948 -5.3 0.719948 2.1 0 2.1 0 -5.3 0.719948 -5.3 0 2.1 0 -5.3 0 2.1 -0.719948 2.1 -0.719948 -5.3 0 -5.3 -0.719948 2.1 -0.719948 -5.3 -0.719948 2.1 -1.439897 2.1 -1.439897 -5.3 -0.719948 -5.3 -1.439897 2.1 -1.439897 -5.3 -1.439897 2.1 -2.159845 2.1 -2.159845 -5.3 -1.439897 -5.3 -2.159845 2.1 -2.159845 -5.3 -2.159845 2.1 -2.879793 2.1 -2.879793 -5.3 -2.159845 -5.3 -2.879793 2.1 -2.879793 -5.3 -2.879793 2.1 -3.599741 2.1 -3.599741 -5.3 -2.879793 -5.3 -3.599741 2.1 -3.599741 -5.3 -3.599741 2.1 -4.31969 2.1 -4.31969 -5.3 -3.599741 -5.3 -4.31969 8.300001 7.4 0 7.4 8.300001 0 8.300001 0 0 7.4 0 0 9.752875 5.126965 13.75295 4.782106 9.800001 5.5 9.800001 5.5 13.75295 4.782106 13.8 5.5 9.800001 5.5 13.8 5.5 13.75295 6.217894 13.75295 4.782106 9.752875 5.126965 13.61259 4.076495 13.61259 4.076495 9.752875 5.126965 9.61446 4.777369 13.61259 4.076495 9.61446 4.777369 13.38134 3.395241 13.38134 3.395241 9.61446 4.777369 9.393453 4.473179 13.38134 3.395241 9.393453 4.473179 13.06314 2.75 13.06314 2.75 9.393453 4.473179 12.66344 2.151812 12.66344 2.151812 9.393453 4.473179 9.10374 4.233508 12.66344 2.151812 9.10374 4.233508 12.18909 1.610913 12.18909 1.610913 9.10374 4.233508 11.64819 1.136557 11.64819 1.136557 9.10374 4.233508 8.763526 4.073415 11.64819 1.136557 8.763526 4.073415 11.05 0.73686 11.05 0.73686 8.763526 4.073415 10.40476 0.418663 10.40476 0.418663 8.763526 4.073415 8.394186 4.00296 10.40476 0.418663 8.394186 4.00296 9.723505 0.187408 9.723505 0.187408 8.394186 4.00296 9.017894 0.04705297 9.017894 0.04705297 8.394186 4.00296 8.300001 0 8.300001 0 8.394186 4.00296 8.018928 4.026569 8.300001 0 8.018928 4.026569 7.661331 4.142759 7.661331 4.142759 7.343864 4.34423 8.300001 0 8.300001 0 7.343864 4.34423 0 0 0 0 7.343864 4.34423 7.086474 4.618322 0 0 7.086474 4.618322 0 5.5 0 5.5 7.086474 4.618322 6.905335 4.947813 0 5.5 6.905335 4.947813 6.811828 5.312 6.811828 5.312 6.811828 5.688 0 5.5 0 5.5 6.811828 5.688 6.905335 6.052187 0 5.5 6.905335 6.052187 7.086474 6.381678 0 5.5 7.086474 6.381678 0 11 0 11 7.086474 6.381678 7.343864 6.65577 0 11 7.343864 6.65577 8.300001 11 8.300001 11 7.343864 6.65577 7.661331 6.857241 8.300001 11 7.661331 6.857241 8.018928 6.973431 8.018928 6.973431 8.394186 6.99704 8.300001 11 8.300001 11 8.394186 6.99704 9.017894 10.95295 9.017894 10.95295 8.394186 6.99704 9.723505 10.81259 9.723505 10.81259 8.394186 6.99704 10.40476 10.58134 10.40476 10.58134 8.394186 6.99704 8.763526 6.926585 10.40476 10.58134 8.763526 6.926585 11.05 10.26314 11.05 10.26314 8.763526 6.926585 11.64819 9.863444 11.64819 9.863444 8.763526 6.926585 9.10374 6.766492 11.64819 9.863444 9.10374 6.766492 12.18909 9.389088 12.18909 9.389088 9.10374 6.766492 12.66344 8.848188 12.66344 8.848188 9.10374 6.766492 9.393453 6.526821 12.66344 8.848188 9.393453 6.526821 13.06314 8.25 13.06314 8.25 9.393453 6.526821 13.38134 7.604759 13.38134 7.604759 9.393453 6.526821 9.61446 6.222631 13.38134 7.604759 9.61446 6.222631 13.61259 6.923505 13.61259 6.923505 9.61446 6.222631 9.752875 5.873035 13.61259 6.923505 9.752875 5.873035 13.75295 6.217894 13.75295 6.217894 9.752875 5.873035 9.800001 5.5 0 -10 -8.300001 -1 -8.300001 -10 -8.300001 -10 -8.300001 -1 -12.78742 -5.836286 -8.300001 -10 -12.78742 -5.836286 -12.68718 -6.501344 0 -10 0 -1 -8.300001 -1 -8.97069 -1.050261 -9.626399 -1.199922 -8.300001 -1 -8.300001 -1 -9.626399 -1.199922 -10.25248 -1.44564 -8.300001 -1 -10.25248 -1.44564 -10.83494 -1.781926 -10.83494 -1.781926 -11.36078 -2.201267 -8.300001 -1 -8.300001 -1 -11.36078 -2.201267 -11.81824 -2.694296 -8.300001 -1 -11.81824 -2.694296 -12.19711 -3.25 -12.19711 -3.25 -12.48893 -3.855965 -8.300001 -1 -8.300001 -1 -12.48893 -3.855965 -12.68718 -4.498656 -8.300001 -1 -12.68718 -4.498656 -12.78742 -5.163714 -12.78742 -5.163714 -12.78742 -5.836286 -8.300001 -1 -12.68718 -6.501344 -12.48893 -7.144034 -8.300001 -10 -8.300001 -10 -12.48893 -7.144034 -12.19711 -7.75 -8.300001 -10 -12.19711 -7.75 -11.81824 -8.305705 -11.81824 -8.305705 -11.36078 -8.798734 -8.300001 -10 -8.300001 -10 -11.36078 -8.798734 -10.83494 -9.218075 -8.300001 -10 -10.83494 -9.218075 -10.25248 -9.55436 -10.25248 -9.55436 -9.626399 -9.800078 -8.300001 -10 -8.300001 -10 -9.626399 -9.800078 -8.97069 -9.94974</float_array>
          <technique_common>
            <accessor source="#MPO-700_DLR_Simu_V2_4_6_MPO-700_DLR_Gearbox_V2_4_6-mesh-map-0-array" count="2556" stride="2">
              <param name="S" type="float"/>
              <param name="T" type="float"/>
            </accessor>
          </technique_common>
        </source>
        <vertices id="MPO-700_DLR_Simu_V2_4_6_MPO-700_DLR_Gearbox_V2_4_6-mesh-vertices">
          <input semantic="POSITION" source="#MPO-700_DLR_Simu_V2_4_6_MPO-700_DLR_Gearbox_V2_4_6-mesh-positions"/>
        </vertices>
        <triangles material="_91_191_191-material" count="852">
          <input semantic="VERTEX" source="#MPO-700_DLR_Simu_V2_4_6_MPO-700_DLR_Gearbox_V2_4_6-mesh-vertices" offset="0"/>
          <input semantic="NORMAL" source="#MPO-700_DLR_Simu_V2_4_6_MPO-700_DLR_Gearbox_V2_4_6-mesh-normals" offset="1"/>
          <input semantic="TEXCOORD" source="#MPO-700_DLR_Simu_V2_4_6_MPO-700_DLR_Gearbox_V2_4_6-mesh-map-0" offset="2" set="0"/>
          <p>62 0 0 58 1 1 57 2 2 57 2 3 58 1 4 53 3 5 57 2 6 53 3 7 54 4 8 54 4 9 53 3 10 48 5 11 54 4 12 48 5 13 50 6 14 50 6 15 48 5 16 43 7 17 50 6 18 43 7 19 46 8 20 46 8 21 43 7 22 37 9 23 46 8 24 37 9 25 44 10 26 44 10 27 37 9 28 35 11 29 44 10 30 35 11 31 40 12 32 40 12 33 35 11 34 33 13 35 40 12 36 33 13 37 31 14 38 40 12 39 31 14 40 38 15 41 38 15 42 31 14 43 30 16 44 38 15 45 30 16 46 39 17 47 39 17 48 30 16 49 32 18 50 39 17 51 32 18 52 41 19 53 41 19 54 32 18 55 34 20 56 41 19 57 34 20 58 45 21 59 45 21 60 34 20 61 36 22 62 45 21 63 36 22 64 49 23 65 49 23 66 36 22 67 42 24 68 49 23 69 42 24 70 47 25 71 49 23 72 47 25 73 51 26 74 51 26 75 47 25 76 52 27 77 51 26 78 52 27 79 55 28 80 55 28 81 52 27 82 56 29 83 55 28 84 56 29 85 59 30 86 59 30 87 56 29 88 61 31 89 59 30 90 61 31 91 63 32 92 63 32 93 61 31 94 66 33 95 63 32 96 66 33 97 65 34 98 65 34 99 66 33 100 71 34 101 65 34 102 71 34 103 77 35 104 65 34 105 77 35 106 69 36 107 69 36 108 77 35 109 79 37 110 69 36 111 79 37 112 73 38 113 73 38 114 79 37 115 81 39 116 73 38 117 81 39 118 75 40 119 75 40 120 81 39 121 83 34 122 75 40 123 83 34 124 76 34 125 76 34 126 83 34 127 84 41 128 76 34 129 84 41 130 74 42 131 74 42 132 84 41 133 82 43 134 74 42 135 82 43 136 80 44 137 74 42 138 80 44 139 70 45 140 70 45 141 80 44 142 78 46 143 70 45 144 78 46 145 68 47 146 68 47 147 78 46 148 72 48 149 68 47 150 72 48 151 64 49 152 64 49 153 72 48 154 67 50 155 64 49 156 67 50 157 60 51 158 60 51 159 67 50 160 62 0 161 60 51 162 62 0 163 57 2 164 13 52 165 53 53 166 15 54 167 15 54 168 53 53 169 58 55 170 15 54 171 58 55 172 17 56 173 17 56 174 58 55 175 62 57 176 17 56 177 62 57 178 19 58 179 19 58 180 62 57 181 67 59 182 19 58 183 67 59 184 21 60 185 21 60 186 67 59 187 72 61 188 21 60 189 72 61 190 23 62 191 23 62 192 72 61 193 78 63 194 23 62 195 78 63 196 25 64 197 25 64 198 78 63 199 80 65 200 25 64 201 80 65 202 27 66 203 27 66 204 80 65 205 82 67 206 27 66 207 82 67 208 29 68 209 29 68 210 82 67 211 84 69 212 29 68 213 84 69 214 28 70 215 28 70 216 84 69 217 83 71 218 28 70 219 83 71 220 26 72 221 26 72 222 83 71 223 81 73 224 26 72 225 81 73 226 24 74 227 24 74 228 81 73 229 79 75 230 24 74 231 79 75 232 22 76 233 22 76 234 79 75 235 77 77 236 22 76 237 77 77 238 20 78 239 20 78 240 77 77 241 71 79 242 20 78 243 71 79 244 18 80 245 18 80 246 71 79 247 66 81 248 18 80 249 66 81 250 16 82 251 16 82 252 66 81 253 61 83 254 16 82 255 61 83 256 14 84 257 14 84 258 61 83 259 56 85 260 14 84 261 56 85 262 12 86 263 12 86 264 56 85 265 52 87 266 12 86 267 52 87 268 10 88 269 10 88 270 52 87 271 47 89 272 10 88 273 47 89 274 8 90 275 8 90 276 47 89 277 42 91 278 8 90 279 42 91 280 6 92 281 6 92 282 42 91 283 36 93 284 6 92 285 36 93 286 4 94 287 4 94 288 36 93 289 34 95 290 4 94 291 34 95 292 2 96 293 2 96 294 34 95 295 32 97 296 2 96 297 32 97 298 0 98 299 0 98 300 32 97 301 30 99 302 0 98 303 30 99 304 1 100 305 1 100 306 30 99 307 31 101 308 1 100 309 31 101 310 3 102 311 3 102 312 31 101 313 33 103 314 3 102 315 33 103 316 5 104 317 5 104 318 33 103 319 35 105 320 5 104 321 35 105 322 7 106 323 7 106 324 35 105 325 37 107 326 7 106 327 37 107 328 9 108 329 9 108 330 37 107 331 43 109 332 9 108 333 43 109 334 11 110 335 11 110 336 43 109 337 48 111 338 11 110 339 48 111 340 13 52 341 13 52 342 48 111 343 53 53 344 17 112 345 16 113 346 15 114 347 15 114 348 16 113 349 14 115 350 15 114 351 14 115 352 13 116 353 13 116 354 14 115 355 12 117 356 13 116 357 12 117 358 11 118 359 11 118 360 12 117 361 10 119 362 11 118 363 10 119 364 9 120 365 9 120 366 10 119 367 8 121 368 9 120 369 8 121 370 7 122 371 7 122 372 8 121 373 6 123 374 7 122 375 6 123 376 5 124 377 5 124 378 6 123 379 4 125 380 5 124 381 4 125 382 3 126 383 3 126 384 4 125 385 2 127 386 3 126 387 2 127 388 1 128 389 1 128 390 2 127 391 0 129 392 16 113 393 17 112 394 18 130 395 18 130 396 17 112 397 19 131 398 18 130 399 19 131 400 20 132 401 20 132 402 19 131 403 21 133 404 20 132 405 21 133 406 22 134 407 22 134 408 21 133 409 23 135 410 22 134 411 23 135 412 24 136 413 24 136 414 23 135 415 25 137 416 24 136 417 25 137 418 26 138 419 26 138 420 25 137 421 27 139 422 26 138 423 27 139 424 28 140 425 28 140 426 27 139 427 29 141 428 54 142 429 108 143 430 57 144 431 57 144 432 108 143 433 112 145 434 57 144 435 112 145 436 60 146 437 60 146 438 112 145 439 115 147 440 60 146 441 115 147 442 64 148 443 64 148 444 115 147 445 118 149 446 64 148 447 118 149 448 68 150 449 68 150 450 118 149 451 120 151 452 68 150 453 120 151 454 70 152 455 70 152 456 120 151 457 122 153 458 70 152 459 122 153 460 74 154 461 74 154 462 122 153 463 125 155 464 74 154 465 125 155 466 76 156 467 76 156 468 125 155 469 127 157 470 76 156 471 127 157 472 75 158 473 75 158 474 127 157 475 126 159 476 75 158 477 126 159 478 73 160 479 73 160 480 126 159 481 123 161 482 73 160 483 123 161 484 69 162 485 69 162 486 123 161 487 121 163 488 69 162 489 121 163 490 65 164 491 65 164 492 121 163 493 119 165 494 65 164 495 119 165 496 63 166 497 63 166 498 119 165 499 116 167 500 63 166 501 116 167 502 59 168 503 59 168 504 116 167 505 114 169 506 59 168 507 114 169 508 55 170 509 55 170 510 114 169 511 109 171 512 55 170 513 109 171 514 51 172 515 51 172 516 109 171 517 107 173 518 51 172 519 107 173 520 49 174 521 49 174 522 107 173 523 104 175 524 49 174 525 104 175 526 45 176 527 45 176 528 104 175 529 102 177 530 45 176 531 102 177 532 41 178 533 41 178 534 102 177 535 100 179 536 41 178 537 100 179 538 39 180 539 39 180 540 100 179 541 97 181 542 39 180 543 97 181 544 38 182 545 38 182 546 97 181 547 96 183 548 38 182 549 96 183 550 40 184 551 40 184 552 96 183 553 98 185 554 40 184 555 98 185 556 44 186 557 44 186 558 98 185 559 101 187 560 44 186 561 101 187 562 46 188 563 46 188 564 101 187 565 103 189 566 46 188 567 103 189 568 50 190 569 50 190 570 103 189 571 105 191 572 50 190 573 105 191 574 54 142 575 54 142 576 105 191 577 108 143 578 153 192 579 154 193 580 147 194 581 147 194 582 154 193 583 148 195 584 147 194 585 148 195 586 155 196 587 155 196 588 148 195 589 156 197 590 155 196 591 156 197 592 159 198 593 159 198 594 156 197 595 160 199 596 159 198 597 160 199 598 167 200 599 167 200 600 160 199 601 168 201 602 167 200 603 168 201 604 171 202 605 171 202 606 168 201 607 172 203 608 171 202 609 172 203 610 179 204 611 179 204 612 172 203 613 180 205 614 179 204 615 180 205 616 187 206 617 187 206 618 180 205 619 188 207 620 187 206 621 188 207 622 195 208 623 195 208 624 188 207 625 196 209 626 195 208 627 196 209 628 203 210 629 203 210 630 196 209 631 204 211 632 203 210 633 204 211 634 211 212 635 211 212 636 204 211 637 212 213 638 211 212 639 212 213 640 219 214 641 219 214 642 212 213 643 220 215 644 219 214 645 220 215 646 227 216 647 227 216 648 220 215 649 228 217 650 227 216 651 228 217 652 235 218 653 235 218 654 228 217 655 236 219 656 235 218 657 236 219 658 239 220 659 239 220 660 236 219 661 240 221 662 239 220 663 240 221 664 247 222 665 247 222 666 240 221 667 248 223 668 247 222 669 248 223 670 251 224 671 251 224 672 248 223 673 252 225 674 251 224 675 252 225 676 257 226 677 257 226 678 252 225 679 258 227 680 257 226 681 258 227 682 249 228 683 249 228 684 258 227 685 250 229 686 249 228 687 250 229 688 245 230 689 245 230 690 250 229 691 246 231 692 245 230 693 246 231 694 237 232 695 237 232 696 246 231 697 238 233 698 237 232 699 238 233 700 233 234 701 233 234 702 238 233 703 234 235 704 233 234 705 234 235 706 225 236 707 225 236 708 234 235 709 226 237 710 225 236 711 226 237 712 217 238 713 217 238 714 226 237 715 218 239 716 217 238 717 218 239 718 209 240 719 209 240 720 218 239 721 210 241 722 209 240 723 210 241 724 201 242 725 201 242 726 210 241 727 202 243 728 201 242 729 202 243 730 193 244 731 193 244 732 202 243 733 194 245 734 193 244 735 194 245 736 185 246 737 185 246 738 194 245 739 186 247 740 185 246 741 186 247 742 177 248 743 177 248 744 186 247 745 178 249 746 177 248 747 178 249 748 169 250 749 169 250 750 178 249 751 170 251 752 169 250 753 170 251 754 165 252 755 165 252 756 170 251 757 166 253 758 165 252 759 166 253 760 157 254 761 157 254 762 166 253 763 158 255 764 157 254 765 158 255 766 153 192 767 153 192 768 158 255 769 154 193 770 155 256 771 251 257 772 147 258 773 147 258 774 251 257 775 257 259 776 147 258 777 257 259 778 153 260 779 153 260 780 257 259 781 249 261 782 153 260 783 249 261 784 157 262 785 157 262 786 249 261 787 245 263 788 157 262 789 245 263 790 165 264 791 165 264 792 245 263 793 237 265 794 165 264 795 237 265 796 169 266 797 169 266 798 237 265 799 233 266 800 169 266 801 233 266 802 177 267 803 177 267 804 233 266 805 225 268 806 177 267 807 225 268 808 185 269 809 185 269 810 225 268 811 217 270 812 185 269 813 217 270 814 193 271 815 193 271 816 217 270 817 209 272 818 193 271 819 209 272 820 201 273 821 251 257 822 155 256 823 247 274 824 247 274 825 155 256 826 159 274 827 247 274 828 159 274 829 239 275 830 239 275 831 159 274 832 167 276 833 239 275 834 167 276 835 235 277 836 235 277 837 167 276 838 171 278 839 235 277 840 171 278 841 227 279 842 227 279 843 171 278 844 179 280 845 227 279 846 179 280 847 219 281 848 219 281 849 179 280 850 187 282 851 219 281 852 187 282 853 211 283 854 211 283 855 187 282 856 195 284 857 211 283 858 195 284 859 203 285 860 139 286 861 140 287 862 110 288 863 110 288 864 140 287 865 111 289 866 110 288 867 111 289 868 141 290 869 141 290 870 111 289 871 142 291 872 141 290 873 142 291 874 145 292 875 145 292 876 142 291 877 146 293 878 145 292 879 146 293 880 151 294 881 151 294 882 146 293 883 152 295 884 151 294 885 152 295 886 163 296 887 163 296 888 152 295 889 164 297 890 163 296 891 164 297 892 175 298 893 175 298 894 164 297 895 176 299 896 175 298 897 176 299 898 183 300 899 183 300 900 176 299 901 184 301 902 183 300 903 184 301 904 191 302 905 191 302 906 184 301 907 192 303 908 191 302 909 192 303 910 199 304 911 199 304 912 192 303 913 200 305 914 199 304 915 200 305 916 207 306 917 207 306 918 200 305 919 208 307 920 207 306 921 208 307 922 215 308 923 215 308 924 208 307 925 216 309 926 215 308 927 216 309 928 223 310 929 223 310 930 216 309 931 224 311 932 223 310 933 224 311 934 231 312 935 231 312 936 224 311 937 232 313 938 231 312 939 232 313 940 243 314 941 243 314 942 232 313 943 244 315 944 243 314 945 244 315 946 255 316 947 255 316 948 244 315 949 256 317 950 255 316 951 256 317 952 261 318 953 261 318 954 256 317 955 262 319 956 261 318 957 262 319 958 265 320 959 265 320 960 262 319 961 266 321 962 265 320 963 266 321 964 267 322 965 267 322 966 266 321 967 268 323 968 267 322 969 268 323 970 263 324 971 263 324 972 268 323 973 264 325 974 263 324 975 264 325 976 259 326 977 259 326 978 264 325 979 260 327 980 259 326 981 260 327 982 253 328 983 253 328 984 260 327 985 254 329 986 253 328 987 254 329 988 241 330 989 241 330 990 254 329 991 242 331 992 241 330 993 242 331 994 229 332 995 229 332 996 242 331 997 230 333 998 229 332 999 230 333 1000 221 334 1001 221 334 1002 230 333 1003 222 335 1004 221 334 1005 222 335 1006 213 336 1007 213 336 1008 222 335 1009 214 337 1010 213 336 1011 214 337 1012 205 338 1013 205 338 1014 214 337 1015 206 339 1016 205 338 1017 206 339 1018 197 340 1019 197 340 1020 206 339 1021 198 341 1022 197 340 1023 198 341 1024 189 342 1025 189 342 1026 198 341 1027 190 343 1028 189 342 1029 190 343 1030 181 344 1031 181 344 1032 190 343 1033 182 345 1034 181 344 1035 182 345 1036 173 346 1037 173 346 1038 182 345 1039 174 347 1040 173 346 1041 174 347 1042 161 348 1043 161 348 1044 174 347 1045 162 349 1046 161 348 1047 162 349 1048 149 350 1049 149 350 1050 162 349 1051 150 351 1052 149 350 1053 150 351 1054 143 352 1055 143 352 1056 150 351 1057 144 353 1058 143 352 1059 144 353 1060 139 286 1061 139 286 1062 144 353 1063 140 287 1064 154 354 1065 139 355 1066 148 356 1067 148 356 1068 139 355 1069 110 357 1070 148 356 1071 110 357 1072 141 358 1073 139 355 1074 154 354 1075 143 359 1076 143 359 1077 154 354 1078 158 360 1079 143 359 1080 158 360 1081 149 361 1082 149 361 1083 158 360 1084 166 362 1085 149 361 1086 166 362 1087 161 363 1088 161 363 1089 166 362 1090 170 364 1091 161 363 1092 170 364 1093 173 365 1094 173 365 1095 170 364 1096 178 366 1097 173 365 1098 178 366 1099 181 367 1100 181 367 1101 178 366 1102 186 368 1103 181 367 1104 186 368 1105 189 369 1106 189 369 1107 186 368 1108 194 370 1109 189 369 1110 194 370 1111 197 371 1112 197 371 1113 194 370 1114 202 372 1115 197 371 1116 202 372 1117 205 373 1118 205 373 1119 202 372 1120 210 374 1121 205 373 1122 210 374 1123 213 375 1124 213 375 1125 210 374 1126 218 376 1127 213 375 1128 218 376 1129 221 377 1130 221 377 1131 218 376 1132 226 378 1133 221 377 1134 226 378 1135 229 379 1136 229 379 1137 226 378 1138 234 380 1139 229 379 1140 234 380 1141 241 381 1142 241 381 1143 234 380 1144 238 382 1145 241 381 1146 238 382 1147 253 383 1148 253 383 1149 238 382 1150 246 384 1151 253 383 1152 246 384 1153 259 385 1154 259 385 1155 246 384 1156 250 386 1157 259 385 1158 250 386 1159 263 387 1160 263 387 1161 250 386 1162 258 388 1163 263 387 1164 258 388 1165 267 357 1166 267 357 1167 258 388 1168 265 389 1169 265 389 1170 258 388 1171 252 390 1172 265 389 1173 252 390 1174 261 391 1175 261 391 1176 252 390 1177 248 392 1178 261 391 1179 248 392 1180 255 393 1181 255 393 1182 248 392 1183 240 394 1184 255 393 1185 240 394 1186 243 395 1187 243 395 1188 240 394 1189 236 396 1190 243 395 1191 236 396 1192 231 397 1193 231 397 1194 236 396 1195 228 398 1196 231 397 1197 228 398 1198 223 399 1199 223 399 1200 228 398 1201 220 400 1202 223 399 1203 220 400 1204 215 401 1205 215 401 1206 220 400 1207 212 402 1208 215 401 1209 212 402 1210 207 403 1211 207 403 1212 212 402 1213 204 404 1214 207 403 1215 204 404 1216 199 405 1217 199 405 1218 204 404 1219 196 406 1220 199 405 1221 196 406 1222 191 407 1223 191 407 1224 196 406 1225 188 408 1226 191 407 1227 188 408 1228 183 409 1229 183 409 1230 188 408 1231 180 410 1232 183 409 1233 180 410 1234 175 411 1235 175 411 1236 180 410 1237 172 412 1238 175 411 1239 172 412 1240 163 413 1241 163 413 1242 172 412 1243 168 414 1244 163 413 1245 168 414 1246 151 415 1247 151 415 1248 168 414 1249 160 416 1250 151 415 1251 160 416 1252 145 417 1253 145 417 1254 160 416 1255 156 418 1256 145 417 1257 156 418 1258 141 358 1259 141 358 1260 156 418 1261 148 356 1262 377 419 1263 350 420 1264 404 421 1265 404 421 1266 350 420 1267 323 422 1268 404 421 1269 323 422 1270 296 423 1271 296 423 1272 269 424 1273 404 421 1274 404 421 1275 269 424 1276 254 425 1277 404 421 1278 254 425 1279 260 426 1280 85 427 1281 206 428 1282 269 424 1283 269 424 1284 206 428 1285 214 429 1286 269 424 1287 214 429 1288 222 430 1289 111 431 1290 140 432 1291 85 427 1292 85 427 1293 140 432 1294 144 433 1295 85 427 1296 144 433 1297 150 434 1298 150 434 1299 162 435 1300 85 427 1301 85 427 1302 162 435 1303 174 436 1304 85 427 1305 174 436 1306 182 437 1307 182 437 1308 190 438 1309 85 427 1310 85 427 1311 190 438 1312 198 439 1313 85 427 1314 198 439 1315 206 428 1316 222 430 1317 230 440 1318 269 424 1319 269 424 1320 230 440 1321 242 441 1322 269 424 1323 242 441 1324 254 425 1325 260 426 1326 264 442 1327 404 421 1328 404 421 1329 264 442 1330 268 443 1331 404 421 1332 268 443 1333 426 444 1334 426 444 1335 268 443 1336 266 445 1337 426 444 1338 266 445 1339 262 446 1340 262 446 1341 256 447 1342 426 444 1343 426 444 1344 256 447 1345 294 448 1346 426 444 1347 294 448 1348 321 449 1349 256 447 1350 244 450 1351 294 448 1352 294 448 1353 244 450 1354 232 451 1355 294 448 1356 232 451 1357 224 452 1358 224 452 1359 216 453 1360 294 448 1361 294 448 1362 216 453 1363 208 454 1364 294 448 1365 208 454 1366 137 455 1367 137 455 1368 208 454 1369 200 456 1370 137 455 1371 200 456 1372 192 457 1373 192 457 1374 184 458 1375 137 455 1376 137 455 1377 184 458 1378 176 459 1379 137 455 1380 176 459 1381 164 460 1382 164 460 1383 152 461 1384 137 455 1385 137 455 1386 152 461 1387 146 462 1388 137 455 1389 146 462 1390 142 463 1391 142 463 1392 111 464 1393 137 455 1394 321 449 1395 348 465 1396 426 444 1397 426 444 1398 348 465 1399 375 466 1400 426 444 1401 375 466 1402 402 467 1403 427 468 1404 426 469 1405 403 470 1406 403 470 1407 426 469 1408 402 471 1409 403 470 1410 402 471 1411 376 472 1412 376 472 1413 402 471 1414 375 473 1415 376 472 1416 375 473 1417 349 474 1418 349 474 1419 375 473 1420 348 475 1421 349 474 1422 348 475 1423 322 476 1424 322 476 1425 348 475 1426 321 477 1427 322 476 1428 321 477 1429 295 478 1430 295 478 1431 321 477 1432 294 479 1433 270 480 1434 297 481 1435 271 482 1436 271 482 1437 297 481 1438 298 483 1439 271 482 1440 298 483 1441 272 484 1442 272 484 1443 298 483 1444 299 485 1445 272 484 1446 299 485 1447 273 486 1448 273 486 1449 299 485 1450 300 487 1451 273 486 1452 300 487 1453 274 488 1454 274 488 1455 300 487 1456 301 489 1457 274 488 1458 301 489 1459 275 490 1460 275 490 1461 301 489 1462 302 491 1463 275 490 1464 302 491 1465 276 492 1466 276 492 1467 302 491 1468 303 493 1469 276 492 1470 303 493 1471 277 494 1472 277 494 1473 303 493 1474 304 495 1475 277 494 1476 304 495 1477 278 496 1478 278 496 1479 304 495 1480 305 497 1481 278 496 1482 305 497 1483 279 498 1484 279 498 1485 305 497 1486 306 499 1487 279 498 1488 306 499 1489 280 500 1490 280 500 1491 306 499 1492 307 501 1493 280 500 1494 307 501 1495 281 502 1496 281 502 1497 307 501 1498 308 503 1499 281 502 1500 308 503 1501 282 504 1502 282 504 1503 308 503 1504 309 505 1505 282 504 1506 309 505 1507 283 506 1508 283 506 1509 309 505 1510 310 507 1511 283 506 1512 310 507 1513 284 508 1514 284 508 1515 310 507 1516 311 509 1517 284 508 1518 311 509 1519 285 510 1520 285 510 1521 311 509 1522 312 511 1523 285 510 1524 312 511 1525 286 512 1526 286 512 1527 312 511 1528 313 513 1529 286 512 1530 313 513 1531 287 514 1532 287 514 1533 313 513 1534 314 515 1535 287 514 1536 314 515 1537 288 516 1538 288 516 1539 314 515 1540 315 517 1541 288 516 1542 315 517 1543 289 518 1544 289 518 1545 315 517 1546 316 519 1547 289 518 1548 316 519 1549 290 520 1550 290 520 1551 316 519 1552 317 521 1553 290 520 1554 317 521 1555 291 522 1556 291 522 1557 317 521 1558 318 523 1559 291 522 1560 318 523 1561 292 524 1562 292 524 1563 318 523 1564 319 525 1565 292 524 1566 319 525 1567 293 526 1568 293 526 1569 319 525 1570 320 527 1571 293 526 1572 320 527 1573 295 478 1574 295 478 1575 320 527 1576 322 476 1577 322 476 1578 320 527 1579 347 528 1580 322 476 1581 347 528 1582 349 474 1583 349 474 1584 347 528 1585 374 529 1586 349 474 1587 374 529 1588 376 472 1589 376 472 1590 374 529 1591 401 530 1592 376 472 1593 401 530 1594 403 470 1595 403 470 1596 401 530 1597 427 468 1598 427 468 1599 401 530 1600 425 531 1601 425 531 1602 401 530 1603 400 532 1604 425 531 1605 400 532 1606 424 533 1607 424 533 1608 400 532 1609 399 534 1610 424 533 1611 399 534 1612 423 535 1613 423 535 1614 399 534 1615 398 536 1616 423 535 1617 398 536 1618 422 537 1619 422 537 1620 398 536 1621 397 538 1622 422 537 1623 397 538 1624 421 539 1625 421 539 1626 397 538 1627 396 540 1628 421 539 1629 396 540 1630 420 541 1631 420 541 1632 396 540 1633 395 542 1634 420 541 1635 395 542 1636 419 543 1637 419 543 1638 395 542 1639 394 544 1640 419 543 1641 394 544 1642 393 545 1643 393 545 1644 394 544 1645 367 546 1646 393 545 1647 367 546 1648 366 547 1649 366 547 1650 367 546 1651 340 548 1652 366 547 1653 340 548 1654 339 549 1655 339 549 1656 340 548 1657 313 513 1658 339 549 1659 313 513 1660 312 511 1661 297 481 1662 324 550 1663 298 483 1664 298 483 1665 324 550 1666 325 551 1667 298 483 1668 325 551 1669 299 485 1670 299 485 1671 325 551 1672 326 552 1673 299 485 1674 326 552 1675 300 487 1676 300 487 1677 326 552 1678 327 553 1679 300 487 1680 327 553 1681 301 489 1682 301 489 1683 327 553 1684 328 554 1685 301 489 1686 328 554 1687 302 491 1688 302 491 1689 328 554 1690 329 555 1691 302 491 1692 329 555 1693 303 493 1694 303 493 1695 329 555 1696 330 556 1697 303 493 1698 330 556 1699 304 495 1700 304 495 1701 330 556 1702 331 557 1703 304 495 1704 331 557 1705 305 497 1706 305 497 1707 331 557 1708 332 558 1709 305 497 1710 332 558 1711 306 499 1712 306 499 1713 332 558 1714 333 559 1715 306 499 1716 333 559 1717 307 501 1718 307 501 1719 333 559 1720 334 560 1721 307 501 1722 334 560 1723 308 503 1724 308 503 1725 334 560 1726 335 561 1727 308 503 1728 335 561 1729 309 505 1730 309 505 1731 335 561 1732 336 562 1733 309 505 1734 336 562 1735 310 507 1736 310 507 1737 336 562 1738 337 563 1739 310 507 1740 337 563 1741 311 509 1742 311 509 1743 337 563 1744 338 564 1745 311 509 1746 338 564 1747 312 511 1748 312 511 1749 338 564 1750 339 549 1751 324 550 1752 351 565 1753 325 551 1754 325 551 1755 351 565 1756 352 566 1757 325 551 1758 352 566 1759 326 552 1760 326 552 1761 352 566 1762 353 567 1763 326 552 1764 353 567 1765 327 553 1766 327 553 1767 353 567 1768 354 568 1769 327 553 1770 354 568 1771 328 554 1772 328 554 1773 354 568 1774 355 569 1775 328 554 1776 355 569 1777 329 555 1778 329 555 1779 355 569 1780 356 570 1781 329 555 1782 356 570 1783 330 556 1784 330 556 1785 356 570 1786 357 571 1787 330 556 1788 357 571 1789 331 557 1790 331 557 1791 357 571 1792 358 572 1793 331 557 1794 358 572 1795 332 558 1796 332 558 1797 358 572 1798 359 573 1799 332 558 1800 359 573 1801 333 559 1802 333 559 1803 359 573 1804 360 574 1805 333 559 1806 360 574 1807 334 560 1808 334 560 1809 360 574 1810 361 575 1811 334 560 1812 361 575 1813 335 561 1814 335 561 1815 361 575 1816 362 576 1817 335 561 1818 362 576 1819 336 562 1820 336 562 1821 362 576 1822 363 577 1823 336 562 1824 363 577 1825 337 563 1826 337 563 1827 363 577 1828 364 578 1829 337 563 1830 364 578 1831 338 564 1832 338 564 1833 364 578 1834 365 579 1835 338 564 1836 365 579 1837 339 549 1838 339 549 1839 365 579 1840 366 547 1841 351 565 1842 378 580 1843 352 566 1844 352 566 1845 378 580 1846 379 581 1847 352 566 1848 379 581 1849 353 567 1850 353 567 1851 379 581 1852 380 582 1853 353 567 1854 380 582 1855 354 568 1856 354 568 1857 380 582 1858 381 583 1859 354 568 1860 381 583 1861 355 569 1862 355 569 1863 381 583 1864 382 584 1865 355 569 1866 382 584 1867 356 570 1868 356 570 1869 382 584 1870 383 585 1871 356 570 1872 383 585 1873 357 571 1874 357 571 1875 383 585 1876 384 586 1877 357 571 1878 384 586 1879 358 572 1880 358 572 1881 384 586 1882 385 587 1883 358 572 1884 385 587 1885 359 573 1886 359 573 1887 385 587 1888 386 588 1889 359 573 1890 386 588 1891 360 574 1892 360 574 1893 386 588 1894 387 589 1895 360 574 1896 387 589 1897 361 575 1898 361 575 1899 387 589 1900 388 590 1901 361 575 1902 388 590 1903 362 576 1904 362 576 1905 388 590 1906 389 591 1907 362 576 1908 389 591 1909 363 577 1910 363 577 1911 389 591 1912 390 592 1913 363 577 1914 390 592 1915 364 578 1916 364 578 1917 390 592 1918 391 593 1919 364 578 1920 391 593 1921 365 579 1922 365 579 1923 391 593 1924 392 594 1925 365 579 1926 392 594 1927 366 547 1928 366 547 1929 392 594 1930 393 545 1931 378 580 1932 405 595 1933 379 581 1934 379 581 1935 405 595 1936 406 596 1937 379 581 1938 406 596 1939 380 582 1940 380 582 1941 406 596 1942 407 597 1943 380 582 1944 407 597 1945 381 583 1946 381 583 1947 407 597 1948 408 598 1949 381 583 1950 408 598 1951 382 584 1952 382 584 1953 408 598 1954 409 599 1955 382 584 1956 409 599 1957 383 585 1958 383 585 1959 409 599 1960 410 600 1961 383 585 1962 410 600 1963 384 586 1964 384 586 1965 410 600 1966 411 601 1967 384 586 1968 411 601 1969 385 587 1970 385 587 1971 411 601 1972 412 602 1973 385 587 1974 412 602 1975 386 588 1976 386 588 1977 412 602 1978 387 589 1979 412 602 1980 413 603 1981 387 589 1982 387 589 1983 413 603 1984 388 590 1985 413 603 1986 414 604 1987 388 590 1988 388 590 1989 414 604 1990 389 591 1991 414 604 1992 415 605 1993 389 591 1994 389 591 1995 415 605 1996 390 592 1997 415 605 1998 416 606 1999 390 592 2000 390 592 2001 416 606 2002 391 593 2003 416 606 2004 417 607 2005 391 593 2006 391 593 2007 417 607 2008 392 594 2009 417 607 2010 418 608 2011 392 594 2012 392 594 2013 418 608 2014 393 545 2015 418 608 2016 419 543 2017 393 545 2018 367 546 2019 394 544 2020 368 609 2021 368 609 2022 394 544 2023 395 542 2024 368 609 2025 395 542 2026 369 610 2027 369 610 2028 395 542 2029 396 540 2030 369 610 2031 396 540 2032 370 611 2033 370 611 2034 396 540 2035 397 538 2036 370 611 2037 397 538 2038 371 612 2039 371 612 2040 397 538 2041 398 536 2042 371 612 2043 398 536 2044 372 613 2045 372 613 2046 398 536 2047 399 534 2048 372 613 2049 399 534 2050 373 614 2051 373 614 2052 399 534 2053 400 532 2054 373 614 2055 400 532 2056 374 529 2057 374 529 2058 400 532 2059 401 530 2060 340 548 2061 367 546 2062 341 615 2063 341 615 2064 367 546 2065 368 609 2066 341 615 2067 368 609 2068 342 616 2069 342 616 2070 368 609 2071 369 610 2072 342 616 2073 369 610 2074 343 617 2075 343 617 2076 369 610 2077 370 611 2078 343 617 2079 370 611 2080 344 618 2081 344 618 2082 370 611 2083 371 612 2084 344 618 2085 371 612 2086 345 619 2087 345 619 2088 371 612 2089 372 613 2090 345 619 2091 372 613 2092 346 620 2093 346 620 2094 372 613 2095 373 614 2096 346 620 2097 373 614 2098 347 528 2099 347 528 2100 373 614 2101 374 529 2102 313 513 2103 340 548 2104 314 515 2105 314 515 2106 340 548 2107 341 615 2108 314 515 2109 341 615 2110 315 517 2111 315 517 2112 341 615 2113 342 616 2114 315 517 2115 342 616 2116 316 519 2117 316 519 2118 342 616 2119 343 617 2120 316 519 2121 343 617 2122 317 521 2123 317 521 2124 343 617 2125 344 618 2126 317 521 2127 344 618 2128 318 523 2129 318 523 2130 344 618 2131 345 619 2132 318 523 2133 345 619 2134 319 525 2135 319 525 2136 345 619 2137 346 620 2138 319 525 2139 346 620 2140 320 527 2141 320 527 2142 346 620 2143 347 528 2144 270 480 2145 269 621 2146 297 481 2147 297 481 2148 269 621 2149 296 622 2150 297 481 2151 296 622 2152 324 550 2153 324 550 2154 296 622 2155 323 623 2156 324 550 2157 323 623 2158 351 565 2159 351 565 2160 323 623 2161 350 624 2162 351 565 2163 350 624 2164 378 580 2165 378 580 2166 350 624 2167 377 625 2168 378 580 2169 377 625 2170 405 595 2171 405 595 2172 377 625 2173 404 626 2174 269 621 2175 270 480 2176 85 627 2177 85 627 2178 270 480 2179 86 628 2180 86 628 2181 270 480 2182 87 629 2183 87 629 2184 270 480 2185 271 482 2186 87 629 2187 271 482 2188 88 630 2189 88 630 2190 271 482 2191 272 484 2192 88 630 2193 272 484 2194 89 631 2195 89 631 2196 272 484 2197 273 486 2198 89 631 2199 273 486 2200 90 632 2201 90 632 2202 273 486 2203 274 488 2204 90 632 2205 274 488 2206 91 633 2207 91 633 2208 274 488 2209 275 490 2210 91 633 2211 275 490 2212 92 634 2213 92 634 2214 275 490 2215 276 492 2216 92 634 2217 276 492 2218 93 635 2219 93 635 2220 276 492 2221 277 494 2222 93 635 2223 277 494 2224 94 636 2225 94 636 2226 277 494 2227 278 496 2228 94 636 2229 278 496 2230 95 637 2231 95 637 2232 278 496 2233 279 498 2234 95 637 2235 279 498 2236 99 638 2237 99 638 2238 279 498 2239 280 500 2240 99 638 2241 280 500 2242 106 639 2243 106 639 2244 280 500 2245 281 502 2246 106 639 2247 281 502 2248 113 640 2249 113 640 2250 281 502 2251 282 504 2252 113 640 2253 282 504 2254 117 641 2255 117 641 2256 282 504 2257 283 506 2258 117 641 2259 283 506 2260 124 642 2261 124 642 2262 283 506 2263 284 508 2264 124 642 2265 284 508 2266 128 643 2267 128 643 2268 284 508 2269 285 510 2270 128 643 2271 285 510 2272 129 644 2273 129 644 2274 285 510 2275 286 512 2276 129 644 2277 286 512 2278 130 645 2279 130 645 2280 286 512 2281 287 514 2282 130 645 2283 287 514 2284 131 646 2285 131 646 2286 287 514 2287 288 516 2288 131 646 2289 288 516 2290 132 647 2291 132 647 2292 288 516 2293 289 518 2294 132 647 2295 289 518 2296 133 648 2297 133 648 2298 289 518 2299 290 520 2300 133 648 2301 290 520 2302 134 649 2303 134 649 2304 290 520 2305 291 522 2306 134 649 2307 291 522 2308 135 650 2309 135 650 2310 291 522 2311 292 524 2312 135 650 2313 292 524 2314 136 651 2315 136 651 2316 292 524 2317 293 526 2318 136 651 2319 293 526 2320 138 652 2321 138 652 2322 293 526 2323 295 478 2324 295 478 2325 294 479 2326 138 652 2327 138 652 2328 294 479 2329 137 653 2330 108 654 2331 106 655 2332 112 656 2333 112 656 2334 106 655 2335 113 657 2336 112 656 2337 113 657 2338 117 658 2339 106 655 2340 108 654 2341 99 659 2342 99 659 2343 108 654 2344 105 660 2345 99 659 2346 105 660 2347 95 661 2348 95 661 2349 105 660 2350 103 662 2351 95 661 2352 103 662 2353 94 663 2354 94 663 2355 103 662 2356 93 664 2357 93 664 2358 103 662 2359 101 665 2360 93 664 2361 101 665 2362 92 666 2363 92 666 2364 101 665 2365 91 667 2366 91 667 2367 101 665 2368 98 668 2369 91 667 2370 98 668 2371 90 669 2372 90 669 2373 98 668 2374 89 670 2375 89 670 2376 98 668 2377 96 671 2378 89 670 2379 96 671 2380 88 672 2381 88 672 2382 96 671 2383 87 673 2384 87 673 2385 96 671 2386 86 674 2387 86 674 2388 96 671 2389 97 675 2390 86 674 2391 97 675 2392 100 676 2393 100 676 2394 102 677 2395 86 674 2396 86 674 2397 102 677 2398 85 678 2399 85 678 2400 102 677 2401 104 679 2402 85 678 2403 104 679 2404 111 680 2405 111 680 2406 104 679 2407 107 681 2408 111 680 2409 107 681 2410 109 682 2411 109 682 2412 114 683 2413 111 680 2414 111 680 2415 114 683 2416 116 684 2417 111 680 2418 116 684 2419 119 685 2420 111 680 2421 119 685 2422 137 686 2423 137 686 2424 119 685 2425 121 687 2426 137 686 2427 121 687 2428 138 688 2429 138 688 2430 121 687 2431 123 689 2432 138 688 2433 123 689 2434 126 690 2435 126 690 2436 127 691 2437 138 688 2438 138 688 2439 127 691 2440 136 669 2441 136 669 2442 127 691 2443 135 669 2444 135 669 2445 127 691 2446 134 669 2447 134 669 2448 127 691 2449 125 692 2450 134 669 2451 125 692 2452 133 669 2453 133 669 2454 125 692 2455 132 693 2456 132 693 2457 125 692 2458 122 694 2459 132 693 2460 122 694 2461 131 669 2462 131 669 2463 122 694 2464 130 695 2465 130 695 2466 122 694 2467 120 696 2468 130 695 2469 120 696 2470 129 669 2471 129 669 2472 120 696 2473 128 697 2474 128 697 2475 120 696 2476 118 698 2477 128 697 2478 118 698 2479 124 699 2480 124 699 2481 118 698 2482 115 700 2483 124 699 2484 115 700 2485 117 658 2486 117 658 2487 115 700 2488 112 656 2489 404 626 2490 427 468 2491 405 595 2492 405 595 2493 427 468 2494 415 605 2495 405 595 2496 415 605 2497 414 604 2498 404 626 2499 426 469 2500 427 468 2501 425 531 2502 424 533 2503 427 468 2504 427 468 2505 424 533 2506 423 535 2507 427 468 2508 423 535 2509 422 537 2510 422 537 2511 421 539 2512 427 468 2513 427 468 2514 421 539 2515 420 541 2516 427 468 2517 420 541 2518 419 543 2519 419 543 2520 418 608 2521 427 468 2522 427 468 2523 418 608 2524 417 607 2525 427 468 2526 417 607 2527 416 606 2528 416 606 2529 415 605 2530 427 468 2531 414 604 2532 413 603 2533 405 595 2534 405 595 2535 413 603 2536 412 602 2537 405 595 2538 412 602 2539 411 601 2540 411 601 2541 410 600 2542 405 595 2543 405 595 2544 410 600 2545 409 599 2546 405 595 2547 409 599 2548 408 598 2549 408 598 2550 407 597 2551 405 595 2552 405 595 2553 407 597 2554 406 596 2555</p>
        </triangles>
      </mesh>
    </geometry>
  </library_geometries>
  <library_visual_scenes>
    <visual_scene id="Scene" name="Scene">
      <node id="MPO-700_DLR_Simu_V2_4_6_MPO-700_DLR_Gearbox_V2_4_6" name="MPO-700_DLR_Simu_V2.4.6_MPO-700_DLR_Gearbox_V2.4.6" type="NODE">
        <matrix sid="transform">-4.37114e-8 -1 -3.25841e-7 0 -1 4.37114e-8 1.4243e-14 0 0 3.25841e-7 -1 0 0 0 0 1</matrix>
        <instance_geometry url="#MPO-700_DLR_Simu_V2_4_6_MPO-700_DLR_Gearbox_V2_4_6-mesh" name="MPO-700_DLR_Simu_V2.4.6_MPO-700_DLR_Gearbox_V2.4.6">
          <bind_material>
            <technique_common>
              <instance_material symbol="_91_191_191-material" target="#_91_191_191-material">
                <bind_vertex_input semantic="UVMap" input_semantic="TEXCOORD" input_set="0"/>
              </instance_material>
            </technique_common>
          </bind_material>
        </instance_geometry>
      </node>
    </visual_scene>
  </library_visual_scenes>
  <scene>
    <instance_visual_scene url="#Scene"/>
  </scene>
</COLLADA>